Project_Type,Location,Planned_Cost,Actual_Cost,Cost_Overrun,Planned_Duration,Actual_Duration,Schedule_Deviation,Vibration_Level,Crack_Width,Load_Bearing_Capacity,Temperature,Humidity,Weather_Condition,Air_Quality_Index,Energy_Consumption,Material_Usage,Labor_Hours,Equipment_Utilization,Accident_Count,Safety_Risk_Score,Image_Analysis_Score,Anomaly_Detected,Completion_Percentage,Risk_Level,Project_Duration_Days,Start_Year,Start_Month,Start_Quarter,Cost_Overrun_Pct,Cost_Efficiency,Schedule_Overrun_Pct,Duration_Efficiency,Risk_Composite
Tunnel,Houston,12260784,15054504.04588933,2793720.045889329,699,813.9148521081487,114.9148521081487,1.5341721708884293,2.809384781207566,471.1973805508,18.54155503456163,49.88337244454125,Snowy,210,25202.994686520688,244.8433100821766,6602,76.30018368028198,8,6.192198171085414,52.98833038206731,0,95.00634309593885,High,634,2020,1,1,22.7858,0.8144,16.4399,0.8588,14.6061
Dam,Houston,2369277,3507053.961511834,1137776.961511834,269,384.11822075374016,115.11822075374016,0.6879788952477465,3.704416033609928,355.1551256914909,23.316771914743462,58.641272060695584,Snowy,195,49066.17254158934,263.12302545953946,7121,63.5276712992073,5,2.134473480571662,50.88574547544846,0,25.294824196748536,Low,339,2020,1,1,48.0221,0.6756,42.7949,0.7003,28.672
Building,Houston,23299783,21692126.70151073,-1607656.2984892651,899,1081.7779150556507,182.77791505565077,0.9511461471261607,3.309301561075028,236.4934156101665,42.957877170099536,36.16591652191211,Cloudy,127,48192.54716294946,608.9850231576941,9956,47.09944438018829,2,3.113728236987405,93.9058361052841,0,97.47882974761043,Medium,702,2020,1,1,-6.8999,1.0741,20.3312,0.831,7.1221
Dam,Houston,24499306,29469660.49818943,4970354.498189431,809,974.5656546567312,165.56565465673134,0.870396185027795,1.7776489857600382,360.2903940074368,22.420894170128577,72.04517750453527,Cloudy,71,19811.15175002361,673.574343785492,3725,86.84639409323137,5,4.070100814428829,90.4543157901672,1,95.09813073766652,High,829,2020,1,1,20.2877,0.8313,20.4655,0.8301,14.04
Dam,Seattle,1749971,2329338.0435899943,579367.0435899943,354,347.99012671864625,-6.009873281353748,1.969769981536377,4.044292695167827,204.7908363423666,15.9144907657978,57.23918227895473,Cloudy,113,44866.56516875615,765.476122299279,4368,61.82716309594343,6,2.7593506572715265,78.39106902502354,0,43.62498505663142,Low,769,2020,1,1,33.1072,0.7513,-1.6977,1.0173,11.684
Road,Seattle,16711072,23689353.014092717,6978281.014092714,255,379.859149759289,124.85914975928904,0.6552730178048369,1.4735068494276398,174.76628735713376,21.53708942437371,76.63241851682392,Sunny,70,43142.51183970422,262.9453244249328,4497,84.16324086896738,6,2.3512046124702297,99.9361627268857,0,98.45922625200576,Low,256,2020,1,1,41.7584,0.7054,48.9644,0.6713,28.8871
Building,Los Angeles,47109273,47465106.63488769,355833.63488768786,792,831.5871177408679,39.58711774086794,0.660152752858857,2.8560645887575857,498.5074750706059,41.03453464241149,74.65129110200688,Cloudy,178,14480.617879740328,963.1063780879912,9174,70.77873051486051,7,1.5237799311725833,97.65260361008204,0,13.225973709210466,Low,688,2020,1,1,0.7553,0.9925,4.9984,0.9524,3.4309
Building,New York,42776934,59032258.28350513,16255324.283505129,842,794.8635268805913,-47.13647311940872,0.773641596774354,3.7269886957076976,387.8556040309045,35.56079800809054,35.050333778902,Rainy,290,33093.06803524714,674.865330660314,6642,84.31972321370952,3,8.85792309048037,82.75544853573533,0,69.46754994219683,High,620,2020,1,1,38.0002,0.7246,-5.5982,1.0593,13.7716
Building,Houston,25527188,31439903.658478525,5912715.658478525,579,751.4770068939876,172.47700689398755,1.172728754451611,1.8947795490625376,340.123989821818,7.763830335009441,70.09448853904337,Cloudy,156,8270.704201541668,862.3422269834994,9774,94.43737368715432,0,3.600490761683683,73.22872835201267,0,33.95330238379679,Medium,433,2020,1,1,23.1624,0.8119,29.7888,0.7705,16.6055
Dam,Los Angeles,5460276,6213423.931488857,753147.9314888567,250,314.3049555235309,64.30495552353091,0.5794132141011159,1.5138380380871252,209.88033944869343,3.048990001142549,76.003808556596,Rainy,165,42651.982426255774,586.0591437557546,5766,95.26177096322812,5,3.612885435402096,57.60853580565648,0,21.651678693578766,Medium,499,2020,1,1,13.7932,0.8788,25.722,0.7954,13.5771
Tunnel,New York,42011120,41130105.52286384,-881014.4771361649,359,412.5223738700374,53.52237387003743,1.8390508867206203,2.296730050864113,72.12237311977167,4.444848680134049,44.22750685476765,Stormy,173,12854.564757657345,472.84916283089433,5633,72.10640680003621,7,2.856053236871399,75.77969026271762,0,61.9781432449462,Low,442,2020,1,1,-2.0971,1.0214,14.9087,0.8703,6.4438
Building,Chicago,27507881,39038564.55952264,11530683.559522636,303,349.4545481195073,46.45454811950731,0.6048025732459006,4.089817471745768,63.97559421582002,17.743157184336717,32.08263790315922,Sunny,192,8186.661562359402,979.4646159354965,2821,70.69050188593832,4,5.278576346774947,57.88718364427636,0,37.57152773666749,Medium,776,2020,1,1,41.9177,0.7046,15.3315,0.8671,19.0305
Dam,Seattle,43428797,43184029.03894536,-244767.96105463803,560,767.7814774716009,207.78147747160085,1.80204988996437,4.649608815728324,299.3815649519595,30.92271981757178,20.18425089057117,Sunny,85,23009.859299246506,623.9092337378524,2185,55.94070793017024,2,5.628177711301352,69.92256521230945,1,70.0142809430036,High,837,2020,1,1,-0.5636,1.0057,37.1038,0.7294,12.6568
Road,New York,28445000,30887649.393121697,2442649.393121697,472,480.2258196762206,8.225819676220624,0.2966026209285108,2.725417064299451,392.91472446757297,17.677056395062916,51.56325571652037,Snowy,96,30961.49623698396,880.186224519261,2637,96.14798989175748,3,2.8745322276257204,97.13240542163754,0,58.59829469029783,Low,733,2020,1,1,8.5873,0.9209,1.7428,0.9829,4.2739
Tunnel,Chicago,18962327,20366057.233176406,1403730.2331764065,374,520.6648447712332,146.66484477123322,1.3474691345593397,3.307331026618259,291.8206356997348,-6.271198229453807,44.67029120771891,Stormy,231,43471.26313518969,957.9631567296608,8236,67.47515003197725,7,6.477133040772855,67.09894946678187,0,45.33304608177935,High,553,2020,1,1,7.4027,0.9311,39.2152,0.7183,16.6808
Road,New York,39516260,56225648.12564082,16709388.125640815,407,524.7240452131634,117.72404521316344,1.8232724850326631,4.516368111194571,428.3532823726016,29.79693852419895,58.84368836777863,Rainy,263,48840.91364847814,707.8191643077934,9380,47.65547435724263,5,7.506999636343742,57.63936368217336,0,26.363994518340814,High,816,2020,1,1,42.2848,0.7028,28.9248,0.7756,23.8643
Tunnel,Seattle,15226224,19849237.48517723,4623013.48517723,610,702.342937203306,92.34293720330596,0.4206239329566361,0.4927342570647119,65.04193989194974,34.32835707690246,33.162876481215,Stormy,81,24777.163065643865,594.0448106668075,2746,65.962294877593,4,4.364560773689068,79.11983021181074,0,64.11251777249589,Medium,346,2020,1,1,30.3622,0.7671,15.1382,0.8685,15.323
Dam,Seattle,34034792,46900244.186206646,12865452.186206646,615,722.5125595194476,107.51255951944756,1.9398212241885848,1.1603928893308253,215.03843439167304,5.92238258158458,80.17658833665325,Sunny,235,7720.111534337159,103.15976581958556,6797,47.62319501428024,8,6.269065271716948,80.11820870637361,1,84.63075665279965,High,638,2020,1,1,37.8009,0.7257,17.4817,0.8512,19.4386
Bridge,Los Angeles,25509968,26792628.04993433,1282660.049934331,640,674.5525275594607,34.552527559460714,0.960478384789472,3.544500031257912,156.68167602838014,26.526915660584272,38.04286509396768,Rainy,223,38710.20105616418,136.0176766651054,9089,70.1519010554245,9,5.520717146480017,59.6902121233958,0,64.00040216583531,Medium,459,2020,1,1,5.0281,0.9521,5.3988,0.9488,6.0322
Tunnel,Houston,20170135,25715398.46824597,5545263.468245968,797,1076.9610738956935,279.9610738956935,1.8968587060379465,4.118722309561498,251.2728356707049,13.462554557991634,35.8500723561355,Stormy,103,30432.796530077183,280.7660944460047,3620,73.67653089137272,2,2.75993558520492,59.82932937909801,1,64.94703001963171,Medium,879,2020,1,1,27.4924,0.7844,35.1269,0.74,19.7378
Road,New York,2500948,3108797.383830835,607849.3838308351,200,241.54496907663213,41.54496907663213,1.3859580828970892,4.285145141652889,82.56937693735512,38.90156456500936,53.64998395390492,Sunny,210,25155.11051800084,267.40758867039574,8597,60.26534568961512,6,7.5700988989712,99.47748956624136,0,56.06536277329914,High,481,2020,1,1,24.3048,0.8045,20.7725,0.828,16.2372
Dam,New York,7327090,10255714.875276944,2928624.875276944,243,265.4805923329272,22.480592332927188,0.6730150527597479,2.0755358842746627,479.3592387069826,36.48740569884069,54.9195716620992,Rainy,299,18917.099545648536,329.2829156798608,9002,44.29903685388908,8,8.213077250416426,62.1640536431106,0,44.94161055954625,High,710,2020,1,1,39.9698,0.7144,9.2513,0.9153,18.0089
Tunnel,Chicago,21885050,31594401.373791244,9709351.373791244,344,432.6247438930601,88.6247438930601,0.4577747973425021,0.4466995114593342,150.46493048121243,18.898759907030325,35.055966014956496,Rainy,282,27607.933752959107,374.44117392789474,7107,96.61021213799437,3,6.839138040284508,91.9096017391792,0,51.17122374701916,High,759,2020,1,1,44.3652,0.6927,25.763,0.7951,23.0063
Bridge,Seattle,32834022,29790113.221282497,-3043908.778717503,206,308.4727782735435,102.4727782735435,0.6770965878276888,2.1889073864981,465.0384989676131,28.0328050197477,39.0302508708141,Sunny,216,20240.582200566398,424.0589441956554,3793,86.40118680900578,9,3.9150642499394617,73.51619127729897,1,99.05875814080738,Medium,397,2020,1,1,-9.2706,1.1022,49.7441,0.6678,17.5062
Bridge,New York,40391628,52687322.301127724,12295694.301127724,490,568.9671102190268,78.96711021902684,0.2767330775990825,1.153672951035269,241.6519197665068,38.58423355621572,31.879366740867145,Rainy,72,39065.53404863121,478.4839210619889,3500,90.33286483030726,9,9.34113244968371,71.7494619456364,1,77.4701651894761,High,281,2020,1,1,30.4412,0.7666,16.1157,0.8612,17.6353
Building,Seattle,16226559,15108573.091637058,-1117985.9083629418,464,673.9204859767677,209.9204859767677,0.3733491360523265,1.4559822749831208,493.4858599648481,17.26443555430515,70.29221248262166,Sunny,220,29475.21634216885,188.9797046104132,9361,62.01210365717377,2,5.098225491956119,64.74812080818762,0,48.7503517581995,Medium,733,2020,1,1,-6.8899,1.074,45.2415,0.6885,14.9921
Building,New York,37257426,45801120.05914702,8543694.059147023,839,928.7814772180268,89.78147721802668,0.2988548366583141,3.861337784187529,299.32627255709485,7.228790726885208,73.90623218778573,Cloudy,232,44458.14983693504,138.12573875750385,5925,85.64986180116703,0,3.3929063684658805,88.69128984461653,0,51.15667599590684,Medium,467,2020,1,1,22.9315,0.8135,10.701,0.9033,10.7683
Road,Los Angeles,28870540,30965953.325498804,2095413.3254988045,460,429.1062271112961,-30.893772888703893,0.9035927331089596,0.3776354301294343,468.8747888791133,31.45163758502697,52.36299482214978,Cloudy,51,29459.47615922489,706.5500041657211,2080,69.12237371015166,8,4.674111587397609,94.03304392207774,0,54.9668806974768,Medium,346,2020,1,1,7.258,0.9323,-6.716,1.072,4.7122
Tunnel,Houston,33434302,36244988.68497379,2810686.6849737912,343,350.73302549062265,7.733025490622651,1.6115989148894143,4.13790608740351,52.40704491240028,2.103644013158048,69.98609158795122,Rainy,243,15721.808600296852,583.6013423587699,5864,52.06500930436276,0,7.228675827173888,63.056373077954014,0,69.33827749409316,High,800,2020,1,1,8.4066,0.9225,2.2545,0.978,4.6441
Tunnel,New York,40112237,44595786.38498775,4483549.384987749,403,463.9404856566341,60.94048565663411,0.3686287530110463,2.138345429120845,386.707462781405,11.369213140332311,71.5154774356212,Rainy,215,43299.1347004465,499.7297819981077,5453,47.4654026144328,1,8.613386070933242,54.7548334674557,0,51.936241079396325,High,215,2020,1,1,11.1775,0.8995,15.1217,0.8686,9.8124
Building,Seattle,39456876,50219743.87313207,10762867.873132072,325,335.32881107594096,10.328811075940962,0.3476088230274382,2.980319655502975,456.372793896132,37.61499804087365,29.6792869374466,Sunny,296,30074.857021851974,670.9959470515171,3248,60.70305215932341,8,4.209179493545854,56.845977644280495,0,71.7561206595319,Medium,532,2020,1,1,27.2775,0.7857,3.1781,0.9692,11.5785
Tunnel,Los Angeles,17969728,19774427.412886277,1804699.412886273,209,188.12847059256924,-20.87152940743076,1.3225150040829283,0.448261156178395,112.87425514052931,29.843228714812327,87.63246173841758,Rainy,292,14307.846716460255,844.9114664831865,2325,48.25312668850838,4,3.0936200140843724,89.6401767383122,0,39.62690259830631,Medium,855,2020,2,1,10.043,0.9087,-9.9864,1.1109,4.4316
Tunnel,New York,48718418,65264139.36891625,16545721.36891625,224,324.5762066732677,100.57620667326768,0.4746476657393259,1.686795391786398,93.25663327946816,12.209605288612458,77.47223629675017,Snowy,206,33057.85144802999,484.92361820458416,4873,99.89613857224413,3,6.638438186516844,71.79134556598129,0,46.95756688190116,High,252,2020,2,1,33.9619,0.7465,44.9001,0.6901,25.5863
Bridge,Chicago,21491595,24558798.74229747,3067203.7422974706,650,914.1129703800624,264.1129703800624,0.285459072407084,0.4485045950742289,241.05767323368,1.8109476324596567,34.31384228370764,Cloudy,293,21097.25442240924,677.0075185467814,2688,42.951339413921325,8,9.290935900956567,56.59573292053614,0,87.76478122334625,High,827,2020,2,1,14.2716,0.8751,40.6328,0.7111,19.9295
Building,Houston,32175239,30277283.43383268,-1897955.566167321,213,286.56494718403184,73.56494718403184,0.4170122985905975,4.807718614405548,470.1555077598208,9.57826149577301,33.03155250222492,Rainy,159,42998.25255314296,958.2150014516428,3985,66.4686159621446,8,2.6496402720347945,67.01441032098123,1,39.60150892313884,Medium,532,2020,2,1,-5.8988,1.0627,34.5375,0.7433,12.4912
Dam,New York,6845447,9380014.177471982,2534567.1774719823,832,832.5730461464976,0.5730461464976315,1.8550896521658744,4.036308246631252,294.07395208569744,5.625728207508814,28.79628019057079,Rainy,173,25398.488239094426,855.6620462754047,3076,67.12561134342305,1,8.227174440694299,75.71177414265264,0,96.79930598575017,High,249,2020,2,1,37.0256,0.7298,0.0689,0.9993,12.9738
Building,Los Angeles,47847988,51266965.73160714,3418977.731607139,606,589.164196309951,-16.835803690049033,1.6607953802747626,2.298163771782301,287.3554086747795,-0.3150891630880341,29.68649937793429,Stormy,116,37689.86111483375,483.4007294521685,2461,58.037915714900535,2,5.289464633387357,92.60258419225042,0,25.525445228640365,Medium,604,2020,2,1,7.1455,0.9333,-2.7782,1.0286,3.6015
Dam,Chicago,36103852,41868197.62293216,5764345.622932158,400,376.225139873372,-23.774860126628028,0.7727226684746787,1.1180127416183554,113.50675323469484,30.883310246111115,72.37132593200873,Rainy,280,9299.129343630671,680.2451540332687,1072,74.28109394241672,2,8.195612535658825,82.08716271125874,0,31.751183413645546,High,887,2020,2,1,15.966,0.8623,-5.9437,1.0632,6.8289
Bridge,Los Angeles,12737532,16702296.83804594,3964764.83804594,713,951.4396869570558,238.43968695705576,1.3460594579220464,4.667275526249261,50.35527999194846,3.863843776759433,52.87579798661365,Snowy,120,22821.095583605576,259.3638297243458,7030,48.99862144909268,4,5.549870347959618,58.80164005400004,0,51.73117756794171,High,740,2020,2,1,31.1266,0.7626,33.4418,0.7494,21.2805
Road,Los Angeles,49491820,54414954.17249746,4923134.172497459,871,1269.2950402554886,398.29504025548863,1.1208237799692724,1.722982978634859,414.5630408354576,14.97921085922701,74.80539209179071,Cloudy,213,49245.86464125794,604.4699664055809,5611,87.03474283523403,2,4.3959499687199735,57.93513561791682,0,81.76678534498326,Medium,821,2020,2,1,9.9474,0.9095,45.7285,0.6862,17.982
Tunnel,Chicago,9312934,8697827.688624633,-615106.3113753665,546,632.4435349311109,86.44353493111089,1.3865361006168715,0.8049221584368738,89.4085533438072,11.222269575985996,72.23784260451438,Stormy,78,41380.71302647168,983.1954620245986,3796,59.9468630948583,9,7.270669001886857,70.61671078166613,1,75.84179298655003,High,696,2020,2,1,-6.6049,1.0707,15.8321,0.8633,8.0038
Bridge,Los Angeles,4900379,5509754.007863763,609375.0078637628,729,708.2121299310716,-20.78787006892844,1.3970751896792428,2.8158219422697743,335.2324184308958,44.0142558249597,62.32288994536551,Sunny,168,12197.33610651179,566.4836036822701,8717,75.48055538791851,5,9.105645651354076,53.759642385087815,0,25.701941585295074,High,607,2020,2,1,12.4353,0.8894,-2.8516,1.0294,6.5517
Tunnel,Chicago,38358841,56259728.70974768,17900887.70974768,761,918.85856194628,157.8585619462799,1.2945946286139869,4.71887060172408,461.5774045318362,11.510073428152127,68.04566246050757,Sunny,214,17499.38222647648,934.8744692711324,5516,82.93835416401757,1,3.8822655733316296,87.77885976419364,0,31.301652337105324,Medium,718,2020,2,1,46.6669,0.6818,20.7436,0.8282,21.1996
Road,New York,12353540,15874800.927842176,3521260.927842177,295,327.2432476201776,32.24324762017756,0.6055926002208862,0.0191514525016128,143.89336092129395,-5.600963446178486,21.28490070653993,Cloudy,162,19841.71139853625,466.6014284529346,3493,93.34252706140968,5,5.1467332149493465,70.07269101518861,0,61.773669014575376,Medium,339,2020,2,1,28.5041,0.7782,10.9299,0.9015,13.8595
Road,Chicago,7722055,10060968.85041681,2338913.8504168093,418,470.2060910269794,52.20609102697944,0.1741121994493544,1.1906242162699936,349.37277630660986,-5.0595836085353785,41.82443527635154,Sunny,299,34266.450222295054,998.960344466168,5231,90.147246187132,5,3.0646056402687023,67.15118863906952,0,36.56482707688326,Medium,328,2020,2,1,30.2887,0.7675,12.4895,0.889,14.4464
Bridge,Chicago,16056024,20541584.060146578,4485560.060146578,514,654.2183644896202,140.21836448962017,0.9655768857812068,4.692238202052038,85.41435951837926,22.491454674418563,64.64755254815871,Snowy,277,39064.7641770345,621.298031704802,4576,76.49854168621357,1,2.650685172556157,75.45541661957179,1,48.00927920316431,Medium,409,2020,2,1,27.9369,0.7816,27.2798,0.7857,17.2951
Road,Houston,49968538,50937691.95437754,969153.9543775396,620,825.3631381335393,205.3631381335393,1.7928503809123373,0.8554298342858102,321.6898147269258,22.964995345604606,20.65414674403709,Rainy,264,38728.69739635594,138.0420948123411,9100,63.30359082303322,5,8.001011281529577,85.44784018814238,0,53.7934757938326,High,891,2020,2,1,1.9395,0.981,33.1231,0.7512,13.119
Dam,Chicago,10035949,11551380.49506205,1515431.4950620497,327,316.0004260989142,-10.999573901085796,1.1820447911852945,0.5662172581990993,123.76927442894124,13.031744476546024,22.30838605778154,Cloudy,94,27944.332533788125,628.0793170222493,6728,70.19228020449783,5,2.805977050195982,78.4673472246526,0,63.48214048153642,Low,741,2020,2,1,15.1,0.8688,-3.3638,1.0348,6.0912
Road,Chicago,19298198,26063449.14893724,6765251.1489372365,188,173.21457803497054,-14.785421965029457,1.6815429792336252,2.8509360789990223,381.1791022318301,13.751403077161632,79.63215877292683,Stormy,65,41486.92420271681,347.11542611163696,1032,86.12408760272815,5,8.13986354201005,90.12013908609936,0,32.59461919953388,High,246,2020,2,1,35.0564,0.7404,-7.8646,1.0854,13.1449
Tunnel,New York,33672748,32353575.620002408,-1319172.3799975924,467,698.9113508125373,231.9113508125373,1.9840862516263336,4.309219116474149,185.5540826572587,-7.033707943752083,67.88174031844503,Rainy,289,24668.513724086377,129.23318983230524,5373,92.65273255356838,4,4.862953466562381,81.46812819350588,0,24.68261291994636,Medium,560,2020,2,1,-3.9176,1.0408,49.6598,0.6682,16.6705
Tunnel,Houston,7281646,7767416.733361529,485770.7333615292,567,589.4741843010706,22.47418430107064,0.4108707878627249,2.385549088469631,258.5259539620908,18.410058071409424,38.57588131842408,Sunny,80,10574.625438300283,838.767974225197,4598,46.22691569060032,6,9.955438510669442,89.39851337041318,0,45.87070490146238,High,237,2020,2,1,6.6712,0.9375,3.9637,0.9619,6.3816
Tunnel,Seattle,40980720,43676901.60881326,2696181.6088132635,229,213.49631412242223,-15.503685877577738,1.4143775143697663,4.972821283422624,319.7437439124297,17.760671145919343,68.15739880830964,Sunny,211,30399.8828744216,348.15667328268034,3392,63.09137574958321,4,2.7760727637216034,84.83911367823374,1,17.382360237004008,Medium,438,2020,2,1,6.5791,0.9383,-6.7702,1.0726,3.3289
Tunnel,New York,44144878,51173243.91141018,7028365.911410183,696,705.6919374304563,9.691937430456278,1.381157790030047,3.3958584976899644,127.0730347998078,-1.774787479368051,75.47196683974843,Stormy,99,47853.56230704981,816.8936986418487,7705,86.56699590481003,0,1.836801932615434,59.65614201318682,0,57.4088653981821,Low,521,2020,2,1,15.9211,0.8627,1.3925,0.9863,5.5614
Dam,New York,29751505,44276821.79879107,14525316.798791071,817,754.3971362800172,-62.60286371998279,1.9619153499807287,0.3703745360522387,383.7370183779294,-4.288833763898984,41.47559981770709,Snowy,242,40684.71431266301,359.39582466028025,7790,65.89910575563766,8,1.6788976264314606,52.61772250928994,0,85.56446433114769,Low,309,2020,2,1,48.8221,0.6719,-7.6625,1.083,16.5824
Building,Seattle,22958593,21592591.79746642,-1366001.2025335804,766,869.4762871660522,103.4762871660522,1.9726413945103207,4.9641606584098765,186.18815328656652,-3.2035130170280226,22.522616424943124,Stormy,259,31041.529146150908,274.8937184863969,3677,59.93366584397703,2,8.518762042517807,95.16984002516908,0,20.70780934894467,High,351,2020,2,1,-5.9498,1.0633,13.5087,0.881,6.1564
Bridge,Chicago,39835523,48249605.93506263,8414082.935062632,856,1182.5135564942002,326.5135564942002,1.404689362275846,2.039471183900952,348.06733696073906,-4.443446442980782,85.29453872814142,Cloudy,171,34106.254715709365,976.5420166939848,2401,64.67936180939617,1,4.939986799525091,97.2828082691042,1,20.14574789165761,High,793,2020,2,1,21.1221,0.8256,38.1441,0.7239,18.9679
Tunnel,Los Angeles,38962717,39259566.50702205,296849.507022053,457,504.86922812356704,47.86922812356704,0.5628681047661691,1.4370126692274128,121.22737281471814,23.53395075452179,44.162588680694135,Stormy,239,46875.29121660077,425.4807949795176,1817,76.17068480718105,9,1.0281191468263446,86.34661483157362,0,17.219601898061693,Low,388,2020,2,1,0.7619,0.9924,10.4747,0.9052,5.3766
Road,Houston,15945952,23638373.76037776,7692421.760377761,479,558.7583111368426,79.75831113684262,1.6172560924481385,2.789395917889428,359.6529466428576,0.806545882160524,27.453723429929447,Sunny,281,24275.42574957322,641.2385902988444,7203,99.9883086480281,5,8.872942262530024,86.21029113479744,0,86.30751607857118,High,533,2020,2,1,48.2406,0.6746,16.651,0.8573,22.2421
Tunnel,Los Angeles,14363838,13903938.112042518,-459899.88795748167,768,1002.5103852598758,234.51038525987576,0.3033553550009724,1.5215379591043217,107.6846327647078,3.8286583703104906,54.42998099752032,Snowy,220,19912.736252418683,648.9833435330244,5562,69.5795457462719,7,8.892289062192742,63.50735402470548,0,17.26344054353467,High,650,2020,2,1,-3.2018,1.0331,30.5352,0.7661,12.339
Road,Seattle,28550115,32608816.51892322,4058701.5189232193,828,998.0185740107164,170.01857401071652,1.5833286779260944,0.4322875356007616,241.41042332149263,-0.4535320716708142,73.79274569648936,Snowy,233,48975.870425020206,604.4261339561516,5723,52.50966849725563,1,8.257750066169118,77.12208544409164,0,98.51158318459623,High,295,2020,2,1,14.2161,0.8755,20.5336,0.8296,12.2765
Road,New York,42566801,57155762.88620561,14588961.886205614,797,1129.2433270553972,332.24332705539723,1.8293726358749232,0.0071417153958835,161.2427331824946,42.68094174466767,35.51531202322914,Stormy,297,43854.94100796501,923.2261691690932,3438,49.77079451674568,3,3.2348663472235826,99.6119831852304,0,42.24981646415062,Medium,443,2020,3,1,34.2731,0.7448,41.6867,0.7058,24.0349
Tunnel,New York,12044590,15931772.530965053,3887182.530965053,786,1115.8224243515788,329.8224243515788,0.8273834500600269,2.247916764601312,386.7688622426821,37.00396047335094,38.86430350933544,Cloudy,64,19536.961307837108,706.9969642301817,7828,42.540984848584856,1,4.354774480604558,92.80717990350098,1,39.588594322822914,High,841,2020,3,1,32.2733,0.756,41.9621,0.7044,23.3416
Dam,Houston,12633575,14574561.863308355,1940986.8633083552,314,284.4671750305333,-29.532824969466677,1.2982070604678528,4.184317111132962,167.91575202809355,2.6772160543336483,36.99004907590082,Sunny,225,25870.12688124153,463.35970369443714,2210,73.52903409509929,8,7.7043360267593535,65.21971762759983,0,18.24685768873443,High,621,2020,3,1,15.3637,0.8668,-9.4054,1.1038,7.75
Road,New York,6059667,6713592.939147326,653925.9391473262,759,1037.4222879724489,278.4222879724489,0.91727119098397,2.8615759281503825,446.7727878779283,8.016146165716929,89.41711369821748,Rainy,98,23678.51580535096,876.1423460718466,7641,72.67432548933004,9,5.404178128668267,65.05229328489452,0,62.70770913745751,Medium,727,2020,3,1,10.7915,0.9026,36.6828,0.7316,17.1231
Road,New York,42645168,48554399.209360056,5909231.209360056,326,383.5194922072714,57.51949220727141,0.931753604477444,4.996036494717204,451.31909513297575,1.5441063267748447,33.81826136113798,Snowy,258,11709.305540214526,262.956609204368,1599,52.31403560681855,1,2.3844391905119724,74.17886455740296,1,62.729399111751256,Medium,632,2020,3,1,13.8567,0.8783,17.644,0.85,10.1271
Tunnel,Houston,37540128,39738694.04780221,2198566.04780221,669,999.0205932792904,330.0205932792903,0.689704689305428,1.4342332282359995,138.39859185025364,17.053177770345307,60.28641518762868,Stormy,221,48101.86957159666,589.8130818493757,6480,81.71976438715402,9,3.1851843807490514,70.22993330838922,0,54.44252445611285,Medium,656,2020,3,1,5.8566,0.9447,49.3304,0.6697,18.9931
Road,Houston,9826233,10054199.27898464,227966.2789846398,657,781.7900843100965,124.79008431009652,1.5480462788556169,1.4022753238002768,326.2306752534759,-8.921420713916053,84.7685249159875,Cloudy,59,23194.059404889147,955.4953347493808,2846,84.46642249778085,1,9.753305830764017,68.55765231400873,0,37.99181324942954,High,466,2020,3,1,2.32,0.9773,18.9939,0.8404,8.5448
Road,Seattle,37855538,45041420.77586944,7185882.775869444,338,504.3424977247467,166.3424977247467,1.87873547191636,0.798747301169721,89.47293877398394,26.92524048932376,30.282759821444547,Cloudy,69,44389.80871870586,662.8578668923715,7592,55.54589232292668,4,2.359118056843956,81.34859544030516,0,43.17228010588792,Low,482,2020,3,1,18.9824,0.8405,49.2138,0.6702,21.7307
Tunnel,New York,48336078,51290391.347350106,2954313.3473501056,563,761.5935302152978,198.59353021529785,1.887426632545476,0.8203179413266759,226.19169482073315,18.77369823997029,87.95979385073902,Sunny,119,13521.030245629929,835.2716054273886,8861,60.6459858417842,4,7.534726810103696,50.57462348167688,1,38.84530543063642,High,490,2020,3,1,6.112,0.9424,35.2742,0.7392,14.7228
Tunnel,New York,19149286,20537168.78109216,1387882.7810921597,342,358.81372232265045,16.81372232265045,0.4320844412623742,1.4259329800502392,370.9947782755725,39.42514105656068,86.32340640769372,Snowy,57,29654.18647867489,688.2046529906736,2887,99.4283003408354,6,5.302164759935851,88.16698180166384,0,48.35317674524517,Medium,387,2020,3,1,7.2477,0.9324,4.9163,0.9531,5.9096
Bridge,Seattle,28596545,37005463.09390382,8408918.093903817,620,758.2829322947483,138.28293229474832,1.7620129343474755,3.964200226367636,346.74046108246233,-0.9584023619372228,81.92003909407838,Sunny,222,6078.262330592142,855.4337771841014,1679,62.45586807104405,0,7.737414935969437,87.00264983378925,0,40.760929493310336,High,797,2020,3,1,29.4054,0.7728,22.3037,0.8176,17.0602
Dam,Chicago,24498524,36285312.63932747,11786788.639327466,368,550.263549196871,182.26354919687105,1.501119738711532,4.52878395318224,331.1153012329736,34.22600853336224,35.01895649310016,Rainy,83,39389.92177290389,950.0390918607192,4252,85.64810030536611,1,6.950019170299537,91.51628402973506,0,70.7965587878725,High,625,2020,3,1,48.1122,0.6752,49.5281,0.6688,30.8821
Dam,Chicago,30184104,38097842.423971824,7913738.423971824,594,840.2239086027856,246.22390860278563,0.5803910613115496,4.875435848538406,177.1433886480996,33.55785579566937,64.38385392076884,Rainy,273,31141.12542108253,345.6295547794631,2835,67.1635255977964,5,4.952504714988933,92.07253366534069,0,36.62078251125428,Medium,849,2020,3,1,26.2182,0.7923,41.4518,0.707,22.2915
Road,Chicago,26018569,24618449.445247836,-1400119.5547521673,518,496.46163059031153,-21.53836940968847,0.2278407645508776,1.1614482704822633,220.1112272454809,-3.005034593071219,73.26240310728681,Rainy,228,33151.53125613887,252.69497313104696,3177,87.60068967165856,1,4.1851974221476045,78.31998473802342,0,41.57544083450088,Medium,812,2020,3,1,-5.3812,1.0569,-4.158,1.0434,1.037
Dam,Seattle,11930625,11278618.351822607,-652006.6481773928,786,1040.5250336955942,254.52503369559415,0.6091948070803181,4.406487728070458,96.32576511512876,11.920757327927015,89.02195497375008,Cloudy,295,7327.439714959406,535.591675299286,9142,86.14139432695887,3,7.7892332892051295,89.00369678116454,1,49.19138963102333,High,234,2020,3,1,-5.465,1.0578,32.3823,0.7554,11.8725
Road,New York,22227468,32693358.71748105,10465890.71748105,360,398.6451905480956,38.64519054809563,1.8331956498848987,1.6412754463866852,373.5602691951205,-0.641604737051571,32.62966754569593,Snowy,283,14496.724859387692,731.6761841417942,1148,80.06536151191213,9,3.9082708563384383,74.61975627402596,0,10.35656508438102,Medium,191,2020,3,1,47.0854,0.6799,10.7348,0.9031,19.9277
Bridge,Seattle,44513097,48001787.5716942,3488690.5716942027,467,422.2564297788736,-44.74357022112645,1.303039482301967,0.5642027225844221,276.7499585560731,4.00962752516519,73.62181296635075,Sunny,53,8344.889255911108,304.4721278639945,2495,91.28670077773477,5,8.089943320797115,97.57649182091502,0,54.28743167988028,High,836,2020,3,1,7.8374,0.9273,-9.5811,1.106,4.9692
Tunnel,Seattle,10249677,9790903.42182532,-458773.5781746786,366,418.00442079832914,52.004420798329136,1.4700038557059565,4.350124627600828,368.9445345555446,4.478539615679939,43.71608189489791,Sunny,157,18001.14421117153,103.69130538715036,2744,96.3531096926611,6,7.118587596992068,59.534926489371735,0,33.023782287364114,High,579,2020,3,1,-4.476,1.0469,14.2089,0.8756,6.8864
Tunnel,Chicago,48657169,61280140.3293068,12622971.329306804,317,329.9502910120896,12.950291012089563,0.5885894671072821,3.180528173218093,162.02458615859274,20.5930016714175,32.293852589760164,Rainy,291,33234.755345696794,408.6416042530348,2646,74.79899922712504,9,6.19902253209852,95.78085460369496,0,15.053540862206612,High,827,2020,3,1,25.9427,0.794,4.0853,0.9608,12.0482
Tunnel,Los Angeles,31223477,39784619.27101453,8561142.271014534,309,429.9183627544954,120.91836275449543,1.4668374955921586,0.8236544804053086,195.99720288577976,12.627601246825602,49.49638588496985,Snowy,216,30478.369294281885,971.9734019210096,3995,54.24813443336474,4,4.319207964120676,62.92651806338616,0,91.99191688883154,Medium,694,2020,3,1,27.4189,0.7848,39.1322,0.7187,21.6292
Dam,New York,28327176,36516644.50581025,8189468.505810253,373,411.1945902596824,38.19459025968234,0.1534308619280551,2.1491562875650128,200.3969017670516,42.12530422034679,75.56851385040315,Snowy,261,32546.74197260256,725.470714545262,7643,63.9177376986445,7,2.8457322198973745,55.1361686843426,0,39.01768604982388,Medium,835,2020,3,1,28.9103,0.7757,10.2398,0.9071,13.7142
Bridge,Chicago,14737336,15628078.518970769,890742.518970767,495,691.2745371042836,196.2745371042836,0.8131105569687261,1.4362884743853384,61.58408438624729,-3.049642192914717,52.53948625928365,Stormy,73,29716.30721200525,461.1928995471016,8378,85.4983428107976,5,7.393778211165975,71.95522237034837,0,48.34767373054338,High,721,2020,3,1,6.0441,0.943,39.6514,0.7161,16.1874
Dam,Los Angeles,23432851,21302017.747023508,-2130833.252976492,323,290.81588054618334,-32.18411945381666,1.2908313622304293,3.683972843550985,203.47154277378056,43.55306741676093,57.626617014213394,Snowy,265,17286.29580541367,273.31848761215633,9849,79.05300910743216,4,1.822143044535228,80.74586212080297,1,84.46088425044177,Medium,416,2020,3,1,-9.0934,1.1,-9.9641,1.1107,1.1644
Dam,Los Angeles,49032410,72519386.55083588,23486976.55083588,195,211.51484055305596,16.514840553055933,0.3775834745285084,2.26708115312134,411.4870580831151,2.6851252117845164,89.66115871400848,Snowy,104,16002.837380499135,420.4807063792723,4667,50.66790031391493,3,9.734880305401838,61.54949365999761,1,25.01100736783478,High,458,2020,3,1,47.9009,0.6761,8.4691,0.9219,19.458
Bridge,Houston,29373620,30858040.190863848,1484420.1908638475,481,502.5002808492201,21.50028084922013,1.663706791449176,4.946399725531925,453.7843230873824,32.50806650100192,47.93765096901982,Sunny,75,11167.685759146156,252.85548997112315,1576,43.07437246878549,5,9.808731231539388,77.78981205721489,0,86.5277928623207,High,527,2020,3,1,5.0536,0.9519,4.4699,0.9572,5.8188
Bridge,New York,17938661,23420998.7450778,5482337.7450778,602,626.1645308179823,24.164530817982268,0.5465594677426454,0.2737249112979756,283.19824203616736,8.643345939505178,63.07805282964679,Snowy,74,43208.18937065714,195.67523918165625,5779,80.97769561252389,5,2.172003543623248,90.39466784672524,1,31.747415326963992,Medium,806,2020,3,1,30.5616,0.7659,4.014,0.9614,11.8071
Bridge,Los Angeles,4834242,6400429.677253316,1566187.6772533162,424,398.9466760683337,-25.053323931666284,1.339334114355048,1.7750763306812334,254.9757628486491,-2.130523252047735,45.56709411307603,Snowy,85,32741.571134356,916.0681353152984,9187,55.06474144176072,5,1.93541790675072,62.854248290186135,0,63.01341024537855,Low,283,2020,3,1,32.3978,0.7553,-5.9088,1.0628,11.1064
Bridge,Chicago,12671439,16042098.165042158,3370659.165042158,286,289.5105248024421,3.510524802442092,0.8698745708931264,2.409500835549887,63.87107841471661,37.18390518854319,47.49499524300934,Sunny,120,13392.99556268269,997.8853045379262,3972,69.98021462374321,0,4.714450543747271,79.01611229571014,1,71.71105421495605,High,809,2020,3,1,26.6004,0.7899,1.2275,0.9879,9.2913
Tunnel,Houston,30584733,33268373.163450107,2683640.163450107,267,329.2990410956764,62.29904109567633,1.2324828314075298,2.515667773741599,445.6419519134222,6.987349458005475,68.69485274117856,Snowy,251,12974.422091955776,247.70299563621128,8756,84.80480635075565,5,9.67314945034452,66.96562980965402,0,91.4512551280998,High,696,2020,3,1,8.7744,0.9193,23.333,0.8108,12.5668
Building,New York,7494503,7964091.712274131,469588.71227413137,308,331.0435262604152,23.04352626041521,0.3041560499949254,1.579679111928184,55.85459604164272,26.23704723247632,85.65208832664185,Sunny,235,44286.60206867615,149.07030299045175,4948,73.76000683938,0,4.6027980930800165,76.48842337652401,1,64.68741952157188,High,427,2020,3,1,6.2658,0.941,7.4817,0.9304,5.0448
Building,Seattle,33266497,41869245.38011477,8602748.380114771,520,598.2271720866942,78.22717208669417,0.1321343198510539,3.64620124548784,475.1375360945953,21.154402679764463,57.9651265344625,Stormy,288,38422.88886934937,396.7579964315911,7544,44.99815498670778,4,4.274218975891014,83.34595097874848,0,50.79086211250002,Medium,543,2020,3,1,25.8601,0.7945,15.0437,0.8692,13.926
Bridge,Chicago,32707048,46432802.07667681,13725754.076676808,183,206.0799834621213,23.079983462121305,1.828172412022572,4.373735367444874,270.1473119096408,15.946597016498089,73.78799502641459,Cloudy,61,34672.958595741715,515.4932626852737,3045,51.13481420701332,6,7.332265530988941,67.52112859080462,0,61.50424171075997,High,500,2020,4,2,41.9657,0.7044,12.612,0.888,19.0398
Building,Los Angeles,1684029,2472222.3328710822,788193.3328710822,506,721.324735229968,215.32473522996804,0.6122970166576472,4.693596509889315,203.87052210862697,17.27007099566965,26.244459117187468,Sunny,178,23308.88483926849,284.33912236826905,2627,53.15969104185515,0,2.608581129357044,99.7241441226067,0,28.187421646618358,Medium,812,2020,4,2,46.804,0.6812,42.5543,0.7015,27.3292
Building,Los Angeles,6337355,6106317.107440306,-231037.89255969413,589,850.0326662503161,261.0326662503161,1.6573863052828723,4.025466883997631,465.898295679197,30.27308527507581,34.78106262023489,Sunny,165,16788.900392533287,371.2824206187026,2488,55.47185521869069,0,4.269911352163764,78.18875992148205,0,72.01669007348656,Medium,465,2020,4,2,-3.6457,1.0378,44.3179,0.6929,14.1494
Bridge,Chicago,49761066,49407621.48609814,-353444.5139018595,485,579.9504787518553,94.95047875185526,1.9987655708971803,4.252900986532997,60.97594689954353,-5.172489723210768,55.14921486436727,Snowy,227,49075.284340077065,280.78366212249193,4563,73.92420351703026,5,3.62176701647039,91.22307795464694,0,26.81926408454997,Medium,328,2020,4,2,-0.7103,1.0072,19.5774,0.8363,7.5976
Building,Los Angeles,7981440,11707509.459180972,3726069.4591809735,786,863.101546168839,77.10154616883904,0.5017193901979312,2.7527265030999777,311.6412026910892,26.749936407684785,21.40082065401424,Sunny,202,40875.78087602601,796.8345115892062,2802,70.2379467895236,6,6.413811603675636,86.25676114553956,1,60.15228508704312,High,263,2020,4,2,46.6842,0.6817,9.8094,0.9107,19.4308
Dam,Houston,27918198,37464020.00317557,9545822.003175572,404,389.4884906501729,-14.511509349827064,0.6038244082483756,4.1294411321340725,297.0196360247019,39.26966557692183,37.69984851337912,Rainy,257,18580.06504113244,741.3201489225347,4591,52.18960230185253,5,2.4647759759274743,92.64026568514738,0,68.28432952244401,Low,585,2020,4,2,34.1921,0.7452,-3.592,1.0373,11.7506
Road,New York,38554126,55124546.507825404,16570420.507825404,527,775.7659904606185,248.76599046061847,1.3594335965058648,1.517519545739761,148.69418054512192,-6.821649163907472,56.21809028774763,Rainy,182,43140.41583253226,671.4563641848836,4520,44.053290607341225,4,5.938311300456126,58.6900477269284,0,90.87248623669792,High,635,2020,4,2,42.9796,0.6994,47.2042,0.6793,29.0428
Road,Houston,17684388,18066009.674106877,381621.6741068736,500,468.0680834700893,-31.931916529910723,1.9343524057411805,1.992393810546072,242.9993441075948,-2.264066342148329,21.047283877941048,Stormy,132,39151.93768766067,448.4960713712843,6896,50.28593226848308,5,8.717919309431604,61.12768548638355,0,50.5170843379853,High,340,2020,4,2,2.158,0.9789,-6.3864,1.0682,3.391
Bridge,Los Angeles,48878717,61223111.40429296,12344394.404292963,738,795.9995429072346,57.99954290723463,1.8400472615624133,1.5845650690927215,343.5188026746966,29.414756518611725,38.51824003582292,Sunny,245,18368.62474450993,918.1368471828124,8643,99.0628787571162,2,5.627534920368417,74.37055889451452,0,79.77999039302912,High,639,2020,4,2,25.2552,0.7984,7.859,0.9271,11.4598
Tunnel,Seattle,45768534,60445759.41950542,14677225.419505415,360,388.3822994527209,28.382299452720872,1.0554634881246112,2.336936677239627,377.2090385968674,14.050490653453966,55.98215736331086,Snowy,55,24194.878440873785,972.579287381518,8041,68.11281698748834,8,7.151469553882767,92.61643382427212,1,25.07774394738489,High,729,2020,4,2,32.0684,0.7572,7.884,0.9269,15.016
Bridge,New York,19138519,25034467.645051625,5895948.645051625,797,870.5158950322508,73.5158950322508,1.6107095368007769,1.4278980811931818,50.3225864179609,12.195174144752858,60.1204473586872,Snowy,75,13367.9050425962,256.2753813628708,4311,92.04073028212676,4,1.677232159101396,59.88032906954294,0,24.057683086044253,Low,679,2020,4,2,30.8067,0.7645,9.2241,0.9155,13.1447
Tunnel,New York,21978981,25163537.855206218,3184556.8552062176,890,888.7291743074666,-1.2708256925334354,0.357917120889812,4.808057211272234,471.5840435409569,-2.466835100067028,84.80261851387138,Cloudy,162,9997.35999701492,300.71137727069026,3305,90.9251480001306,1,5.041050213223387,98.55329160536492,0,57.23182123479371,Medium,688,2020,4,2,14.4891,0.8734,-0.1428,1.0014,5.5549
Road,Chicago,8964443,8150802.677434745,-813640.3225652548,565,773.9917250831332,208.99172508313325,1.9571325499876235,1.5642231400283406,124.03641757676556,17.872352239478346,65.17419362754255,Stormy,152,37524.29147778636,573.0679252003326,8875,70.69117344777243,9,1.854038506922668,56.38011541575707,0,63.67066885990927,Low,833,2020,4,2,-9.0763,1.0998,36.9897,0.73,13.2677
Bridge,Chicago,22444021,28049541.696217246,5605520.696217246,797,775.878477592136,-21.12152240786395,1.9322711446683745,0.4902226905546991,155.11119540006163,-3.040007884199252,49.03150617709956,Snowy,169,17038.033580924,182.1255123540208,2967,82.40126250763261,9,6.395155082079912,58.7538972590254,0,66.91069366596173,High,660,2020,4,2,24.9756,0.8002,-2.6501,1.0272,10.5717
Dam,Seattle,35751594,37605704.68171469,1854110.681714684,287,367.63092670617465,80.63092670617465,0.4110850199704248,2.634085830252067,168.5630505622317,16.214125097079723,85.12458239931475,Cloudy,232,41902.67145858141,492.8035589408015,9009,51.56512062476274,6,3.5294893405643664,58.36168916830377,0,77.11066378214005,Medium,842,2020,4,2,5.1861,0.9507,28.0944,0.7807,11.89
Building,New York,35600593,41658124.59807292,6057531.598072916,710,691.7584073766783,-18.241592623321708,0.6689039371259026,0.2854953922258818,67.0190614484159,31.99884144289112,74.9418088371456,Snowy,216,49802.39201814918,623.6121382999391,6462,81.3038022956145,2,3.585392478925732,79.30029765173097,0,36.54383389850889,Medium,293,2020,4,2,17.0153,0.8546,-2.5692,1.0264,6.2217
Tunnel,Seattle,5688482,8387943.220707614,2699461.220707614,589,555.0272943253508,-33.972705674649205,0.2902944952628571,0.5527158315429026,105.3734556156462,4.204539683793993,34.00062447789233,Cloudy,58,8447.89162683419,569.8662140235998,7897,56.343074755797375,0,1.6909006343048265,95.8770540798318,0,66.03469496672099,Low,757,2020,4,2,47.4549,0.6782,-5.7679,1.0612,14.5747
Building,Chicago,42902454,48883965.21571797,5981511.215717964,475,686.6874085504749,211.68740855047488,0.6162634379065414,1.0969469459812315,493.8574653248729,16.443239249885,29.158965294417385,Rainy,94,26286.58062876651,397.8177247702234,4458,89.92372580524905,2,3.79214075296661,62.75556935832192,0,26.93252087256904,Medium,540,2020,4,2,13.9421,0.8776,44.5658,0.6917,18.7108
Building,Chicago,49465992,69444364.5341098,19978372.5341098,350,354.9270409269282,4.927040926928214,1.6503159998888923,2.3217512494107084,191.84753181977877,44.56087831682596,67.30681450199131,Rainy,293,41092.81516898614,588.2012254694862,9585,45.02344798653459,8,5.560094593963877,77.65184267292807,0,29.709793814910604,High,520,2020,4,2,40.3881,0.7123,1.4077,0.9861,15.2508
Bridge,New York,41538036,42083196.28144453,545160.2814445272,510,710.3025472952695,200.3025472952695,0.818799653613993,2.1662546615451395,101.8854906525722,27.765773284472047,59.19182159038887,Snowy,63,40502.79034435551,962.9208588329632,5778,86.38832037311664,4,6.261940928545853,58.78862550237304,0,16.057799953649315,High,628,2020,4,2,1.3124,0.987,39.275,0.718,14.2286
Building,Houston,11168293,14557605.223721666,3389312.2237216663,672,824.3951672303972,152.3951672303972,0.2679542375788409,3.998459310013956,98.14606752858047,36.27462242178592,75.27715296549289,Stormy,161,39199.87212489358,285.41566386223843,4730,45.996214394117175,6,1.5999899614824096,81.55684481038993,0,77.23005275248573,Low,359,2020,4,2,30.3476,0.7672,22.6779,0.8151,17.4276
Dam,Los Angeles,34222265,50861273.04099147,16639008.04099147,374,354.0710030002079,-19.928996999792105,0.7502284970799186,3.697373269420567,373.75698545148737,12.816618360830017,71.71635350550805,Sunny,104,20704.772088585996,689.3482225546032,5365,92.87135421365852,2,6.863132671444632,56.16231680897559,0,55.62936733470256,High,881,2020,4,2,48.6204,0.6729,-5.3286,1.0563,16.3587
Building,Chicago,39309051,37781338.55925745,-1527712.4407425525,191,281.39436273880256,90.39436273880256,1.964628335058432,2.1315914699535066,434.5558988146884,32.23235077192204,63.764807370026055,Stormy,186,25423.396505827357,139.05702474044665,8547,58.25227108810022,3,5.399881846781451,74.5655383756349,0,31.43671350396058,Medium,586,2020,4,2,-3.8864,1.0404,47.3269,0.6788,15.878
Bridge,Chicago,33337259,30169951.54133576,-3167307.4586642385,374,392.01808587298063,18.018085872980635,1.2963988309924857,1.6685210378781496,165.62853477881146,-7.771995488227299,89.04675201402246,Stormy,64,31773.57608036616,159.77476403329143,1027,79.26360188983449,0,5.832172071228113,82.75909068384337,1,60.06139531302614,High,845,2020,4,2,-9.5008,1.105,4.8177,0.954,2.6117
Dam,Houston,7465377,8660954.704629174,1195577.7046291735,669,947.1616416245362,278.1616416245362,0.8907057981716997,1.582343920307493,59.40928055085574,-3.239884960176526,57.35128110772861,Sunny,86,48827.32626079657,596.6454018012265,4491,69.25013671721679,2,8.495170063910152,78.95639583777552,0,41.88161787704088,High,375,2020,4,2,16.015,0.862,41.5787,0.7063,19.3771
Road,Houston,40683871,38876501.8222647,-1807369.1777352989,361,361.4642472529366,0.4642472529366159,0.416423175644813,3.869975436470045,150.39050830041012,1.1688826106034167,27.917402955120387,Rainy,227,19739.627192232183,194.4452622951545,7423,61.97818871574034,6,4.080038007743799,57.00002413503712,0,85.34889192603416,Medium,645,2020,4,2,-4.4425,1.0465,0.1286,0.9987,2.0546
Building,Seattle,43616258,58839667.12718443,15223409.127184428,835,1179.3253839530682,344.32538395306824,1.97373591483902,0.2603620311063487,75.43206085854081,12.107355853837074,77.97914953711918,Rainy,176,46541.4749472586,120.1121095841716,6301,78.72650999100978,3,2.566460002285313,58.06866857574147,0,57.53330927158276,Medium,490,2020,4,2,34.9031,0.7413,41.2366,0.708,23.9552
Bridge,Seattle,5902059,8550485.203443218,2648426.203443218,495,449.4289574328723,-45.57104256712768,1.659613117599945,0.0641082475530291,96.52772148351868,36.51596830791697,37.62973536419963,Sunny,166,17121.061318122236,254.36169788322,7160,96.85137883307428,1,5.966291581362587,83.56955024124942,0,12.682965056844353,Medium,441,2020,4,2,44.8729,0.6903,-9.2063,1.1014,14.8551
Road,Los Angeles,45604238,52919731.64184104,7315493.641841039,873,1053.770603151094,180.7706031510941,0.6348068746567468,3.97772195963324,244.17865393143907,9.044632793336175,74.41115037007428,Cloudy,133,49508.35094631671,608.364253899617,2173,42.47618484247731,4,9.50519725781715,90.4454648044888,0,98.6585757705765,High,598,2020,4,2,16.0413,0.8618,20.7068,0.8285,13.7255
Road,Los Angeles,41162344,43435616.16672429,2273272.1667242944,209,284.5880994594632,75.5880994594632,0.2331305218702599,2.3857318799452463,153.46326688773468,26.00416564335046,86.9974967200036,Stormy,121,35161.86590724163,733.0068590670392,1338,95.13117135298626,4,5.660826572630181,95.40372012647956,0,16.686868441234083,Medium,585,2020,4,2,5.5227,0.9477,36.1666,0.7344,14.439
Tunnel,New York,40128126,46574388.07194926,6446262.071949258,775,1132.1799156341442,357.1799156341442,0.2075885590173602,0.6544056927678799,282.17564533644054,29.01228621419159,68.77568597750388,Snowy,145,25858.01661613479,282.230707727242,1841,76.54489930126081,1,8.487209567075558,90.68057576730584,0,72.63623700100628,High,322,2020,5,2,16.0642,0.8616,46.0877,0.6845,20.543
Dam,Seattle,23005782,30691293.471499696,7685511.471499696,857,1238.8117384373757,381.81173843737565,0.3287184840605143,1.1778296729725062,164.07218896573568,22.24002947485878,61.72211126648608,Rainy,160,32602.56926286222,701.433493487357,1293,88.43885804614314,5,7.813288490149297,98.69619394435972,1,49.35302552823493,High,521,2020,5,2,33.4069,0.7496,44.5521,0.6918,25.9504
Building,Chicago,28345255,25664715.01128409,-2680539.9887159094,275,382.7381034753615,107.73810347536148,1.2034603088674012,4.662519765486913,473.2417854963264,9.648308249357491,52.22703229725284,Snowy,198,17263.902606809308,264.2286979893064,7558,63.032497206056654,9,5.664977083088483,70.41259020825677,1,32.43860258680866,High,495,2020,5,2,-9.4568,1.1044,39.1775,0.7185,14.6862
Bridge,Seattle,18496623,23188705.63160665,4692082.631606646,560,802.4322934861981,242.4322934861981,1.8646505002904357,4.29751487812449,457.674785566819,21.73793379424493,45.50869061967823,Sunny,234,17337.823588016,652.1116839681314,2647,68.31057849025683,3,6.827992998880802,66.55828771110171,0,70.88124110166126,High,280,2020,5,2,25.3672,0.7977,43.2915,0.6979,22.5632
Tunnel,Chicago,46858810,59415800.12203054,12556990.12203054,623,635.1683185658993,12.168318565899312,1.0438125132113705,3.548925251119863,305.06274725470973,8.824607603436043,44.71033256802853,Snowy,154,10109.954472957224,470.763711906219,5898,92.13104510806984,0,4.660121656869927,51.40920261725584,0,21.330761833448832,Medium,423,2020,5,2,26.7975,0.7887,1.9532,0.9808,9.5572
Dam,Houston,32457080,41629871.06673668,9172791.066736676,477,510.6335454326969,33.63354543269685,1.7015964166667743,2.411126151686633,209.49079639432375,-5.386944379639336,64.54608939967133,Snowy,196,10132.263396742945,688.419558400255,5526,64.89087818858938,2,5.775658201874744,72.49479279940468,0,87.24220286108425,High,669,2020,5,2,28.2613,0.7797,7.0511,0.9341,12.1489
Tunnel,Seattle,11569315,12092401.308152378,523086.3081523776,540,579.625802074423,39.62580207442295,0.9471845777336348,2.6016181309569286,221.516096915631,44.60421880023079,72.5891181856422,Stormy,270,20645.228366101008,995.5474772313224,6614,72.0795740049451,8,5.565571797615712,82.56857762066163,0,32.5550787321819,Medium,191,2020,5,2,4.5213,0.9567,7.3381,0.9316,6.2709
Dam,Houston,11089851,14732108.885044586,3642257.885044586,553,622.8064943063637,69.80649430636367,1.446308736958868,4.876222676419793,235.33352741502364,-3.0049650502119,67.49619486390901,Sunny,107,39328.49650533673,944.0352687093058,4801,41.211695385059976,9,7.381993266619957,90.7704320661238,1,42.530829254557055,High,418,2020,5,2,32.8432,0.7528,12.6232,0.8879,16.9163
Dam,Los Angeles,4887008,4666285.75490117,-220722.2450988302,733,832.682430835406,99.68243083540597,1.4905582008443516,4.828852219421435,377.4106949607248,-6.020838889016845,33.88870708354939,Snowy,144,32358.70254191731,103.85358205249328,9280,49.515880350282536,6,4.689831874206544,63.37276913871852,0,66.93792726737766,Medium,740,2020,5,2,-4.5165,1.0473,13.5992,0.8803,6.2177
Building,Los Angeles,44755415,45630929.46345679,875514.4634567872,482,591.2853998901321,109.28539989013213,0.4305310412163434,1.0763452289291715,253.23754798347704,38.319191206393576,54.57910261004438,Rainy,167,9616.305214895936,896.8948879260752,8376,78.50119047848798,5,1.8979041035992603,75.67956381846452,1,10.092638400883,Medium,221,2020,5,2,1.9562,0.9808,22.6733,0.8152,8.7684
Dam,New York,46570487,66431962.74036717,19861475.740367167,600,597.5567148119189,-2.443285188081063,0.7863105120540423,4.055522831526591,435.52847592765386,6.600906349109231,75.41480505281442,Sunny,55,43350.643623916,159.84171565728988,1899,83.01861406383263,0,8.098385705322606,83.10047823070232,0,52.547375294998034,High,857,2020,5,2,42.6482,0.701,-0.4072,1.0041,14.4141
Tunnel,Seattle,41279707,55448301.4296657,14168594.4296657,425,558.7678992654272,133.76789926542722,1.3108740974222457,0.986213330835084,474.84265366866407,25.76633357404292,53.29928547323394,Rainy,53,32061.54321455299,957.7419275438604,4477,74.95605620706996,8,7.163677029953868,77.58014329920469,0,90.48240293515042,High,773,2020,5,2,34.3234,0.7445,31.4748,0.7606,22.7722
Dam,Houston,38170084,34667876.97074375,-3502207.029256247,899,899.4853913008509,0.4853913008508925,0.2343235555502957,1.067687389419757,201.17576902052025,8.095315131422808,57.56362958148457,Cloudy,92,48238.50095531509,353.64311118971625,2744,48.59860217653664,8,9.551111099116287,63.70103587012039,0,71.23740771462727,High,608,2020,5,2,-9.1753,1.101,0.054,0.9995,3.5264
Building,Chicago,22970950,24097118.194885,1126168.1948849969,416,451.8529971332951,35.85299713329505,0.7869263567496175,3.380465170822884,302.31251661905605,11.529984893695914,73.97952337195755,Snowy,142,35158.346033504335,443.8313473701439,7096,66.72432571467009,0,4.8584455826307655,89.81412191475312,0,44.91103284447711,Medium,337,2020,5,2,4.9026,0.9533,8.6185,0.9207,5.028
Building,Los Angeles,9457411,9728308.03843852,270897.03843851946,713,857.0310468733128,144.0310468733128,1.1161189859342655,2.025005492937742,92.775441574654,4.416213460923808,66.2885714385564,Sunny,91,12882.868866688146,182.47438465815503,3253,61.305685981791385,5,1.7038509121998524,58.668050623596685,0,69.43819853299169,Low,395,2020,5,2,2.8644,0.9722,20.2007,0.8319,8.2603
Tunnel,Los Angeles,10137344,10770763.742812583,633419.7428125832,364,501.54261863672747,137.54261863672747,1.9928265367848133,4.657722035532601,140.21107149486153,8.867420318615562,48.65414446176749,Rainy,52,26320.251303852,201.04548249601865,2633,69.7396806421053,6,2.0945708772691867,95.2489916893182,0,94.29124824130056,Low,849,2020,5,2,6.2484,0.9412,37.7864,0.7258,14.8294
Road,Chicago,40275054,42229838.46975002,1954784.469750017,647,869.361956343274,222.361956343274,1.0016137689826374,0.4450486744800441,236.05959501957204,12.58852203225987,82.67888978359532,Snowy,178,34182.39188962419,754.0665087063877,8001,92.21974207324564,1,7.959875888827701,97.62983745274056,0,26.9024785152385,High,641,2020,5,2,4.8536,0.9537,34.3682,0.7442,13.5585
Road,Houston,43188444,40489847.6533304,-2698596.3466695994,542,697.7277727047018,155.7277727047018,1.6505078385172147,2.5576282040474654,142.79122215580048,29.62288380007886,31.379694806443503,Stormy,285,6271.911547248996,949.8990121734624,8020,86.55168631951912,9,1.6098155450074174,68.27866310376311,0,57.86272079548006,Low,313,2020,5,2,-6.2484,1.0666,28.7321,0.7768,10.7416
Dam,Houston,7933705,9324993.702736065,1391288.7027360648,462,458.9803478328232,-3.019652167176787,0.9209278416265736,4.592607652215606,444.4522208549229,18.134490682913547,89.68615140132273,Rainy,232,5670.961886966355,649.6736454588786,9149,45.03937008334954,7,9.170435304363568,68.80908952429759,0,31.126382309178577,High,246,2020,5,2,17.5364,0.8508,-0.6536,1.0066,8.495
Bridge,Seattle,23322619,31243915.296590302,7921296.296590302,732,899.0623157943617,167.06231579436167,1.613142372977447,4.520568302397526,121.22881522659414,41.89608694363373,28.319680493336605,Rainy,64,10823.135026935555,744.2650139741299,5701,93.41855186647383,7,3.5348510016566683,87.1639129458597,0,86.8802175253634,Medium,186,2020,5,2,33.964,0.7465,22.8227,0.8142,19.143
Dam,Seattle,17794513,22492959.03779811,4698446.03779811,515,490.52096905616463,-24.47903094383537,1.231288123078206,0.7826460670787061,255.04736969889137,-7.696578338867347,21.046497977296724,Cloudy,96,16324.899577046184,785.7727701374381,7735,68.30602906898942,5,9.089911365213922,72.81442992760003,0,74.8945226441407,High,705,2020,5,2,26.4039,0.7911,-4.7532,1.0499,10.7392
Tunnel,New York,29820898,38878190.637811884,9057292.637811884,341,384.10850597259474,43.10850597259474,1.7845313388545567,1.8331885004822823,322.56465820694405,17.66875774476155,82.30132308041354,Stormy,134,24329.7105584304,336.5328470976475,2013,84.63172869315991,8,7.961561639208515,51.43050717996176,0,82.09683282245445,High,252,2020,5,2,30.3723,0.767,12.6418,0.8878,16.0965
Tunnel,Los Angeles,47705646,45257845.790664375,-2447800.209335625,339,389.2092622609777,50.20926226097771,0.8807908494652088,3.095607000233481,361.33875867238,22.132363385744497,37.14674558561693,Cloudy,223,26934.82131919048,140.70666782819342,4299,48.40235387586112,2,8.840809326625209,95.99383638376204,0,94.87106672438496,High,578,2020,5,2,-5.131,1.0541,14.811,0.871,6.6115
Tunnel,Seattle,40564766,59666488.20569712,19101722.20569712,653,603.2981219748464,-49.70187802515363,1.2481783976608098,0.7969744238570109,222.381216376928,40.61083423408507,71.07897392127046,Stormy,107,11211.242402205356,101.68546952725173,2506,80.24317154242289,1,2.926357225929692,71.53751709828813,0,30.907789874396347,Medium,584,2020,5,2,47.0894,0.6799,-7.6113,1.0824,14.9121
Tunnel,Houston,45969434,64499487.60923153,18530053.60923153,780,830.2264305519469,50.22643055194692,1.297035493175772,4.840110860228694,441.09458092612783,-7.296281200821483,76.77107624524484,Rainy,272,35302.62106021239,415.5843546586168,5803,54.17956105656748,1,6.3612414623221145,60.17475502701557,0,14.38472543641731,High,854,2020,5,2,40.3095,0.7127,6.4393,0.9395,15.4969
Tunnel,Chicago,15512253,21454286.525013182,5942033.525013182,501,738.1682298603067,237.16822986030672,0.8930275894208992,4.573746643638302,305.7436179850665,21.54247717143688,80.12904737224818,Cloudy,248,31826.212776344066,317.31780537929444,1977,66.3028538284559,5,1.8423021886518032,77.7832036574393,0,36.18133481520338,Low,757,2020,5,2,38.3054,0.723,47.339,0.6787,27.0618
Building,Houston,10615754,14796134.772184417,4180380.7721844167,191,281.1862968572824,90.1862968572824,0.3741928830062149,0.8347508951723459,247.7785012013983,36.94964606903764,89.41159649649167,Snowy,258,18250.884447852208,156.0859525442671,2817,41.01177220492627,6,2.820526907854384,60.94530812956583,0,45.92253777654432,Medium,309,2020,5,2,39.379,0.7175,47.218,0.6793,27.7432
Road,Los Angeles,33254832,48539627.55155376,15284795.551553763,603,670.1719282285687,67.17192822856873,0.2777628731334375,0.6057773063049271,80.25828532341649,3.3060250465580108,40.58277970279994,Stormy,297,5614.69475458814,261.57546324430007,5901,49.09663827582856,5,3.789120046035416,60.3010999840804,0,66.26438260055798,Medium,645,2020,5,2,45.9626,0.6851,11.1396,0.8998,18.8885
Tunnel,Houston,23529829,28860567.75313626,5330738.753136259,252,233.3167364729866,-18.683263527013395,0.1316759461393029,0.4270424140413265,259.1102608003242,38.19607916881656,69.71703393490813,Rainy,260,8494.156190898084,212.04900844115303,7798,45.52482958741719,2,7.667313323590208,77.28656636953164,0,81.79341062281394,High,385,2020,5,2,22.6552,0.8153,-7.414,1.0801,8.73
Bridge,New York,15557759,15871546.719610931,313787.7196109313,767,772.719491078829,5.719491078829037,1.759715102065908,4.547218320183156,419.3311283670786,-8.95261248991395,28.077990079657976,Sunny,88,22626.26489798777,923.3905425556334,1473,54.38465037629551,4,1.2224294144963497,69.55211460947345,0,41.48229592421946,Low,445,2020,5,2,2.0169,0.9802,0.7457,0.9926,1.8733
Bridge,Los Angeles,23414241,29737728.92346533,6323487.923465334,380,431.4256569028472,51.42565690284715,0.5493023332535196,0.968119048977304,326.54345819959195,30.285004602355137,48.47665039497946,Stormy,180,11928.845802455777,226.24049211325203,1567,46.001085401459335,7,9.128055545849229,78.64966391266111,0,52.61472880632362,High,716,2020,5,2,27.007,0.7874,13.5331,0.8808,15.3876
Bridge,Chicago,10004471,13463305.715902548,3458834.7159025483,701,1029.536140965858,328.53614096585807,0.5018628236353593,2.0814246427217737,424.47310417810326,41.32122716427592,79.35801853188133,Stormy,207,21956.88227665869,583.8836175889112,8966,81.51460159717371,5,1.6372316234162954,99.84127184056202,0,80.69205393875728,Low,432,2020,6,2,34.5729,0.7431,46.8668,0.6809,25.7594
Bridge,New York,16723723,22455786.35000085,5732063.350000855,684,673.5480956756608,-10.45190432433924,1.4984672608095244,2.2442568282600157,272.3052517696875,26.145871390203425,45.73606322413758,Snowy,84,33268.217202965985,633.7953596009481,3258,41.74239413255316,1,4.388411758101644,92.95090771853842,0,30.27958536958978,Medium,468,2020,6,2,34.275,0.7447,-1.5281,1.0155,11.3602
Building,Los Angeles,4765056,5779390.680780321,1014334.6807803214,867,1177.480941876204,310.48094187620404,0.7080306148660442,2.9950552210678376,103.30776729251684,14.146608418924636,61.37667663749298,Stormy,299,29625.68425456776,589.1405119377704,9120,77.06443003749987,6,1.7298066549572573,50.38353996448944,0,29.541873514458864,Low,343,2020,6,2,21.2869,0.8245,35.811,0.7363,18.6753
Bridge,Chicago,4325315,4070446.815368589,-254868.184631411,218,210.4156761502097,-7.58432384979028,1.0614849155824897,0.3586767187371248,56.137930626146485,-7.531544094000509,55.264141060724384,Stormy,234,15402.91474118274,189.1507907943892,5310,48.44246984953445,7,7.920710587930364,52.52778547686949,0,63.03096908470303,High,274,2020,6,2,-5.8925,1.0626,-3.479,1.036,2.9841
Tunnel,New York,48715952,54691828.85708464,5975876.857084639,239,355.81233659790905,116.81233659790904,0.4087710240651669,1.1337930870025796,186.44879602336604,40.60625973274458,65.21660717784314,Snowy,206,20472.01210664386,386.91852557549606,2982,96.70968743067382,3,2.2718347606248117,80.50397200656224,0,49.24511474660803,Low,289,2020,6,2,12.2668,0.8907,48.8755,0.6717,19.3971
Dam,New York,15067121,21884390.04148622,6817269.041486219,757,854.630213895369,97.63021389536902,1.9235168707777413,4.65745193459463,364.0957121740066,15.866292248036617,88.10260725713864,Snowy,227,32631.40393018928,146.14329921683793,2096,95.98564438659125,0,8.962812192362119,81.31280405661491,1,95.40071227318916,High,515,2020,6,2,45.246,0.6885,12.897,0.8858,19.2355
Bridge,Los Angeles,6217092,7775526.384756968,1558434.3847569684,500,682.5703616697167,182.5703616697167,1.718004660032751,4.542050536342847,405.6169567737622,-8.40517906152286,23.90148685509815,Cloudy,239,43738.47626195519,456.1029226866844,7610,53.53018615125776,1,5.771997879323735,93.90954220379967,0,42.132748868612026,High,417,2020,6,2,25.0669,0.7996,36.5141,0.7325,19.8287
Building,Seattle,42819037,52367646.537928976,9548609.537928976,614,678.8105549076209,64.81055490762094,1.7412002836335063,3.906453237028461,183.08877557914823,27.940158923081903,60.17730622511408,Rainy,101,38894.604743249474,269.7390381444328,4570,76.86527789338177,3,9.536255375098564,81.45285872609128,0,78.36000431561496,High,560,2020,6,2,22.2999,0.8177,10.5555,0.9045,12.3639
Building,New York,38375319,40728190.72721266,2352871.72721266,815,1040.4300809306576,225.4300809306576,0.8728701222868098,0.0970062280910771,273.04426439746123,16.5010489466942,80.41201454751993,Rainy,167,29903.001207503672,605.4692799559418,7497,41.68031916834751,6,3.613248215273758,61.38572692578711,0,62.47834691176322,Medium,615,2020,6,2,6.1312,0.9422,27.6601,0.7833,12.06
Bridge,New York,24429562,27387233.23976106,2957671.2397610582,855,868.0042514716389,13.004251471638897,1.5484863060436282,1.6350338424805106,239.50350699533672,-3.16100754066741,53.69678982238992,Cloudy,63,21303.18492424188,723.5275544641905,4646,95.90731258307044,1,5.088845366905519,73.42581138518254,0,14.911848275470865,Medium,662,2020,6,2,12.1069,0.892,1.521,0.985,5.3061
Dam,Chicago,3846274,5527894.43022691,1681620.43022691,587,579.7286029963902,-7.2713970036097635,0.3733646952405822,3.139793676714539,234.73525295814247,1.7849495120642764,25.4969030159101,Rainy,212,21427.307489381245,578.9078741842359,3419,71.37923849150258,5,7.248222660966201,90.44927003355944,0,17.59469932085036,High,204,2020,6,2,43.7208,0.6958,-1.2387,1.0125,15.5659
Bridge,Houston,47782538,62111461.7364281,14328923.736428104,565,826.5037433135965,261.5037433135965,0.1163761049243825,1.3759510588673785,154.1069209400677,-6.453012574928455,59.23775466917396,Stormy,205,44573.77896189782,490.8130269502562,5279,42.59338908506674,1,8.487219813138644,96.14124822991856,0,28.28408393709912,High,832,2020,6,2,29.9878,0.7693,46.2838,0.6836,24.7789
Building,Los Angeles,47338604,64969025.19249966,17630421.19249966,850,1233.000111731261,383.0001117312611,0.1379485718982534,4.547933475268887,111.36699726325628,21.586144683971547,43.24517235766743,Cloudy,235,6765.960921824588,448.6000787710232,1673,60.54999958048825,6,4.792213789710461,61.84575594833546,0,22.88373605641234,High,296,2020,6,2,37.2432,0.7286,45.0588,0.6894,26.849
Road,Los Angeles,40542531,47540465.93965712,6997934.939657114,748,1071.4960603675415,323.4960603675416,1.2145433010686648,3.169447309162209,138.5098512040459,24.211621358860505,30.845924973655517,Cloudy,79,49459.21899891174,857.5225912873034,3802,44.61096771167405,1,9.031892844944478,76.9802367506663,0,39.64343406799984,High,661,2020,6,2,17.2607,0.8528,43.2481,0.6981,20.159
Tunnel,Seattle,24846553,31757580.26479204,6911027.264792036,257,327.7418380156887,70.7418380156887,0.9652503199710876,0.359533586582228,74.89957422350574,17.81582640954944,79.4324159298431,Rainy,139,34896.893488320304,297.431258558743,8312,63.5766663624016,2,2.0618848749195573,57.946377508520136,0,62.10900243988212,Low,571,2020,6,2,27.8148,0.7824,27.526,0.7842,17.4146
Building,Seattle,34268890,35949099.339494415,1680209.3394944146,373,516.5904256702031,143.5904256702031,1.0842291629261875,4.545027944178515,139.1588338206097,34.94061731514382,56.51196590937851,Sunny,184,35651.196458257575,760.796505575982,3369,80.19558052967938,8,7.378162469290859,74.84998494637847,0,64.21262887066476,High,716,2020,6,2,4.903,0.9533,38.4961,0.722,16.0954
Bridge,Los Angeles,25649133,33940894.89733894,8291761.897338942,464,436.8198832361268,-27.18011676387323,0.1141799667927168,4.788833290881112,54.14040393142076,37.35548517194075,85.32934886653467,Rainy,216,6709.902678713397,781.7340922661072,5530,68.19339448248638,3,4.133790839922944,54.50570603747505,1,62.89910066464659,High,258,2020,6,2,32.3276,0.7557,-5.8578,1.0622,11.125
Tunnel,Seattle,17159082,19845521.60899496,2686439.608994957,706,777.2166381448917,71.2166381448917,0.9031045773491088,0.3885620919586274,332.26628028619024,23.859341817571966,76.42115532221484,Sunny,144,32248.81737010725,477.28000654366105,2066,63.02333048316727,4,1.9120193571933728,97.08640349752372,0,20.584777116983865,Low,759,2020,6,2,15.6561,0.8646,10.0873,0.9084,8.9054
Bridge,Chicago,34931226,40713297.83596814,5782071.835968137,703,765.0199780225686,62.01997802256858,1.4643295062816355,2.6618011743065746,192.3689333244573,-9.29839361609132,68.50802556415672,Cloudy,118,26815.012704070115,367.5705393030754,6432,47.14942273242789,8,4.479981011218035,81.90282291413078,0,64.02028697744464,Medium,352,2020,6,2,16.5527,0.858,8.8222,0.9189,10.1085
Bridge,Los Angeles,17213225,22198061.262278937,4984836.262278937,792,1014.8586569918816,222.85865699188173,0.941118033738128,1.5168214110708522,487.9151201421089,28.23763106612546,20.351785235571835,Sunny,212,9760.050810233017,523.4873374413777,9073,54.696342741619375,6,8.921940620370112,92.71083708568386,0,46.87721981716465,High,191,2020,6,2,28.9593,0.7754,28.1387,0.7804,20.1138
Road,Seattle,21655666,31655567.652482104,9999901.652482104,335,373.0475124675987,38.04751246759872,1.4912164919932225,1.964195382407012,137.17267284933405,12.989956930619336,49.94764196467749,Stormy,291,17506.490484621158,183.89253330342865,1687,46.008597264301066,7,9.82480484159776,99.91475870909532,1,91.27473987274544,High,307,2020,6,2,46.1768,0.6841,11.3575,0.898,20.6253
Tunnel,Los Angeles,34187633,32081804.992515795,-2105828.007484205,519,513.3450118038422,-5.654988196157774,0.542736032353986,0.8982560897767095,205.6228566393173,21.105661577451286,33.82403971564226,Snowy,288,45064.15052961431,141.33702900618098,1068,88.44992389939964,2,4.535198713904343,59.13329973526891,0,92.0785776496925,Medium,787,2020,6,2,-6.1596,1.0656,-1.0896,1.011,1.307
Tunnel,Houston,4033349,5625900.486966189,1592551.486966189,304,382.3955945554304,78.39559455543042,1.6449698085152784,2.890360510062062,211.02852138868997,25.699433111038644,83.75585377342074,Sunny,176,29749.47871396788,200.4428795067026,7774,48.11438967908335,3,8.977747490257375,84.70717074798243,0,79.13564440154555,High,271,2020,6,2,39.4846,0.7169,25.788,0.795,21.9773
Road,New York,27687290,29775738.581450645,2088448.5814506449,459,637.381331752265,178.38133175226506,1.2180193568615594,4.789896766244453,53.80317322810724,9.263013787989223,32.22087892734522,Snowy,101,23603.745882825893,268.4305283160036,1419,75.72240199293361,6,5.5868897461769045,94.3493146753429,0,73.27964359893018,Medium,832,2020,6,2,7.543,0.9299,38.863,0.7201,16.2392
Building,Los Angeles,28646076,33411398.659000948,4765322.659000948,801,904.5485514374632,103.54855143746316,0.5004498889168219,2.515363001358045,427.6435788677565,40.44041778444869,40.02420361614999,Stormy,191,8270.697012836492,553.7591383042387,7891,60.56442481533075,3,7.453135338975473,78.7969083705895,0,20.345744558572573,High,722,2020,6,2,16.6352,0.8574,12.9274,0.8855,10.9594
Bridge,New York,24184270,22083817.71581615,-2100452.2841838486,837,819.7253487224575,-17.27465127754249,0.5497689041222825,0.4145729069724058,64.39750706494613,-2.631382328762034,56.178573741414944,Snowy,112,37135.46873310376,864.22297254501,6593,53.55870307931101,1,1.4083428004644087,81.98481891832805,0,17.62247904280275,Low,711,2020,6,2,-8.6852,1.0951,-2.0639,1.0211,0.4817
Dam,Seattle,15930164,17214575.634874422,1284411.634874422,853,868.3650193847028,15.365019384702803,1.2932578826821204,3.100006667387042,473.0809256281586,26.93314940045706,38.43545332986555,Stormy,85,36628.28705282147,312.0780987997183,7104,78.36810636952623,9,6.01580774785621,70.38355447585687,0,85.67503218226773,High,837,2020,6,2,8.0628,0.9254,1.8013,0.9823,5.9624
Bridge,New York,35337309,42460559.420324944,7123250.420324944,307,320.04442481220053,13.044424812200532,1.6768852271036423,1.7011149722562853,451.4334579921293,-9.760223102388077,34.69052740953848,Snowy,140,32631.96231376536,941.6458096721004,4892,67.42013856261644,5,1.6314574258989138,83.73804168582569,0,48.43142348117096,Low,626,2020,6,2,20.1579,0.8322,4.249,0.9592,8.6484
Bridge,Los Angeles,22680041,21176482.34247545,-1503558.6575245485,493,532.4097080077838,39.40970800778382,0.8896927858553948,4.2796259479564895,290.9848622386836,40.85581079728495,61.93695275719267,Snowy,201,27961.819079929213,959.417118041503,1439,64.00872803707355,8,3.4175616138441938,69.77889573480618,0,50.62260476808515,Medium,569,2020,6,2,-6.6294,1.071,7.9939,0.926,4.6817
Building,Houston,41622564,49724705.65582648,8102141.655826479,511,656.9809686172345,145.98096861723445,0.5907708153424251,2.173390741582351,294.6180087100814,-3.8122726719049673,26.225066592851668,Rainy,217,24520.29809933177,963.0141443606848,2208,75.57112029353328,1,6.101328932818108,73.83098190757242,0,86.30137810117273,High,851,2020,6,2,19.4657,0.8371,28.5677,0.7778,15.8303
Bridge,Seattle,32590521,47460479.95148027,14869958.95148027,329,414.7266386477457,85.72663864774569,1.7473220531301408,0.964198044711228,344.2000653302704,-4.781367341883395,24.07174311046473,Sunny,206,31697.19918445965,853.8064612086914,3563,69.47605770940004,0,8.264473897795124,55.14558713114124,0,65.92878631547094,High,222,2020,7,3,45.6266,0.6867,26.0567,0.7933,23.1579
Road,Los Angeles,30051004,28946206.81135832,-1104797.1886416825,633,834.0711314231615,201.07113142316155,1.3716097543265864,0.9555281134557247,224.17250537069916,8.315419817873433,46.057170663025,Snowy,102,15502.795327778302,427.4425367179485,8466,58.209052513093646,7,6.048042794235196,50.39042000901908,0,26.14665168118951,High,433,2020,7,3,-3.6764,1.0382,31.7648,0.7589,12.139
Road,Seattle,48339044,65676539.99390031,17337495.993900307,215,240.2627560045652,25.262756004565176,0.9513624258378454,3.8438209036058018,341.250027529035,10.546145732149434,70.44651181555037,Cloudy,158,47356.657887994144,165.41551990236076,2253,73.54367726591511,0,9.42572387003689,52.75755620694734,0,28.991190608862446,High,309,2020,7,3,35.8664,0.736,11.7501,0.8949,16.1701
Tunnel,Chicago,12999401,14894747.88055616,1895346.8805561608,864,1204.7603827345808,340.76038273458084,1.0270103710306735,1.3279379915367997,70.1457749098191,1.7865039777583238,58.83647307917636,Rainy,199,31495.75381311033,611.9368585898454,4209,80.16991459304168,0,8.29299256818252,59.626082046880086,0,10.57394521313513,High,239,2020,7,3,14.5803,0.8728,39.4399,0.7172,17.8647
Dam,New York,7299492,9439003.972668411,2139511.972668413,599,612.4491054193802,13.449105419380205,0.4880872890791531,3.836166970796115,74.32143230737695,22.18169135099185,49.60135279267452,Sunny,121,19003.659995946942,602.8132995435103,4549,41.60158951521126,2,2.406161314945924,72.83019097975327,0,73.96030845474084,Low,842,2020,7,3,29.3104,0.7733,2.2453,0.978,10.3479
Bridge,Chicago,23576162,24899773.915457185,1323611.9154571854,201,237.46631415068936,36.466314150689385,1.2909249971232035,1.0294365538329968,255.75368882879496,14.360275392307996,59.60260949572077,Rainy,64,25235.59328983208,864.978190398636,1614,67.95230373446051,4,4.500626370651436,51.04970354257269,0,53.70504926450366,Medium,646,2020,7,3,5.6142,0.9468,18.1424,0.8464,8.8271
Bridge,Los Angeles,29465797,29338957.27866862,-126839.72133138032,385,531.5168446760704,146.51684467607038,0.7816107700314884,1.608431843506547,297.3300354977157,-8.120342602740191,45.58160392572916,Sunny,162,41255.81549946016,996.3919458514948,4078,43.46099707501263,8,7.01636884576101,57.796831957711625,0,95.49675215533286,High,466,2020,7,3,-0.4305,1.0043,38.0563,0.7243,14.4202
Building,Houston,40483075,40332379.52894288,-150695.47105712444,818,824.6218643071695,6.621864307169517,1.991725835681264,2.327434862198497,449.5179381511185,7.580863424041535,85.5302434802479,Stormy,118,12272.722732863383,557.3415759041328,4490,51.18432484408666,9,9.445654284483613,89.07223019422193,0,74.26115211234412,High,696,2020,7,3,-0.3722,1.0037,0.8095,0.992,3.932
Road,Seattle,46024017,43368208.8027859,-2655808.197214097,535,516.7660595107914,-18.233940489208635,1.0123486789975868,4.715979248467254,97.09728525855331,34.573810246524374,23.843342363754203,Snowy,165,18177.60301071172,410.6836279358058,4543,73.63052404467838,1,9.889442818702038,88.10832791310236,0,19.283739468991,High,646,2020,7,3,-5.7705,1.0612,-3.4082,1.0353,2.1779
Dam,New York,44279132,44783383.77101231,504251.77101231366,619,885.3002255993194,266.30022559931945,1.0231826517602651,4.658657123769123,420.1915672372502,27.93358441740277,67.13740353208846,Cloudy,241,35577.86102314499,267.3115404006403,9102,91.97133491593485,0,7.868677941665265,89.486514583775,1,24.538731394534253,High,524,2020,7,3,1.1388,0.9887,43.021,0.6992,14.8217
Tunnel,Seattle,31732364,41205478.38019565,9473114.380195647,275,304.08339435526733,29.08339435526733,1.175118396080277,1.034359377111439,144.5213017814313,29.867896946893424,82.38978653794254,Rainy,53,19197.01429170008,104.31984233563368,2900,92.96834075130909,0,6.163923750214275,96.0770471598387,0,55.155218210499335,High,821,2020,7,3,29.8532,0.7701,10.5758,0.9044,13.3615
Road,Los Angeles,35404782,50593942.14225961,15189160.142259613,343,449.4404717062788,106.4404717062788,1.8418364059256187,1.791095206215364,227.33764182951435,28.396430824593796,76.27192961146774,Rainy,124,40662.57568376597,558.2023232399913,6680,44.19664060831788,7,7.809487207641927,55.95355003672596,0,93.23867517964592,High,561,2020,7,3,42.9014,0.6998,31.0322,0.7632,25.142
Tunnel,Seattle,48069821,66743764.48672166,18673943.486721657,327,299.27339615658474,-27.726603843415266,1.6215543897335256,0.7469969422688616,192.47109567233585,7.1035161760668295,32.88287243750127,Rainy,195,10870.406922981238,599.9668000323361,7751,65.1463051772024,9,3.4591277751755296,58.15699381139415,0,32.25259808954034,Medium,869,2020,7,3,38.8475,0.7202,-8.4791,1.0926,14.1461
Building,New York,46148268,60504098.248849645,14355830.248849643,709,931.64594632938,222.64594632937985,0.9571471326158988,2.549925396567485,230.06987278942955,-4.518484285777326,40.71484442862018,Rainy,91,39320.87767045738,842.4446318356577,6862,74.98038898027308,9,3.5524272453366943,66.67768073006572,0,84.30221817211952,Medium,432,2020,7,3,31.1081,0.7627,31.4028,0.761,21.2638
Building,Los Angeles,9556255,9233818.528129,-322436.4718709998,473,515.4095522170302,42.40955221703018,1.4655286053483123,2.3029127534733327,117.7229741326635,4.98569512182028,70.19335570949733,Snowy,290,8075.82716827548,554.1192711035205,2712,48.82419427302061,9,6.889144115460909,95.75705994904548,0,38.10451781221076,High,235,2020,7,3,-3.3741,1.0349,8.9661,0.9177,5.8677
Bridge,Seattle,34989909,37562103.557902604,2572194.5579026043,374,349.1082475450219,-24.891752454978075,1.213847447683447,4.503800812253662,276.60653348159974,35.74819151018376,25.89893914265359,Sunny,79,5566.667570037265,924.8215137994508,3329,85.9259330046863,1,8.846520187599193,88.77388715029724,0,34.29074706002003,High,642,2020,7,3,7.3512,0.9315,-6.6555,1.0713,4.1747
Dam,Houston,44626563,48459276.323646784,3832713.323646784,842,1065.8774071341086,223.87740713410855,1.035497392532373,4.650026888955363,410.7391654241153,43.92589387806891,76.83031898828088,Snowy,192,45420.058347447295,665.2751289142919,2194,84.65411550623432,8,9.728285402587185,66.20606361661598,0,91.12534743974462,High,636,2020,7,3,8.5884,0.9209,26.5888,0.79,14.0988
Tunnel,Los Angeles,49786500,52274538.907095104,2488038.9070951045,659,688.3138288753327,29.31382887533266,0.465399968290266,1.9178369550364605,248.6903046705036,17.161585810785873,70.32348612233532,Stormy,119,31160.26476195344,856.3026143989748,7781,94.20046082240768,8,4.072011407480964,54.381790889136745,0,14.25174328653875,Medium,262,2020,7,3,4.9974,0.9524,4.4482,0.9574,5.2481
Road,Los Angeles,40206376,48609645.11785031,8403269.117850311,302,341.88947225980064,39.88947225980064,0.9814789005642928,2.4586897150949474,270.7761091541896,-9.466480479232676,71.07246544647398,Snowy,232,20832.21036890652,233.4715613269724,9162,40.50916072500658,1,8.168982607911882,80.81900130744171,0,69.46669348604595,High,278,2020,7,3,20.9003,0.8271,13.2084,0.8833,12.0664
Building,Houston,30362480,37082677.195924655,6720197.195924655,579,549.0937741883348,-29.906225811665195,0.5670553153428918,4.4811812457306655,431.9454133765914,-2.297535332617403,27.0168959187314,Snowy,230,15466.758663373268,869.8025172720833,5906,53.00105463934016,2,8.663777247587443,62.84095829028261,1,13.88507628531008,High,328,2020,7,3,22.1332,0.8188,-5.1652,1.0545,8.7727
Bridge,Chicago,5327308,5935322.106370114,608014.1063701138,878,867.7256006768172,-10.27439932318282,1.838200084718144,4.033539038725308,367.72615158711386,7.714431642394619,70.24323813713616,Stormy,65,32759.860246736724,707.6294689994636,2378,89.6312028547193,1,6.608559187282535,76.55762829842766,0,82.06874079144023,High,508,2020,7,3,11.4132,0.8976,-1.1702,1.0118,4.9457
Bridge,New York,45903073,51056771.44805232,5153698.448052324,631,680.7141813587265,49.71418135872648,0.7372729456430591,0.0182815567232463,270.7044838339031,21.822194172612235,67.58726876539791,Snowy,160,27905.09825915322,253.2097291944975,1749,80.23480304961612,5,4.128326940067867,97.09016798004885,0,84.64639194599559,Medium,335,2020,7,3,11.2273,0.8991,7.8786,0.927,7.5574
Tunnel,Chicago,24729530,34550451.30905183,9820921.309051828,840,801.2387882823192,-38.7612117176808,1.9093016276134076,1.6002978209179126,165.96304168513086,-5.869849480707732,78.16457435752955,Sunny,153,49621.89989884933,270.7872023314098,6292,93.66339122190944,6,6.571797087464209,78.63086226571673,0,90.40209171936858,High,369,2020,7,3,39.7133,0.7158,-4.6144,1.0484,14.4283
Building,Seattle,45771670,62870854.071989216,17099184.071989216,283,409.3582997437363,126.35829974373632,1.1128050511799512,2.108871209680629,448.217036080235,41.88465142904349,22.911716937952864,Cloudy,250,49244.71939941856,933.8505571397992,1300,43.43077927181599,5,6.260040138803615,96.19172182116822,0,26.748105543465435,High,673,2020,7,3,37.3576,0.728,44.6496,0.6913,26.8542
Dam,Houston,13633010,14787419.190757154,1154409.1907571536,641,579.225692808558,-61.77430719144195,1.2999343194847046,1.148581418416159,309.65918076075127,10.07960203064204,21.617746792745454,Stormy,156,33576.10547637243,128.9938244053356,5695,75.81783794298657,2,6.458729552168418,69.65193929974377,0,21.20483403337604,High,442,2020,7,3,8.4677,0.9219,-9.6372,1.1066,4.2321
Building,Chicago,24442985,35400116.83606045,10957131.83606045,897,1067.7135697927724,170.71356979277243,1.1315868445297228,0.9978580794796936,149.51642454981203,40.19213198586527,46.11049699149925,Rainy,172,24929.172774765077,516.2814489661355,5624,74.14279449362044,2,6.573341924089493,81.66756686443853,0,55.31815419023203,High,259,2020,7,3,44.8273,0.6905,19.0316,0.8401,20.8723
Tunnel,Los Angeles,41093087,60476244.53315428,19383157.53315428,889,865.840194167903,-23.15980583209705,0.3458231722367316,0.1889225329783983,171.10388868710464,32.928699151636195,30.4151798694407,Sunny,211,27101.343611059798,382.1277609406914,4837,42.14046498163194,1,8.623523717845256,94.6944986973482,1,34.44693594040504,High,579,2020,7,3,47.1689,0.6795,-2.6052,1.0267,16.0754
Tunnel,Seattle,26291884,28817101.807751376,2525217.807751376,575,623.6492858698923,48.64928586989231,0.8140603161150878,3.2168486253488027,411.4098900213107,31.549049988356963,59.08691342991553,Cloudy,76,35711.55798065879,698.5696959985853,1277,70.81132461474901,1,2.5307336194059733,79.39936558045692,0,64.56677250223586,Low,788,2020,7,3,9.6046,0.9124,8.4607,0.922,6.1257
Building,Seattle,31596658,35156178.536209,3559520.536209002,516,751.108039719735,235.10803971973496,0.2883776133274854,1.3125514524158284,69.86550293935495,23.369576888022763,84.21442310547242,Sunny,62,9570.854490592164,855.6664488120928,4917,76.57121867859546,4,4.3056455285365125,80.74493385135521,0,56.237256151368165,Medium,439,2020,7,3,11.2655,0.8988,45.5636,0.687,18.7099
Tunnel,Chicago,23745849,28575291.4538404,4829442.453840397,778,775.679017468297,-2.3209825317029527,1.2836126839484254,0.2617358921565654,496.441484162969,24.47310993785145,47.4035811233811,Sunny,277,19775.84332148232,424.3403094009126,8307,51.47759045212644,7,6.274015546156403,85.81539910406121,0,23.03668992028841,High,794,2020,7,3,20.338,0.831,-0.2983,1.003,8.7562
Building,Chicago,47267888,69231975.0967864,21964087.096786395,321,474.9193047777509,153.91930477775088,0.949060970880834,1.1548965526403183,108.65825587165632,25.09017793689365,79.1465264090823,Rainy,204,8387.250845162172,484.2118785905535,3161,56.39977498747977,5,3.5499496475046377,94.10538785941264,0,76.5343444466594,Medium,731,2020,7,3,46.4672,0.6827,47.9499,0.6759,30.0351
Road,Houston,32981908,47025329.35350712,14043421.353507124,496,507.6444065920519,11.644406592051894,1.57817144598478,4.0095697641806325,408.2308364286218,24.57967628640701,20.016861216250653,Cloudy,122,8301.23417826138,983.7260060512727,2389,78.42084077786421,8,9.803378098756353,54.40900306204265,0,82.34059406733374,High,280,2020,8,3,42.5792,0.7014,2.3477,0.9771,17.0387
Building,New York,24675262,23726270.609733764,-948991.390266236,890,1196.996301921287,306.9963019212871,0.5188939138988027,4.257445908232733,227.6488925472573,20.45505272690987,31.79602504214289,Sunny,246,13812.765885240518,805.5248587112825,9882,68.0980568559975,4,3.368352336420963,66.84296910880434,0,96.6738720154793,Medium,538,2020,8,3,-3.8459,1.04,34.494,0.7435,11.8219
Building,Chicago,20854315,23682961.878219742,2828646.878219746,737,905.0406865375912,168.04068653759134,0.4126755110157363,2.415331225966513,271.4972824793601,44.25277101655889,22.129647775785998,Rainy,292,26836.39645669521,907.4837178386124,5732,91.48081945409962,9,5.226659925781287,69.8842363040302,1,45.59849887250255,High,559,2020,8,3,13.5638,0.8806,22.8006,0.8143,13.7547
Tunnel,Chicago,3844180,4736117.076127367,891937.0761273671,706,1010.0651890099872,304.0651890099873,0.8720312388311587,2.080353352043431,446.29275985906,30.275981208413285,42.9703026360548,Stormy,135,40314.84445232552,494.8859985864668,4468,60.5429059605513,3,8.896285411417615,95.48548326945888,0,40.39614419333989,High,400,2020,8,3,23.2023,0.8117,43.0687,0.699,22.2606
Tunnel,Los Angeles,12010186,14434796.146790337,2424610.146790335,735,905.8110256768808,170.81102567688083,1.860512228114924,4.889268467508908,235.810035315146,32.73205136158867,83.5732716987552,Rainy,80,26847.315102464265,310.6685835857037,7141,55.99957950329207,8,1.7205729639420362,97.80039622581006,1,27.303639041794455,Medium,599,2020,8,3,20.1879,0.832,23.2396,0.8114,14.9724
Bridge,Seattle,47530918,48306519.951202124,775601.9512021244,580,708.0266082663954,128.02660826639544,1.4498014485235824,1.0028232979403495,291.8721891529555,37.98545482960208,26.78664865192914,Snowy,52,20096.44747523914,470.6771188478065,6969,99.09195642069056,9,8.386192018848266,56.01902323325624,0,26.277854968827874,High,303,2020,8,3,1.6318,0.9839,22.0736,0.8192,10.5889
Bridge,New York,16148530,22854854.03622725,6706324.036227249,860,874.8563281900944,14.85632819009436,0.8959548871065454,1.0767964142730424,72.18484808412647,1.8601869499217043,62.448684372066026,Rainy,79,8705.884565154116,744.4827260483621,4816,94.668146207805,4,6.13907532077203,55.95538398943904,0,38.89479568419869,High,601,2020,8,3,41.529,0.7066,1.7275,0.983,15.0048
Road,Los Angeles,39620544,51750946.84687239,12130402.84687239,489,488.8716948259567,-0.1283051740433052,1.08281712253319,1.4593358851819986,51.05636324035392,-5.390771249771657,51.60471573836109,Rainy,198,29763.29854324083,198.4873643523814,6037,41.73956469993879,0,1.2862183673770338,96.74308971261812,0,98.36350321188412,Low,410,2020,8,3,30.6164,0.7656,-0.0262,1.0003,9.4422
Bridge,Houston,11061403,15516328.026786515,4454925.026786517,674,977.228212711114,303.228212711114,0.2600047212364869,0.8637865914054366,160.15994285077664,16.559194012922926,85.69277486560688,Rainy,148,17207.086391742952,343.422195054858,6994,86.24371691839394,4,9.126216027700922,64.78859506912963,0,18.303280725174066,High,869,2020,8,3,40.2745,0.7129,44.9893,0.6897,28.2044
Building,Houston,21871102,30953264.48856528,9082162.48856528,735,806.076645692865,71.07664569286499,1.9706942031146149,1.896827991020933,356.2623918134453,18.274438259060023,28.576339977596568,Sunny,183,32672.03800627164,141.97231041543134,3451,46.62008642951218,4,1.3527715191016874,62.090720951857634,0,33.34295818697352,Low,242,2020,8,3,41.5259,0.7066,9.6703,0.9118,16.4294
Tunnel,Chicago,29105186,39263289.189078085,10158103.189078083,789,886.243739499435,97.24373949943504,1.366173878920346,4.554171134948769,104.56920201161152,35.604997897245475,34.841949535156026,Cloudy,269,48973.44826095882,489.1129645043184,1024,41.64911168976226,4,5.636960166441636,51.781143287704936,0,17.738055718753746,High,664,2020,8,3,34.9014,0.7413,12.3249,0.8903,16.0953
Bridge,Chicago,43505100,50619330.67705745,7114230.6770574525,288,390.4975281764255,102.49752817642548,0.6422677300805026,3.0767392031428717,101.19288146204724,14.408096860528463,22.06793780280453,Rainy,209,10009.144466489755,844.7011623816519,6962,56.42173095798093,1,1.44128121729113,63.77979673853245,0,34.62682534621638,Low,807,2020,8,3,16.3526,0.8595,35.5894,0.7375,16.0709
Bridge,Houston,6301358,7979586.407454291,1678228.4074542914,551,607.9150432889801,56.91504328898009,1.2130359490089642,2.059732743061318,234.9322736161565,21.3969164049372,50.37546747419616,Rainy,219,14545.642942487297,122.19731946820971,3556,56.16075274366626,5,1.6408008862704833,84.67632136129942,0,18.31612892776345,Low,882,2020,8,3,26.6328,0.7897,10.3294,0.9064,12.4168
Road,Chicago,19283361,19210455.31087117,-72905.68912883103,795,1169.6337870468044,374.6337870468044,0.3080164955310885,4.672053972856074,341.5266673737019,18.98890161824021,39.4483029695258,Snowy,278,26289.254214471865,707.7911741264494,8632,89.15912574081787,4,8.984838828321028,71.30180813697808,0,55.74779800804254,High,753,2020,8,3,-0.3781,1.0038,47.1237,0.6797,16.7341
Road,New York,20425418,26638569.741425697,6213151.741425697,385,516.9613146387229,131.9613146387229,1.9350896707344087,0.2423211623791116,370.4323965115687,-7.898846893343492,80.89341537232247,Snowy,239,48587.621690566826,939.2462870623656,1060,82.64003475657012,1,7.892429922661992,75.843517582588,0,49.45200881682848,High,662,2020,8,3,30.4187,0.7668,34.2757,0.7447,21.1868
Building,Chicago,18970147,19113408.666961648,143261.66696164757,222,279.3775751107796,57.37757511077956,0.4320914769783952,1.0513808895093069,130.30280334426865,23.836819312830272,62.34585692384285,Stormy,266,39731.4399321498,313.23507536006406,8675,98.89656563992084,9,2.7724705592040237,95.86477983074428,0,25.664529734790683,Low,698,2020,8,3,0.7552,0.9925,25.8458,0.7946,10.3348
Tunnel,Seattle,48905202,64377328.7410299,15472126.741029903,424,605.6997288425849,181.69972884258493,1.331257604304907,2.829443025508795,85.8146663174191,35.542380717583875,62.98635165829912,Stormy,209,45420.31369232736,724.2713566548833,1122,82.6907740187091,7,6.5842117589282845,55.73448913356582,0,25.732710439766752,High,334,2020,8,3,31.637,0.7597,42.8537,0.7,25.0641
Road,Chicago,5889084,6111449.312955375,222365.31295537483,466,433.2698119745154,-32.73018802548461,0.5663634788239679,3.077763115965896,473.1786652754949,-1.3374698558307898,57.23374878169117,Snowy,148,20017.16818141068,977.5917109901804,6616,65.09533319536288,5,8.15211611588094,53.56203576212995,1,66.34981663474535,High,271,2020,8,3,3.7759,0.9636,-7.0236,1.0755,3.7632
Bridge,Los Angeles,41687888,40459378.46095005,-1228509.5390499458,534,562.9628865774225,28.962886577422523,1.463366627032218,0.1977875328130657,167.2998721529458,22.688245365962764,26.42952360604407,Cloudy,135,49641.73132003676,966.0502541372168,2186,81.93565965671301,9,9.006315772301782,92.59653745619472,0,44.840920509148894,High,705,2020,8,3,-2.9469,1.0304,5.4238,0.9486,5.2284
Tunnel,New York,1871522,1869969.9357367968,-1552.064263203181,655,772.2592793488176,117.2592793488176,1.575960597756534,2.015193789535661,434.0059239239257,22.648579944552797,51.151307860774864,Stormy,265,9627.476722887082,311.43627372622893,6158,99.96754403118412,2,5.2147623415523165,88.74278987153534,0,15.057544305993122,Medium,634,2020,8,3,-0.0829,1.0008,17.9022,0.8482,6.8136
Tunnel,Los Angeles,23826747,21472551.96111275,-2354195.038887251,262,271.4810264049231,9.481026404923114,1.379497484931722,3.2457698241543635,438.5711527082682,-0.9698269769002684,89.96536327959616,Cloudy,216,7383.780772074537,190.29794789086185,8864,82.60851295375168,8,9.077498896610836,63.18670934725162,0,92.81733397903612,High,777,2020,8,3,-9.8805,1.1096,3.6187,0.9651,4.5011
Bridge,Los Angeles,16523665,21997026.10058385,5473361.100583851,289,389.0931594781932,100.09315947819316,1.2675489744848658,3.490352732017008,397.635166293145,-3.2095034448095188,78.46605035922104,Snowy,113,43502.11821743126,233.45428410632437,5089,85.70088135881909,3,5.570650654458054,66.21170631870415,0,46.44572372288204,Medium,824,2020,8,3,33.1244,0.7512,34.6343,0.7428,22.0417
Road,Seattle,30538040,40903891.51931205,10365851.519312046,369,535.6126580752948,166.6126580752948,1.7956912785088222,3.1906995125813467,125.97512299365654,43.90285686370667,82.54213379169812,Stormy,167,46726.91915931438,731.8321016339279,3472,96.30190091141556,2,7.19405237959922,65.51389178878301,0,63.19427993710193,High,689,2020,8,3,33.9441,0.7466,45.1525,0.6889,25.5678
Bridge,New York,49410263,59735032.0480111,10324769.048011102,430,496.3326909421783,66.33269094217826,0.2493907508805402,1.6028161218046226,419.8106566643901,11.654554330917064,77.62584514725496,Rainy,207,9076.341089574578,753.182987907948,8450,46.819075678701,6,9.811264234826252,82.39043990109556,0,89.68707549265362,High,362,2020,8,3,20.896,0.8272,15.4262,0.8664,14.0589
Tunnel,New York,49470777,49313345.18826375,-157431.81173624843,470,519.4813932315544,49.48139323155442,0.7287380549823708,0.4676006179895475,396.162751658714,2.5081950797941097,27.212918540168783,Snowy,240,10104.234203562868,706.8129054653791,3964,82.28705760686361,7,3.1235661027507406,53.06057534944897,0,46.1943097546283,Medium,565,2020,8,3,-0.3182,1.0032,10.528,0.9047,5.1831
Dam,New York,36736338,34904392.43049527,-1831945.5695047304,824,1216.9906819688129,392.9906819688129,0.5717462112986074,2.1355622320966705,318.5253455477977,-0.577150055009378,35.92137778453598,Stormy,163,6492.837099009822,402.4705489680143,9104,91.04835747804694,6,2.516691484742303,74.47007926318635,1,83.85940354701243,Medium,753,2020,8,3,-4.9867,1.0525,47.693,0.6771,16.0112
Dam,New York,20382100,18577823.10409285,-1804276.895907145,380,443.42635468467927,63.42635468467927,1.977226527924301,0.6437721868402774,201.74091582602875,26.71809424707793,20.218515594948677,Cloudy,273,9702.840318922585,252.79924578230992,2310,97.26271601325358,0,4.078169424800832,56.69364845563726,0,92.32770021426548,Medium,584,2020,8,3,-8.8523,1.0971,16.6911,0.857,5.823
Building,New York,32607303,32589333.316801544,-17969.68319845572,505,602.6816653361328,97.68166533613282,0.8398405813670595,4.738118292603335,168.12887191994486,23.519491353000333,41.2457087414678,Cloudy,208,14423.89175601264,622.6849827570278,9346,52.65815738270196,0,2.4795912044827846,90.98692704631236,0,25.666064529703316,Low,425,2020,8,3,-0.0551,1.0006,19.3429,0.8379,6.2988
Bridge,Seattle,36259675,52014986.80226401,15755311.802264012,690,766.5830471495489,76.58304714954886,1.4919641285567575,2.375854330113141,104.85014543616154,25.39536676430796,27.60251816425448,Stormy,136,48653.44785095004,535.3124011820798,3212,70.23574046345465,4,3.557465251343868,69.03315021549827,0,90.3243214002978,Medium,770,2020,8,3,43.4513,0.6971,11.099,0.9001,17.8766
Bridge,Chicago,38829124,40573409.986201786,1744285.9862017855,588,850.0887012786824,262.0887012786824,1.4009778113739086,1.5862958717843378,279.3906801053921,-5.159668486870126,53.09553417111081,Cloudy,89,35053.71000078562,755.9507324100731,7792,80.8332908586689,7,7.686867910335436,76.37860966097296,0,20.784920203574032,High,840,2020,8,3,4.4922,0.957,44.5729,0.6917,17.6569
Building,Los Angeles,30188752,33586882.342842825,3398130.3428428248,786,975.7194059157208,189.7194059157207,0.5029543512070177,3.8315203555945,313.3673939794309,39.14440209241403,67.39892420017313,Stormy,210,40034.88614833439,497.22407081705927,9703,54.848063770080245,9,5.297716323291585,51.4658804389393,0,34.761466844139974,Medium,829,2020,8,3,11.2563,0.8988,24.1373,0.8056,13.4776
Building,New York,34327716,33064706.323894568,-1263009.6761054322,687,932.4683648362738,245.46836483627385,0.5540955924019475,2.4897429629113192,211.70254573210423,11.409651824497654,81.2153706526654,Stormy,240,39926.273166118495,404.7757252178216,9378,76.02837179501644,2,4.375371650454117,52.91321567705262,0,82.73903028852129,Medium,650,2020,9,3,-3.6793,1.0382,35.7305,0.7368,11.9942
Building,Chicago,3975605,4108456.92897801,132851.92897801008,780,1081.9255441882146,301.92554418821464,0.6344406707507647,1.5501701200622504,263.9115804563909,7.235317353669686,72.44520155636287,Cloudy,74,29078.318740064657,364.13071962311295,2845,55.45472694987996,7,4.318516047482138,83.75274153667331,1,91.06160934588505,High,602,2020,9,3,3.3417,0.9677,38.7084,0.7209,14.8787
Tunnel,Chicago,39653586,48041697.10244757,8388111.102447569,251,277.38246571273913,26.382465712739133,0.8811418286928204,4.059838711954009,213.58150581617,15.429879598625655,85.70099170449537,Sunny,213,40887.003997085776,290.32328804477186,8660,60.00742123189883,2,2.750769774100479,88.3385272570666,0,71.57249095357514,Medium,244,2020,9,3,21.1535,0.8254,10.5109,0.9049,10.4495
Bridge,Los Angeles,32664126,41308739.53048468,8644613.530484676,426,494.2522710854891,68.2522710854891,0.5452176247360009,4.33576075500561,338.45272579431554,11.453633616119554,23.77288032756521,Rainy,201,31811.338957548636,339.17173856799525,2702,66.4911217906519,3,5.026703088582957,85.50177923011006,1,19.434326457024348,High,192,2020,9,3,26.4652,0.7907,16.0217,0.8619,14.3514
Tunnel,Seattle,47831679,50089878.97986322,2258199.979863219,820,1155.448113007882,335.44811300788206,0.1373378172190108,3.365040831443385,455.5666435084535,37.49673517265303,20.8525884791579,Snowy,144,19154.57439215109,185.34739495969123,1390,71.75140592479401,9,6.621720028193586,86.85093182289302,1,57.06930492142773,High,392,2020,9,3,4.7211,0.9549,40.9083,0.7097,16.8132
Building,Houston,14763700,13798734.167491116,-964965.8325088824,787,879.8291770613176,92.82917706131764,1.7708468079336714,0.2348221120383364,123.7641179211252,41.10935363588406,66.29366796853489,Rainy,235,30249.954894578037,412.1713098360006,1654,66.96195229750904,6,2.252393510664014,55.23099252746645,1,61.53706981447943,Medium,421,2020,9,3,-6.5361,1.0699,11.7953,0.8945,5.1891
Bridge,Houston,24066465,27306285.81522248,3239820.815222476,766,1054.292587334471,288.2925873344709,1.93465867962368,2.8316144008326605,221.63396445640555,6.689926904728342,40.25466871555724,Snowy,216,29007.886376053106,132.91283112666238,6835,69.59173118727576,2,9.755315753231931,84.67254205487706,0,35.367375700059185,High,672,2020,9,3,13.462,0.8814,37.6361,0.7266,17.6805
Tunnel,Chicago,15573834,16204917.252628293,631083.2526282929,745,1091.1235681907733,346.1235681907733,0.7489837353599791,3.816474559986408,113.39087177788758,37.51646941029751,37.74507112740412,Snowy,95,42055.38741916943,267.7724624496941,5271,57.91532537729756,3,4.989530587840602,59.08737913445468,0,99.2166226210358,Medium,392,2020,9,3,4.0522,0.9611,46.4595,0.6828,16.7514
Tunnel,Los Angeles,42707317,44062520.69878129,1355203.6987812892,523,666.2634150687406,143.26341506874064,0.7431630709083984,0.6825150604179109,331.2246966835244,32.98377212431869,43.1620961385656,Rainy,254,49177.72478217466,772.0934001574861,9955,49.53790564135784,7,9.531648250762553,54.90077159383927,0,40.20651611734576,High,872,2020,9,3,3.1732,0.9692,27.3926,0.785,12.4761
Building,Houston,10176748,15020042.31467313,4843294.3146731295,233,313.3794947857741,80.37949478577411,0.1134744442713048,1.1433537569230168,377.9917292698681,41.1944219789619,38.88572405246549,Stormy,187,23496.915443941874,392.9220898089604,4400,42.84099863961037,3,2.211930339617667,87.85804152274206,0,28.92292923648333,Low,517,2020,9,3,47.5918,0.6775,34.4976,0.7435,25.6692
Bridge,Chicago,23941230,30400102.00959571,6458872.009595711,707,977.8222797678494,270.8222797678494,1.3924763078277107,4.412475525340682,469.36072966885513,3.5162671702238306,55.80054844111111,Cloudy,264,39352.58052986118,701.4133152796095,6319,51.75872334950006,8,7.904943578554122,94.47030585507824,1,19.9122425786844,High,352,2020,9,3,26.978,0.7875,38.3058,0.723,22.7661
Building,Seattle,46501579,57388857.25113854,10887278.251138538,790,1111.5487935770086,321.5487935770086,1.6683358019223946,0.1006086092653701,175.4923668174342,21.73275325665385,50.81039130568928,Sunny,259,9489.33518171601,745.1957580375496,7732,74.91661849034699,3,6.558742454891904,85.83549537025795,0,44.06511347858242,High,851,2020,9,3,23.4127,0.8103,40.7024,0.7107,21.1463
Bridge,Houston,29911861,34382639.16231013,4470778.162310131,711,808.4297539297092,97.42975392970924,0.378555770684006,3.76363568912988,477.5950426394436,5.099952160724454,55.869998596365946,Sunny,81,39957.41162517299,623.0668084589022,7674,87.16692686818794,3,8.380577075890336,90.27867264073768,0,72.3356822481448,High,343,2020,9,3,14.9465,0.87,13.7032,0.8795,10.871
Dam,Chicago,25276628,29254325.00929303,3977697.009293031,737,685.9687016476264,-51.0312983523736,0.4033660637975864,2.3688664625721145,78.46820231930366,35.325196976640584,67.08995280503053,Sunny,146,21713.761039695444,962.8279672288586,2085,50.15485584657367,4,6.406101306596846,99.5544077560808,0,30.827538396323494,High,644,2020,9,3,15.7367,0.864,-6.9242,1.0744,6.8022
Road,Chicago,40770506,49925237.8226463,9154731.822646298,372,424.49878374004027,52.49878374004027,1.6011581749457318,2.2338607941980344,321.35623851406467,-9.707169518591463,47.09913562798038,Rainy,213,6772.5573300359,119.29587996080193,6446,46.51332146635891,0,9.665529699185257,56.73779557033423,0,79.25897957172349,High,676,2020,9,3,22.4543,0.8166,14.1126,0.8763,12.9032
Road,New York,11511846,15170977.01304563,3659131.0130456295,237,309.1081358752976,72.10813587529759,1.270952421872875,0.0354826624744358,75.70972370449849,21.065053958751783,37.591538099950974,Rainy,205,21346.07803529797,764.7873855293279,5376,84.95742163295502,6,6.642386478368718,98.25762762165192,0,22.186114094955443,High,879,2020,9,3,31.7858,0.7588,30.4254,0.7667,21.1918
Road,Seattle,47669316,62984878.88223482,15315562.88223482,616,720.849502584581,104.84950258458105,0.1852350594926623,4.096991154832464,452.1983844928752,8.656188719955491,31.634037576612183,Stormy,193,32478.92379147401,962.9079795463672,2963,58.30949983223738,8,8.061437128100213,80.05989027450512,0,49.64211378807136,High,574,2020,9,3,32.1288,0.7568,17.021,0.8545,17.9572
Building,New York,39143159,39261228.25718745,118069.25718744844,290,391.3195882497093,101.31958824970934,1.2828392818783352,1.7991245031828322,288.4140756815243,7.747603889280114,44.46318836728379,Sunny,65,10366.257545665994,876.0445564176454,6177,97.08996635364116,8,8.898235952800306,90.66265786725104,0,73.21363660954368,High,882,2020,9,3,0.3016,0.997,34.9378,0.7411,13.9515
Dam,Los Angeles,44562003,53477418.27502615,8915415.27502615,308,343.1703529658091,35.17035296580912,0.6869436734031554,2.7038281565027145,351.20675784325823,25.46984781257044,71.92645326723203,Stormy,67,46581.552159361454,251.103422624512,5572,82.85907823662238,0,7.431251240894141,82.5084590793835,0,22.177846241887394,High,487,2020,9,3,20.0068,0.8333,11.4189,0.8975,10.914
Bridge,New York,9978989,11447645.279283756,1468656.2792837543,885,1133.5491389262395,248.5491389262397,0.8005777953946073,3.386503431678297,424.20826665970367,36.831644712269664,72.96934370780286,Sunny,185,8495.258597277736,394.1382756265589,8543,59.605362834581854,5,5.718129909068443,78.50188943926746,0,63.805798899547966,High,362,2020,9,3,14.7175,0.8717,28.0846,0.7807,14.9843
Tunnel,New York,14792249,21039255.0877628,6247006.087762799,505,510.9852008707544,5.9852008707543405,1.5624896947640723,3.513147882189579,117.63978011778596,23.50574652663294,66.68337706789472,Rainy,283,46850.30239249248,255.2066558888189,9907,57.372564867622295,2,3.455353708870783,85.18094970108439,0,81.9057261175215,Medium,808,2020,9,3,42.2316,0.7031,1.1852,0.9883,14.1161
Bridge,Houston,29098059,37212092.113997206,8114033.113997206,187,252.37925079156412,65.37925079156415,1.6407768660779602,4.779900294130361,67.36620287216023,36.92451382556974,36.38197227148122,Cloudy,257,36821.18830710589,641.1775274332336,1242,71.42190317627855,3,8.690433520561022,66.01293322564914,0,63.59940066602859,High,689,2020,9,3,27.8851,0.782,34.9622,0.7409,21.1923
Tunnel,Chicago,4683909,5712038.453533449,1028129.4535334492,208,255.30285690786565,47.302856907865646,0.8606775909956782,2.6566997661830456,445.4965156607835,4.552841153456647,61.16603720982884,Cloudy,296,19837.047893639163,740.969183781543,7510,44.74868009669257,7,5.325204274198105,96.21357617459564,0,56.031753189476575,Medium,887,2020,9,3,21.9502,0.82,22.7418,0.8147,15.8726
Bridge,Seattle,36094032,34983663.54446064,-1110368.4555393606,291,297.5296422402365,6.529642240236512,1.899590578412074,1.9985977548721376,191.71995235651963,18.57260201207396,59.94827631037936,Cloudy,297,22583.7656469092,385.3663924267524,4915,47.060590758717936,3,6.586374037015531,55.76462860278893,0,85.44695978825565,High,725,2020,9,3,-3.0763,1.0317,2.2439,0.9781,2.5904
Dam,New York,42019538,53086758.78279893,11067220.782798933,852,916.0249918920792,64.02499189207913,0.8722791641089371,4.76851813245854,108.04050856722438,14.77950964868918,53.89863386768079,Cloudy,124,38336.42141297349,585.5559165858659,1837,50.55147287897155,7,1.7130388409282784,65.9015592043231,1,98.6878315001095,Medium,743,2020,9,3,26.3383,0.7915,7.5147,0.9301,11.8985
Tunnel,Seattle,20847987,20229267.60118244,-618719.3988175616,310,418.2412197962208,108.24121979622085,1.5664884669372088,3.210551175127605,260.8075566891889,-9.359530527329708,58.498529046870495,Snowy,247,32066.19953965433,721.8285130640755,4323,86.48341559827361,3,5.476161908141648,51.55811766002517,0,26.31816571196573,Medium,803,2020,9,3,-2.9678,1.0306,34.9165,0.7412,12.1702
Building,New York,18920863,20856920.351387247,1936057.3513872477,367,436.56879209266685,69.56879209266685,1.019366802672092,1.490751781382778,319.23773406320845,20.624667872740705,54.42534428365676,Sunny,50,35223.93146547253,479.2058349499435,3953,70.83144155614735,8,7.283418796178605,63.56615238230459,1,72.22117071947835,High,773,2020,9,3,10.2324,0.9072,18.9561,0.8406,11.8132
Bridge,Los Angeles,33453189,32974981.647639114,-478207.3523608856,854,879.2945100574101,25.294510057410093,1.80531142039196,0.6323212270178558,63.93677154012956,26.383837828039617,59.58194562518757,Cloudy,239,22512.4077431066,868.6139774099133,2432,40.634027366466576,5,6.25664718940393,60.910653857070216,0,17.2591798905583,High,406,2020,9,3,-1.4295,1.0145,2.9619,0.9712,3.1399
Bridge,New York,46554686,61230780.1956566,14676094.195656598,888,1314.5620902292949,426.56209022929465,1.8247463629353395,4.212772507325907,173.70304621568948,22.555292243048854,70.08541682347902,Snowy,174,26951.606681341957,794.3949417590354,7854,80.41099164832653,0,5.036993704411345,52.48154303393156,0,13.855692157655248,High,615,2020,9,3,31.5244,0.7603,48.0363,0.6755,24.8756
Tunnel,Houston,24933622,25525827.14585496,592205.1458549611,654,869.2150577761469,215.2150577761469,0.2660919349550593,1.8109080139707576,64.75994342460321,30.49539443308818,27.673973608240782,Snowy,253,49544.0367817052,158.1989894655136,8655,65.42141071962982,9,3.010845850747023,74.5887031924311,0,35.273707320790905,Medium,601,2020,9,3,2.3751,0.9768,32.9075,0.7524,12.9869
Building,Chicago,2416953,2743521.112562951,326568.1125629512,543,800.5345284414656,257.5345284414656,1.8793373294894289,3.302348606822156,239.15092513797453,21.42367406491924,72.47380265043165,Snowy,298,14626.529172487297,659.0127691817461,9431,70.65114189782787,1,3.787031800811436,73.43180209278049,0,97.38278096741918,Medium,733,2020,10,4,13.5116,0.881,47.4281,0.6783,19.2393
Building,Los Angeles,31250211,44919205.37277895,13668994.372778945,383,442.8487394238069,59.84873942380688,1.6685161988887898,2.3540820968294907,452.79501307981,-6.32873598320837,29.512030508931595,Stormy,87,23803.528393495915,311.79299586377465,9330,52.846974604776136,6,7.30561922346071,53.887272194933445,0,59.69760862320439,High,200,2020,10,4,43.7405,0.6957,15.6263,0.8649,20.4712
Dam,New York,20471461,20933907.82464784,462446.8246478401,391,463.3585399262776,72.35853992627761,1.603490357194067,0.9946488989751916,492.1935851721061,-3.5954961753408714,24.66395988872623,Stormy,269,18132.04344082853,601.7664382005478,9611,73.10693370364622,9,3.01771628955459,63.09252657042071,0,34.14442095598701,Medium,733,2020,10,4,2.259,0.9779,18.506,0.8438,8.633
Building,Seattle,30288010,36487451.91314049,6199441.913140491,800,1151.0185037688093,351.0185037688093,0.4817315454024926,3.0084330431023254,336.6713990766324,22.80610176491738,88.32557803550273,Snowy,94,39430.01796979324,961.1995983696696,1303,98.74919438508933,6,6.595539537779937,97.6661080233178,1,21.932748676446288,High,576,2020,10,4,20.4683,0.8301,43.8773,0.695,21.8228
Building,Los Angeles,1421280,1636693.4559492264,215413.4559492264,455,552.83846988699,97.83846988698996,1.6297264966338634,0.3034153447534116,122.73696220306633,5.1238555585502095,86.98942382093091,Cloudy,235,39380.56815495743,891.1558040970251,3162,44.40668146034569,2,6.307638513005829,55.53683122552101,0,92.81650627120024,High,804,2020,10,4,15.1563,0.8684,21.503,0.823,12.6593
Building,Los Angeles,1909245,1739082.4408478125,-170162.55915218755,252,333.7405714801369,81.74057148013691,1.71525219590157,2.066712299355961,457.6322254996876,-5.619517903087879,24.230558145839485,Sunny,130,18160.045744882817,464.0647628036185,7486,57.03504397986584,0,9.733757314481773,65.25093244297341,1,42.61299236842966,High,284,2020,10,4,-8.9126,1.0978,32.4367,0.7551,11.6778
Road,New York,16993238,23376830.5802243,6383592.580224302,858,902.0185973346988,44.018597334698825,0.6493856354628867,2.733074698318356,282.3115204400272,13.62815088967007,51.02774090324735,Rainy,178,8662.56424848423,362.36247250991806,5102,54.57985557164979,7,1.5470365823620291,51.79311992273293,0,37.60275433482984,Low,371,2020,10,4,37.5655,0.7269,5.1304,0.9512,14.5182
Dam,Los Angeles,49427722,46532618.91753364,-2895103.0824663565,422,492.9111418755086,70.91114187550858,1.9092941488884152,2.180234870592895,119.18719044631314,20.487742894601045,33.03714568098423,Stormy,81,5514.470450249182,310.9651699674331,7874,54.91295864507077,9,1.9731034656645532,57.44436013118834,0,87.21670887991047,Low,196,2020,10,4,-5.8572,1.0622,16.8036,0.8561,7.2357
Bridge,Seattle,35147064,41633560.544759005,6486496.544759005,281,273.7136473756259,-7.286352624374103,0.194734278158412,3.743360876254954,464.7770012532476,8.08102935922836,53.97414279940927,Cloudy,185,24235.273995911848,579.2633827808681,2168,62.72238145392264,9,5.554751190811813,84.96985537328948,0,64.39625485397835,Medium,299,2020,10,4,18.4553,0.8442,-2.593,1.0266,8.4475
Tunnel,Los Angeles,13425714,16599646.460314792,3173932.460314792,864,884.3800505986169,20.38005059861689,0.3848275811695654,4.139624772726562,390.8610728253964,29.62385362241779,78.11240700997112,Cloudy,167,23465.19174510969,202.8236079322507,1415,89.08658708465005,6,5.743988428182711,68.33582503314693,0,25.177250047746448,Medium,572,2020,10,4,23.6407,0.8088,2.3588,0.977,10.1486
Bridge,Seattle,30920720,39487487.10334308,8566767.103343077,350,315.19811720620254,-34.80188279379746,1.1214041622978772,3.85621537016589,379.2673727254182,25.407383445568456,86.54282423200232,Rainy,89,49477.54453879383,594.3475073154237,6243,94.77152139786324,9,1.3593489292465413,72.60382853395603,0,47.935947836725454,Low,604,2020,10,4,27.7056,0.7831,-9.9434,1.1104,10.3835
Dam,New York,27638002,36293643.2088446,8655641.208844595,832,768.4011137830112,-63.59888621698883,1.1940056951323883,0.1940647390590105,369.1313167074821,8.305009860041956,64.39768574160762,Rainy,233,26141.093406395583,101.2002755417128,1149,52.1329052475384,7,8.432698787735069,57.84891975653281,0,93.54079612951372,High,308,2020,10,4,31.3179,0.7615,-7.6441,1.0828,12.4819
Tunnel,Chicago,17439220,18345421.689706203,906201.6897062026,367,545.4978978635598,178.49789786355984,1.3257851582717164,0.970643852229861,140.15291949339905,31.517989089970836,44.77339670482719,Cloudy,240,16538.826630893927,391.4646676712604,7524,72.57699627688677,0,5.452511482926061,84.10700864456508,1,91.10832171079193,High,309,2020,10,4,5.1963,0.9506,48.637,0.6728,17.2405
Dam,Los Angeles,13259034,12012515.963395672,-1246518.036604328,620,648.1555745908756,28.15557459087563,0.1322413456993862,2.683037546318872,144.95301126838672,25.678227339316948,62.232789595121886,Rainy,284,45105.32484641604,297.9408824475231,6899,78.21393832992882,2,4.119793719764759,87.57607990456268,0,16.309881345187975,Medium,751,2020,10,4,-9.4013,1.1038,4.5412,0.9566,2.5863
Building,Chicago,6730385,8978779.124075139,2248394.124075139,265,343.96640281113633,78.96640281113633,1.924696871782048,4.674110202219007,359.7318492922648,25.05949582948461,41.84009142759152,Cloudy,287,27098.05773441103,974.096910964704,1838,71.30964846183069,1,3.8696839355338826,59.05560247583699,0,34.175187347736,Medium,739,2020,10,4,33.4066,0.7496,29.7986,0.7704,19.9355
Tunnel,Seattle,26580123,32464801.677852217,5884678.677852217,655,919.2661816282472,264.2661816282473,0.1847173761948736,4.174783875260585,148.87523754967862,20.438523543288746,83.68765485824423,Rainy,265,31962.903584476,754.518087612981,7144,66.04458365181517,0,8.752664633987632,52.24967318099711,0,23.908545822623445,High,208,2020,10,4,22.1394,0.8187,40.346,0.7125,20.4962
Building,Los Angeles,36935918,51771991.15440676,14836073.154406764,231,284.2215396501878,53.22153965018782,0.3718177101744645,4.212672541759009,247.402263561372,-9.373568255129596,80.92803241740859,Rainy,123,9305.091969269572,414.688042416014,8466,51.51853035155427,4,2.770595797853623,54.04705671545092,0,58.04305428325104,Medium,276,2020,10,4,40.1671,0.7134,23.0396,0.8127,20.3161
Bridge,Houston,48368963,67369888.70026456,19000925.70026456,290,287.6471430146084,-2.352856985391611,0.1266275832995082,1.5160409687983745,401.9008215172736,28.3078950912289,59.07622251957627,Cloudy,160,22231.23832983983,183.56057787755844,2320,69.29316155195431,2,2.443759348893483,82.85228786015088,0,77.49849853272866,Medium,189,2020,10,4,39.2833,0.718,-0.8113,1.0082,12.6737
Bridge,Chicago,42722758,60068014.06888148,17345256.068881482,222,296.78510945317737,74.78510945317737,1.17703102325878,2.147239485393513,402.7786331440285,10.682298511003603,42.73592407662524,Snowy,152,47490.0653513204,565.1205352215616,2523,64.07288966267973,9,2.9186067630095485,56.77553012474195,0,36.59888900403708,Medium,421,2020,10,4,40.5996,0.7112,33.687,0.748,24.6697
Tunnel,Los Angeles,13550508,16139424.642486025,2588916.642486023,390,491.4588299633025,101.45882996330248,1.8713070794498472,2.353529736579687,253.96779763663685,41.84353405872606,40.53727729080848,Cloudy,152,31527.742287894143,292.1030931934381,6234,87.73380175013618,7,6.625202928867672,74.69594170844178,0,78.21964696467896,High,411,2020,10,4,19.1057,0.8396,26.0151,0.7936,16.2613
Tunnel,Chicago,34214626,37642145.87192299,3427519.871922992,379,507.3863840175931,128.38638401759312,1.365299615552882,0.7868579167495521,406.4854722238603,34.9891624092463,22.339259629354164,Sunny,123,20502.583481410773,582.786591308522,7144,85.81626154977971,5,8.298377700655681,57.6320765463085,0,70.18440157622513,High,463,2020,10,4,10.0177,0.9089,33.875,0.747,15.8275
Dam,Los Angeles,44860083,61679694.7005478,16819611.7005478,806,1097.6494668136877,291.64946681368747,1.663049190112812,0.1553406512222815,427.3798082891256,22.32319582422217,77.10745957177068,Rainy,213,33155.023128421686,851.8261187610033,1552,48.03992087234025,9,3.978808244093616,58.50740241026199,0,75.53999884667651,Medium,894,2020,10,4,37.4935,0.7273,36.1848,0.7343,24.6993
Dam,New York,14605804,17100131.616755486,2494327.616755485,205,304.47547522522365,99.47547522522363,0.1252342865713021,4.734514497302584,344.6490880779171,3.8700090000598175,51.52682491273056,Stormy,266,45968.49903101523,654.2132968912468,4756,45.31114315378406,8,2.561157983033316,50.21802516707593,0,95.3419341972388,Low,379,2020,10,4,17.0776,0.8541,48.5246,0.6733,21.7929
Building,Chicago,8085904,8167291.19380039,81387.19380038977,478,594.6979487116605,116.6979487116605,1.1298290671114797,1.2035629283175338,152.79163353878909,1.204456630271661,42.75930498801851,Rainy,163,17329.577021266552,670.409577590502,4671,94.48923659365018,8,2.8827475086575847,66.0412127929194,1,48.21506747080325,Medium,258,2020,10,4,1.0065,0.99,24.4138,0.8038,9.8026
Tunnel,Houston,14824880,20947324.345869903,6122444.345869906,256,282.87607490927644,26.87607490927644,0.9731696572604916,1.1997445186181566,173.3053011734964,8.721166072265202,52.97772484984277,Sunny,172,27730.25233118035,586.9272601565303,1481,72.13050333786987,5,6.572654006660659,54.48986330364302,0,40.831122215033126,High,352,2020,10,4,41.2984,0.7077,10.4985,0.905,17.8536
Bridge,Houston,7699744,11007060.669491172,3307316.669491172,316,407.3488799882849,91.34887998828492,1.0480390940195068,0.4168952688437977,191.6785199339309,16.21123689690102,77.31165933182564,Stormy,106,48141.07942602899,934.5390693682682,1599,91.46805623695543,1,3.2143170359280693,69.69806376702127,0,71.54624873185189,Medium,646,2020,10,4,42.9536,0.6995,28.9079,0.7757,22.4013
Dam,Seattle,11587999,13671357.292705525,2083358.2927055229,199,187.2718206835696,-11.728179316430442,0.2372050521368571,4.642538759718892,102.5618484802784,6.283603052142091,28.72299453952648,Stormy,123,12757.826448430367,938.7124159785428,8677,43.48906723398407,8,8.895522082162302,79.88921548087919,0,82.68014273300112,High,760,2020,10,4,17.9786,0.8476,-5.8936,1.0626,8.7727
Dam,Los Angeles,26801543,25338710.397948924,-1462832.6020510755,619,890.3933640246372,271.3933640246372,1.400427186031684,2.89868557469886,172.9218291664753,18.321122246586555,80.0359191769279,Cloudy,132,37384.87665185202,561.450880966197,2982,71.59093699129781,1,1.9350221897288256,68.37659739640586,0,27.23007625383445,Low,595,2020,10,4,-5.458,1.0577,43.8438,0.6952,13.7401
Bridge,Chicago,37355877,42312839.52739669,4956962.527396694,390,378.9351566531381,-11.064843346861949,1.0561187882314054,3.3351842856267693,144.28365094063946,-0.904626596774774,82.82561845758478,Snowy,287,32651.645369134207,375.183538429154,2634,72.36559087457418,2,1.2913168060496818,85.25408154176677,1,86.21196407332852,Medium,628,2020,10,4,13.2696,0.8828,-2.8371,1.0292,4.6391
Dam,Seattle,26974082,37281488.22985941,10307406.229859404,730,800.5951629939884,70.59516299398842,1.5537828147364017,4.557884436315263,254.89793741387095,43.7742047054025,86.26955405237217,Cloudy,222,35585.380901328565,513.6283052914995,8830,91.642121952529,5,1.7954042136481354,87.0725884019679,1,15.206724189918226,Medium,266,2020,10,4,38.2123,0.7235,9.6706,0.9118,15.724
Building,Chicago,47467514,68403745.3949127,20936231.394912705,614,853.1205982226629,239.1205982226629,1.022052204717259,1.7281008445039476,458.7968965425192,-4.064149476925337,47.82415946958395,Stormy,128,20804.88338004064,267.9021209760541,3997,45.85659989378245,1,8.610788083476884,84.83031936804059,0,10.57543768684176,High,280,2020,10,4,44.1064,0.6939,38.9447,0.7197,26.8375
Tunnel,Los Angeles,45807180,46818769.524408616,1011589.524408616,386,485.7375468213929,99.73754682139293,0.3838251088302209,3.1075365556904204,97.01614253928112,41.25692768099047,35.19982828263703,Stormy,257,19124.57180676942,672.7098837862804,1686,54.42673382055456,4,6.861065676990949,96.83567798157492,1,24.258443446556143,High,187,2020,11,4,2.2084,0.9784,25.8387,0.7947,10.5863
Bridge,Houston,12953070,12178271.330829712,-774798.6691702884,618,702.1600509188755,84.16005091887553,1.331688212747862,0.1939972736444373,374.120565776328,40.24679062714822,46.15485729266889,Snowy,179,35789.43517647667,550.08310220401,6529,64.39229883322079,1,9.619701698055254,61.86471384975755,1,98.08004682759092,High,379,2020,11,4,-5.9816,1.0636,13.6181,0.8801,6.2094
Tunnel,New York,7839789,11182755.558969509,3342966.558969507,845,1000.5318793031358,155.53187930313584,0.4275340879998158,0.9338626411556468,359.2773519859075,18.89482650007239,43.303846736198224,Rainy,142,14699.44782970454,192.9704300319519,2759,91.95048852519652,3,4.026668871427819,59.47282265574883,0,57.12088398559988,Medium,684,2020,11,4,42.641,0.7011,18.4061,0.8446,19.7195
Dam,Houston,9570556,10849593.465104343,1279037.4651043434,221,312.2129843386091,91.21298433860908,1.7575496703741484,4.156229025449712,93.08938939851096,29.87006495098464,32.33077387520021,Snowy,245,23884.46351865523,277.88300300765377,8023,96.33299890423402,2,2.914103152087294,80.48557446209335,1,14.191067036269844,Medium,266,2020,11,4,13.3643,0.8821,41.2728,0.7079,17.374
Dam,Seattle,20360030,24942188.69118991,4582158.691189911,590,651.3615526652018,61.36155266520177,1.2649208542315589,3.833841781691679,465.15758220761,13.98265638849233,62.50866690710416,Cloudy,294,13467.85907238131,531.6687605795742,7208,99.56347717561768,4,6.057777153823743,79.74385047170917,0,99.74581156447417,High,222,2020,11,4,22.5057,0.8163,10.4003,0.9058,11.8834
Bridge,New York,15994127,23684734.82537878,7690607.825378779,702,998.0964472428866,296.0964472428866,0.398687378758213,1.7532134572857343,305.81249097056883,24.6519017648341,53.36369123560402,Rainy,99,5373.717850549839,898.8300916469725,8234,97.55160918751127,5,5.840454512140737,75.50491668374036,0,77.04201293443202,High,564,2020,11,4,48.0839,0.6753,42.179,0.7033,29.247
Building,Seattle,35761183,33613324.74977144,-2147858.250228561,789,751.8228396243658,-37.17716037563423,1.928442309214293,1.8840531388710624,213.6764845110579,8.731676558161528,80.59906946268026,Cloudy,78,48652.581201713125,609.7516485679877,3480,40.35650535066127,6,6.319215893757896,50.21765957471322,0,85.42045683560947,High,800,2020,11,4,-6.0061,1.0639,-4.7119,1.0494,2.4638
Road,Los Angeles,32707157,42159224.61339771,9452067.61339771,606,827.8439117690581,221.84391176905808,1.0848943803371092,2.667772167767897,390.442362572888,6.563746088199494,22.24767063374408,Snowy,272,24426.634039538854,713.3815001876237,8476,42.862500487232325,9,4.127804763943139,77.76191149529993,0,29.16464738320751,Medium,614,2020,11,4,28.8991,0.7758,36.6079,0.732,22.2777
Bridge,New York,1953692,1845190.3027446824,-108501.69725531782,454,639.4719752441101,185.47197524411013,0.2385070585561445,0.0012050234256727,165.81445628073533,21.80263823932325,65.07075492885885,Rainy,130,48620.73264889214,405.1256947695188,8770,48.85640914945532,7,1.0530724603310808,96.63990284364894,1,19.49044908127219,Medium,587,2020,11,4,-5.5537,1.0588,40.8529,0.71,13.8665
Road,Seattle,17994986,20249422.266713805,2254436.266713805,627,632.6998009974069,5.699800997406896,1.2909825183886277,1.206221680190139,362.07942667084416,17.39713208011892,73.40642149580927,Snowy,59,11314.558389552174,614.2702537398109,1114,60.93172580621639,8,1.3152848764655514,66.72888445564314,0,56.35764484458709,Low,662,2020,11,4,12.5281,0.8887,0.9091,0.991,5.8942
Road,Los Angeles,22614133,31259261.119403467,8645128.119403467,548,634.6979398439795,86.6979398439795,0.5810779233243394,1.0411590430410722,67.87004340751125,21.87450030324896,73.16405984318149,Sunny,204,31431.505075586872,502.6418403742607,1568,89.79508185921753,3,6.974438152802616,98.37995966601252,1,79.49581158540182,High,843,2020,11,4,38.2289,0.7234,15.8208,0.8634,18.2098
Building,Houston,41523561,48170791.31918088,6647230.319180876,399,398.7206460544792,-0.2793539455208247,1.627017558566875,1.2524147337488172,427.7336169241724,5.766331970786265,82.02517769668675,Stormy,166,14043.831475605784,693.2169213608446,8951,93.55937172012884,3,5.709322433399333,67.8378339598847,0,67.40025870866478,Medium,196,2020,11,4,16.0083,0.862,-0.07,1.0007,6.5444
Road,Los Angeles,33401727,50046121.952570245,16644394.952570245,756,1000.9156329117772,244.91563291177715,1.653861939775762,4.029529212667207,251.6768811595933,10.18268074993474,71.03236199806459,Rainy,282,40553.33571334736,145.51800947110934,3689,51.21006437767498,6,8.389101336861462,56.99272512589089,0,66.79533983663539,High,824,2020,11,4,49.8309,0.6674,32.3962,0.7553,27.546
Road,Chicago,11825853,14610079.453238176,2784226.453238176,411,501.9167596040046,90.9167596040046,1.9599999761238576,1.3983692827322158,336.51181146107376,-5.385612165409988,84.94670431533874,Stormy,192,40266.63449424389,543.9701946150633,5590,77.17984909718251,9,3.703688729081173,69.92017074635692,0,78.13864753194878,Medium,327,2020,11,4,23.5436,0.8094,22.1209,0.8189,16.2401
Building,Los Angeles,17515348,19138973.320708703,1623625.3207087032,507,649.5653620686712,142.56536206867122,1.053552108946557,0.9576066102507408,149.55701891300765,-7.124799525028686,43.2859619874624,Sunny,109,10067.321706769031,366.3933626295703,4340,95.0417191039166,9,8.339250135080576,74.73056564617721,1,30.43187429981608,High,456,2020,11,4,9.2697,0.9152,28.1194,0.7805,14.6846
Road,Los Angeles,32343819,33380981.63094801,1037162.6309480108,622,633.128936068058,11.12893606805801,0.9644180714827004,2.5213173039651577,354.6831706963016,3.940142132015895,55.224659172608014,Rainy,285,46042.90037943751,393.5665551501184,3988,67.82390415587925,8,4.82942272106389,81.47322050882956,0,69.53673536298905,Medium,411,2020,11,4,3.2067,0.9689,1.7892,0.9824,4.0647
Road,Chicago,33479425,37172618.06315609,3693193.06315609,231,237.24797648046533,6.247976480465354,1.5316036503483133,4.32822518186366,397.50812415197447,-5.916422736819984,20.985576429802347,Stormy,208,13758.334124145107,964.8256884022552,4151,46.21261431716704,1,1.8702854699170357,75.2439081011167,0,45.28996022218216,Low,545,2020,11,4,11.0312,0.9006,2.7048,0.9737,4.6949
Road,Seattle,23687400,26613266.80131119,2925866.801311191,555,513.3186093947988,-41.68139060520116,0.3516942470496604,1.2067485191874994,262.94593409797943,-4.292391025089262,20.487031111230387,Stormy,198,32583.98037152121,264.42533144024446,4015,67.46881900507749,5,9.801204063316248,76.8359313703109,0,16.277813678830526,High,407,2020,11,4,12.352,0.8901,-7.5102,1.0812,6.6658
Bridge,Seattle,33555703,31583574.15704577,-1972128.8429542296,442,483.2123103339075,41.21231033390751,1.139139476206936,0.3926812139639934,327.97711582780744,34.71106229666654,36.8088634316064,Rainy,109,49353.512903946685,380.1207273207372,7345,62.54769413728343,9,5.607423362309679,51.20335191788027,0,28.19283456190468,Medium,830,2020,11,4,-5.8772,1.0624,9.3241,0.9147,5.7187
Bridge,Los Angeles,19567224,21949426.28688261,2382202.286882609,446,551.1876713728914,105.18767137289136,1.1378704402486168,1.7820236792483235,255.34666572007936,-7.861946664082088,27.056503799735967,Stormy,107,44707.84406448637,558.9033181577846,4574,74.65947976396042,9,6.665306625661117,62.681008456699466,1,81.46033652844032,High,615,2020,11,4,12.1745,0.8915,23.5847,0.8092,13.8608
Bridge,Chicago,39067502,46042735.37903353,6975233.379033528,538,761.1413902383377,223.14139023833772,0.2699989333397357,3.738259122824889,452.3411161660305,26.24185366641085,38.21479575550275,Stormy,218,48045.37678525261,876.7242533346613,8838,66.31952106442623,7,7.037174678406111,65.5348328969586,0,90.63376282724111,High,578,2020,11,4,17.8543,0.8485,41.4761,0.7068,20.6066
Building,Chicago,27504354,36680979.59204423,9176625.592044229,496,644.8776083637034,148.87760836370342,0.8941697624631357,2.753452723473973,274.0411312314436,4.990676184847029,32.393030616987815,Rainy,223,20416.94470481537,475.0030748857334,2608,41.04075561122308,4,4.261710270041926,99.35442689407245,0,35.45396303755392,Medium,390,2020,11,4,33.3643,0.7498,30.0156,0.7691,20.6663
Dam,Houston,22244167,28784790.499182835,6540623.499182835,503,584.102610402045,81.102610402045,1.7212411172776838,4.0839668478717375,428.8139190629685,37.93501243894696,21.996401738705377,Stormy,94,9750.903899875851,769.478752799354,1559,99.63986400482028,4,7.727754878759236,64.77838692435168,0,27.13248442051139,High,570,2020,11,4,29.4038,0.7728,16.1238,0.8612,16.0038
Road,Seattle,45124953,59802267.82813788,14677314.828137876,845,1243.7318979978277,398.7318979978277,1.7266918817898544,4.79796073804617,410.6084262216119,16.674575651762474,83.65129024842346,Stormy,173,13475.609298025254,870.7366883933221,7621,72.61241426383425,7,8.832398188159154,94.82894244121428,0,12.405205382065732,High,678,2020,11,4,32.5259,0.7546,47.1872,0.6794,27.0804
Road,New York,2478768,2243330.17619912,-235437.82380088,831,1106.51565700711,275.5156570071099,0.2885515633473939,3.963312383758085,234.72716960676044,6.806705263030416,20.575619197222405,Cloudy,75,27522.27027844762,379.014720239664,8126,68.41784532907657,0,4.484682787724729,65.23681002705393,0,95.29276497281306,Medium,719,2020,11,4,-9.4982,1.105,33.1547,0.751,10.8433
Building,Seattle,10953821,11289012.739524402,335191.7395244017,742,1081.9095483144074,339.9095483144074,0.2723696772208786,3.019015394218767,153.53802133586376,18.4701414629189,71.52575010359598,Cloudy,151,40695.33552229949,453.4751651848389,6565,97.27704229024324,5,6.913007979683934,54.80551655211956,0,71.5469432531687,High,742,2020,11,4,3.06,0.9703,45.8099,0.6858,17.0436
Road,Seattle,16008832,20763624.36601971,4754792.366019711,808,982.974649442346,174.97464944234594,0.599121406303677,2.4667079402619025,232.7369596518969,11.007691047489786,30.650352084366155,Sunny,100,11756.913988274384,420.9006013195207,5435,49.351622055224624,9,7.814114415794885,62.38086995304722,1,96.13270945388444,High,670,2020,11,4,29.7011,0.771,21.6553,0.822,18.7697
Bridge,Houston,26853976,31966801.726412456,5112825.7264124565,600,633.2055389255303,33.20553892553028,1.7620555188525877,0.2003454317413333,421.79781909884906,21.03655855684066,83.856073539972,Cloudy,213,34687.91895173407,849.5702277561289,6650,51.354256152714896,8,2.711133079201732,63.6414192457149,0,87.74642646734995,Low,621,2020,11,4,19.0394,0.8401,5.5343,0.9476,9.5143
Dam,New York,34957412,31573118.014854208,-3384293.9851457924,225,209.63160265923747,-15.368397340762527,0.344914911639648,4.921609894070206,152.43464111872655,-3.700692242050847,82.495715771292,Cloudy,101,19560.992181778038,139.91217575824103,9803,88.48088494376701,5,3.9933647595637063,98.9124296944492,0,40.64199334213669,Medium,440,2020,11,4,-9.6812,1.1072,-6.8304,1.0733,1.7987
Tunnel,Houston,27204160,37615104.583114855,10410944.583114857,779,1040.4720595835518,261.4720595835517,1.467993924992148,1.9174056128752128,285.99635563598724,44.83447765469031,65.773080245848,Sunny,258,20354.093257646902,377.578979945812,2881,55.64986480150053,6,1.9791626174285937,83.71457527836185,1,20.14147411799561,Medium,529,2020,11,4,38.2697,0.7232,33.5651,0.7487,23.1463
Road,New York,29044174,39607126.02930619,10562952.029306188,899,874.5308371241852,-24.469162875814845,0.2922146772648961,0.761141069584334,412.7435365823364,13.405573273319463,67.05639048604236,Stormy,100,34786.297857106685,711.4677018356168,5169,87.95362637749162,3,6.419876178233831,96.5840497810483,0,54.9151115374124,High,531,2020,12,4,36.3686,0.7333,-2.7218,1.028,12.7946
Bridge,Los Angeles,10557540,12975760.350042634,2418220.3500426337,448,484.5859544795048,36.58595447950484,1.2839619221208682,3.333544276982284,209.06486380777045,9.152685183905277,20.3737399378782,Stormy,180,26014.97387899491,608.8991496088083,4863,56.29200897451015,9,8.208439262387706,91.74975111024108,0,12.413241803590392,High,699,2020,12,4,22.9051,0.8136,8.1665,0.9245,12.7632
Tunnel,New York,25334476,23811316.51905549,-1523159.4809445103,780,951.196384889664,171.19638488966393,0.7765278683263751,1.4214414454772966,338.9943366512138,29.06154165739457,88.94100962795214,Cloudy,63,41541.49818616972,492.66042336432486,8436,41.99125781350009,0,6.497547909264402,78.92992453390488,0,23.492496532910465,High,499,2020,12,4,-6.0122,1.064,21.9483,0.82,7.884
Dam,Houston,15722791,21381565.453293286,5658774.453293286,560,693.6439734939953,133.6439734939953,1.5989365296351474,2.928891354655238,160.53420832196653,10.014467357243287,81.44828225030702,Sunny,226,12016.332934827216,585.953404499246,4708,71.02088343320295,8,2.618054478793396,83.76939621227817,0,31.00893661135752,Medium,317,2020,12,4,35.9909,0.7353,23.865,0.8073,20.0804
Tunnel,Seattle,15163844,18958264.67102323,3794420.671023231,297,374.3239257031077,77.32392570310765,0.5440118527681909,2.933839539222956,99.17575041567196,35.83008677658167,82.65743580110644,Stormy,254,40547.67213951673,277.8261272454864,2709,51.80118604761168,5,5.917316419235236,81.24185968480157,0,69.90819365300277,High,729,2020,12,4,25.0228,0.7999,26.035,0.7934,17.5008
Bridge,New York,41487099,56803139.691834,15316040.691833995,745,744.8161326663162,-0.1838673336837928,1.3144834758409236,2.228649104514346,407.4729012917854,14.984889839823389,66.14711759356103,Snowy,282,7890.586162583939,487.6449594472094,8860,85.47077757594826,2,8.514407336737687,83.31315130958933,1,55.88897265586865,High,802,2020,12,4,36.9176,0.7304,-0.0247,1.0002,13.1782
Tunnel,New York,10837695,14642248.272452062,3804553.272452062,295,332.71352065343183,37.71352065343183,0.5477968156941814,4.180593077725213,94.53588053391806,29.57571272959892,44.13508500581756,Rainy,268,13732.424611052224,551.5326857587141,2692,78.47197799392889,3,3.724523164703972,63.23868323136381,0,37.2177600501518,Medium,547,2020,12,4,35.1048,0.7402,12.7842,0.8866,15.7116
Building,Chicago,3108542,4295387.200060776,1186845.2000607755,809,1027.6860778425755,218.6860778425757,1.4559545379130925,1.324835307777215,172.12162778581308,-4.09007309569624,82.55540543633366,Rainy,50,34526.73715264244,911.0702097591414,1125,95.41616007867506,9,8.493863520273763,70.40625671039686,0,60.82915592722059,High,399,2020,12,4,38.1801,0.7237,27.0317,0.7872,23.0623
Tunnel,Seattle,41476928,50220465.16421031,8743537.164210305,439,650.5502889445388,211.5502889445388,1.7599882656654229,2.243162958088671,434.799239898848,36.53655520553115,40.40618497058347,Rainy,234,43471.65454299821,334.7516465235787,2199,86.97930143594415,5,8.061609553929891,79.63079057990731,0,21.268238399953056,High,516,2020,12,4,21.0805,0.8259,48.1891,0.6748,23.3932
Road,Los Angeles,10326243,10163033.744234497,-163209.25576550514,254,339.49098538543257,85.49098538543257,0.340923418340844,2.688460642954857,205.91117918540024,30.464489272796044,59.3898080339542,Cloudy,194,16370.583248270706,881.0456519484393,7092,50.84655729044361,5,1.1956672705300735,51.796423252792856,0,78.01373141367513,Low,402,2020,12,4,-1.5805,1.0161,33.6579,0.7482,11.3365
Road,Houston,19163905,24964713.33593303,5800808.33593303,659,957.8975255549508,298.8975255549509,1.7465318083314567,3.318123603836498,487.8704072813725,1.644422815408113,26.981168064071767,Rainy,289,19723.622262301084,679.8172607433837,3711,88.00949419988778,8,3.1550933267695176,74.14174507008467,0,74.08316248779559,Medium,827,2020,12,4,30.2694,0.7676,45.3562,0.688,24.9187
Building,Los Angeles,46759166,59490951.42833605,12731785.428336048,484,656.946381734437,172.94638173443695,1.227792983387166,3.919859252527948,490.8804506482369,-2.0092694639817346,84.53689410929252,Rainy,227,29170.4336729033,118.30674796084088,7228,78.5042226888414,3,5.8864816521795325,92.98634666989268,0,29.48524081124765,High,539,2020,12,4,27.2284,0.786,35.7327,0.7367,20.6656
Bridge,Seattle,46010023,61899672.42891199,15889649.428911991,186,233.4356137283919,47.4356137283919,0.3415099326473455,1.9740364143912803,170.72420920410053,7.396079179909343,29.853932043984933,Snowy,275,14520.776292018603,752.1682032094543,6995,80.1370985056375,4,7.458556330173334,74.6183863792665,0,64.5752400198676,High,508,2020,12,4,34.5352,0.7433,25.503,0.7968,20.3032
Road,New York,37400662,37472793.0525141,72131.05251409858,545,553.2916417075847,8.291641707584745,0.9123295251834528,3.23023472048298,68.4402000124507,43.68388223175474,35.74277640112851,Stormy,63,41502.03177143775,131.99668979414955,9182,89.93577315820892,4,8.924774730875463,77.61616843277497,0,55.29723438675141,High,642,2020,12,4,0.1929,0.9981,1.5214,0.985,3.0992
Dam,New York,14970696,15224975.067147875,254279.06714787707,813,1056.909260993168,243.9092609931679,0.405634557621686,0.7530547653425956,367.2784778924206,4.125736601188224,59.06939106897505,Snowy,295,39813.649025259234,997.6430141324316,6502,74.42944415133641,2,6.7693808644110485,60.09525602575954,1,15.473468066481978,High,740,2020,12,4,1.6985,0.9833,30.0011,0.7692,11.2638
Road,Seattle,19895649,28535249.23251313,8639600.23251313,702,894.3674731823129,192.3674731823129,1.430660988846482,4.663240502712393,252.94392619175468,15.08699649206483,73.4865100149087,Cloudy,296,11538.127038460172,885.373018922078,6760,67.96021086118077,1,4.423097541245852,89.7171671992719,0,35.0338525152521,Medium,561,2020,12,4,43.4246,0.6972,27.4028,0.7849,22.3328
Road,New York,6553535,8847184.950827155,2293649.9508271557,527,664.8007516985876,137.80075169858765,1.5418494553941045,1.9152940321050176,95.33877978180934,-8.348887585546503,63.35459141554092,Rainy,236,25872.337931748447,367.6093727860411,6582,78.19846212152368,7,2.661644860635838,67.94391440187644,1,99.95344336214671,Medium,769,2020,12,4,34.9987,0.7407,26.1482,0.7927,20.2764
Bridge,New York,4678621,6760313.028018956,2081692.028018956,617,736.6187283292468,119.61872832924678,0.301013388518318,3.647607109882192,368.3852685401193,11.84751412614279,36.24937389601093,Stormy,130,39867.24949945796,331.6701071770349,3498,57.877445737501546,9,7.8403226991618835,97.82937767397722,0,18.95820949997344,High,796,2020,12,4,44.4937,0.6921,19.3872,0.8376,22.5323
Tunnel,New York,39111198,53004637.29100542,13893439.291005418,394,479.5744211830647,85.57442118306471,1.0616657201198243,0.1017054094108882,64.02870910036455,21.42260084882065,20.066012976924323,Rainy,52,20179.828899653665,443.296973895048,3565,50.95582786522596,8,2.861034033917081,99.68574041297896,1,55.57701763199447,Medium,348,2020,12,4,35.5229,0.7379,21.7194,0.8216,19.3449
Road,Houston,16074661,20226636.364887223,4151975.364887223,608,669.2046338926845,61.204633892684456,1.6477876064492427,1.025935714524035,441.58851072150895,42.42185368793808,73.00054062152074,Rainy,147,33489.80702229793,420.5502687829987,7989,76.99527028427478,9,7.258874693214248,95.80002712979214,0,86.44003791531195,High,396,2020,12,4,25.8293,0.7947,10.0666,0.9085,14.0205
Building,Houston,40781450,52709193.90507922,11927743.905079223,677,820.2448157513036,143.24481575130358,1.8787097789468932,2.4354127216178902,112.39363810098668,18.420482471703544,88.96451281377657,Cloudy,89,7259.590465590772,435.10403654684296,5790,54.03090214512866,8,2.6309045563408664,54.2438372408072,1,37.058668570464754,Medium,557,2020,12,4,29.248,0.7737,21.1588,0.8254,17.2482
Tunnel,Chicago,22777762,32651392.343435798,9873630.343435794,719,732.3256177096956,13.32561770969562,1.075683946809363,4.391262338661733,107.29034543602626,35.050902939772826,76.69391842142633,Rainy,138,32390.994223819307,386.4488915075324,6024,44.794906560796406,4,1.81948465278518,66.65915777480134,1,33.46377750943755,Medium,298,2020,12,4,43.3477,0.6976,1.8534,0.9818,14.7242
Dam,Los Angeles,10686599,13329224.510376329,2642625.5103763286,546,755.1751325752593,209.1751325752593,1.9055305248616732,2.636275749753385,129.05253408586304,20.09202034128953,52.21446327096307,Sunny,174,11869.384100027317,659.0200661634983,9307,40.03325107511523,8,3.2599020133588104,97.25688175512587,1,90.17137465212912,Medium,369,2020,12,4,24.7284,0.8017,38.3105,0.723,21.1637
Bridge,Seattle,7971138,10198551.3097346,2227413.3097346,492,497.6413570270585,5.641357027058518,1.1178090438664567,4.649352411469395,482.11986132142994,-7.756824261046504,83.26370829793746,Stormy,243,42376.24963015031,247.83729734856155,2031,76.49916408400404,3,3.5643682497260283,90.22666474222189,1,37.434695228341575,Medium,549,2020,12,4,27.9435,0.7816,1.1466,0.9887,10.0399
Dam,Seattle,31450573,31258285.127682906,-192287.8723170944,717,681.8524979104484,-35.14750208955161,0.848961939739825,2.4189844829139817,361.9262121142307,7.325455135437572,48.6893371182845,Stormy,211,20995.22586112153,861.3831632014119,2241,61.72892700881421,1,6.82488221045419,95.55917946537149,0,68.63439801275128,High,328,2020,12,4,-0.6114,1.0062,-4.902,1.0515,1.565
Tunnel,Seattle,49791739,58970982.11914952,9179243.11914952,233,270.6871944847306,37.68719448473058,1.7115859442505017,2.4522454836797496,410.6171909586365,21.65522293071068,56.74538589704273,Sunny,267,17669.923822768807,831.1622356281838,2742,85.13865824040735,2,2.4479503096785304,78.62765968205494,0,76.62816858978843,Low,855,2020,12,4,18.4353,0.8443,16.1748,0.8608,11.2726
Tunnel,Chicago,44757228,59519874.5270701,14762646.527070098,720,932.3888138666188,212.3888138666188,1.0366671498703692,0.5987339425026594,228.93574357973887,42.28266812621184,53.39908371769783,Cloudy,144,42840.00395201682,528.8348870697434,6709,62.51058389878615,0,9.372762216881991,74.01987940937651,0,80.97559743763945,High,831,2020,12,4,32.9838,0.752,29.4984,0.7722,20.6192
Tunnel,Houston,45050399,47869005.09917333,2818606.09917333,646,751.0590413442405,105.05904134424054,0.9966147700725936,4.013281220761099,201.34072737723,37.25216978631783,51.33367108658675,Rainy,58,7256.481038231459,867.4569687506928,6999,69.1602068942936,4,5.989255177080461,55.32481585022255,0,99.52836735762968,High,667,2020,12,4,6.2566,0.9411,16.263,0.8601,8.7537
Dam,Chicago,43161441,44083046.02782784,921605.027827844,343,365.65600035557935,22.65600035557935,1.0315937298786737,1.2348270623353126,155.51780305242647,2.559558779836621,74.2633538505734,Rainy,143,22847.39597004552,322.430563027264,5090,64.4250983689231,0,5.4183855773481895,91.97357711615496,1,82.28728627389103,High,553,2020,12,4,2.1353,0.9791,6.6052,0.938,3.7058
Tunnel,Seattle,27150956,29548279.117032923,2397323.117032923,513,633.5050904014777,120.50509040147767,1.7088915035525165,4.498062446861575,266.291612740584,2.106040651053993,56.87382350886444,Stormy,133,21650.15932587641,115.80891013357024,9160,79.03448746656076,0,4.912250628775309,87.25707742102392,0,69.1310941198781,Medium,872,2020,12,4,8.8296,0.9189,23.4903,0.8098,10.6784
Dam,Los Angeles,9547900,9976604.307607666,428704.30760766566,726,804.5542173055543,78.55421730555429,1.680688929207299,4.5541211016519805,298.32293009037585,1.0645131912645418,42.17019854176512,Cloudy,70,17816.016841229786,657.2871325268408,7883,61.368349720898095,6,6.099412122551719,52.94383015077061,0,90.59172019830764,High,339,2020,12,4,4.49,0.957,10.8201,0.9024,7.0129
Tunnel,New York,31885970,32808991.738298044,923021.7382980436,527,769.2727636180414,242.27276361804135,0.8666879856364013,4.716550559370749,334.29867964373994,40.73743929663768,38.07107173609349,Cloudy,270,46028.94494006647,512.1184662682438,6129,97.82605899653852,1,1.2020227044560403,60.470729479764266,0,91.51701720750528,Low,530,2021,1,1,2.8948,0.9719,45.9721,0.6851,15.1005
Building,Houston,30856890,35636946.43487271,4780056.434872709,452,657.0213618604887,205.0213618604887,0.7332697337539975,2.60115244551545,165.70332679941254,36.89663842059464,22.642312187720336,Cloudy,74,38791.7777082525,610.4480916662835,5403,96.1688191959118,7,9.910777371211742,77.86387816575052,0,97.58498118936537,High,467,2021,1,1,15.4911,0.8659,45.3587,0.688,21.6371
Tunnel,Houston,42099621,60821453.31822002,18721832.31822002,899,1080.0793596929484,181.0793596929484,1.0346632456743456,3.385468923918222,476.8943364063458,32.61858877391218,60.82366133181322,Rainy,151,7876.542388637245,909.4054681165628,7577,90.88167415943688,5,6.017719385748394,84.22012010323193,0,79.88187380288375,High,467,2021,1,1,44.4703,0.6922,20.1423,0.8323,21.5873
Dam,Chicago,12556367,15120826.50920502,2564459.509205021,593,650.3611250716964,57.36112507169639,1.1882677685005072,3.8925794003083176,126.39132419321112,11.600431282332517,36.0972990780724,Cloudy,171,37160.93522457294,972.9330162093491,5897,95.21801623436488,3,1.3167550192616,56.88351321305032,0,27.543459753831783,Low,405,2021,1,1,20.4236,0.8304,9.673,0.9118,9.8923
Road,Houston,43406977,43960512.68872918,553535.6887291819,679,911.4077454459348,232.4077454459348,0.5528407001931942,0.655073093252328,484.5439286448856,17.740938736432174,30.36937454114682,Sunny,221,28728.460990795727,671.0078257800427,1163,66.94838130756347,8,6.309798442296398,62.241240923116194,0,73.88254800135911,High,702,2021,1,1,1.2752,0.9874,34.2279,0.745,13.5129
Tunnel,Seattle,16275664,15399756.617017316,-875907.3829826843,272,250.7915523764365,-21.2084476235635,1.608514660959622,3.0047859749874863,56.6852551283767,15.538245963733406,65.76809746793744,Snowy,74,45539.05524807106,787.6500308671946,4310,72.18582380736953,9,4.933708824607109,59.6555105854507,0,16.761559747943664,Medium,701,2021,1,1,-5.3817,1.0569,-7.7972,1.0846,2.7867
Road,Seattle,3681206,4850701.907051161,1169495.907051161,864,1023.7202527330288,159.72025273302893,1.0243172548916035,0.1714895065165583,266.5065613175805,3.9368959157654952,67.68464804750842,Cloudy,186,19082.55278067613,175.42759013844784,4388,84.52555555349467,7,1.2163392699976798,60.99985763352712,0,38.616663512385415,Low,452,2021,1,1,31.7694,0.7589,18.4861,0.844,16.7199
Building,Chicago,34742203,39247546.1293189,4505343.1293189,258,284.26286143304765,26.262861433047647,0.7346865419979232,2.4878304169436296,200.01552715245325,17.77654253818218,72.65084245803662,Snowy,152,30837.28998243123,244.64402640235505,1995,81.76875549631247,9,9.319858769417255,96.03565617843832,0,20.422675928402512,High,581,2021,1,1,12.9679,0.8852,10.1794,0.9076,10.6082
Bridge,Seattle,18014415,25095855.738978896,7081440.738978896,801,1163.309546380288,362.3095463802879,0.3029598866315821,0.774213408101137,252.10553626861287,-8.322689868098504,55.2503827437014,Rainy,239,27533.98736334437,759.8843244576789,7161,93.44071573632826,2,1.0951018486643205,85.7909786519377,1,95.4948346198786,Medium,362,2021,1,1,39.3099,0.7178,45.2322,0.6886,25.9817
Building,Los Angeles,41844645,54218376.8924701,12373731.8924701,396,359.2519192799893,-36.74808072001065,0.5538058047668531,0.9146146298104236,306.79906054135506,-2.750429457639746,82.58382236427207,Cloudy,285,27030.240780242257,488.22891074920176,2877,82.97986163540172,2,6.200845091900392,86.85534902016516,0,40.48787010019258,High,844,2021,1,1,29.5706,0.7718,-9.2798,1.1023,10.5113
Tunnel,Chicago,15392507,21206947.5606889,5814440.560688902,537,661.4169529564521,124.41695295645206,1.903634226336369,1.8252378334630075,246.01512110571903,38.762427789292055,85.54399273787595,Stormy,203,25524.742978274568,501.3687433639651,9103,99.87308249370764,3,9.656116728636016,89.69976554346412,0,74.18940817989248,High,667,2021,1,1,37.7745,0.7258,23.1689,0.8119,20.8142
Road,Los Angeles,20634497,21937929.14072512,1303432.1407251172,797,1071.4853244660603,274.48532446606055,0.6796894049571005,2.162185833582515,236.68108263571773,31.34238718672828,76.51596578547426,Rainy,106,14253.326398952657,377.746913471893,4264,60.91034798989546,8,3.138440472847234,67.828652132203,0,61.41865922075146,Medium,303,2021,1,1,6.3168,0.9406,34.4398,0.7438,14.4547
Road,New York,45675521,60082281.60144446,14406760.60144446,686,817.0334036648953,131.03340366489533,0.4208326497973671,3.1158621226609364,379.7255369359879,13.25776249824979,64.4915437405731,Sunny,86,39006.94651215767,646.6207451299695,2348,89.97986453436508,8,3.28761166819237,88.35923071995703,0,19.67602717514232,Medium,805,2021,1,1,31.5415,0.7602,19.1011,0.8396,17.4503
Dam,Los Angeles,31000601,32812189.036054853,1811588.0360548531,738,702.0164617560531,-35.983538243946896,0.975278304144487,0.3721420921925783,358.6443237889091,18.443269925613247,41.260466751383206,Sunny,65,25310.12147326799,266.64854087458235,3251,81.85808936995986,4,1.0038081570413713,98.92066971614685,0,60.52100030927897,Low,593,2021,1,1,5.8437,0.9448,-4.8758,1.0513,2.7539
Road,New York,46545655,68116823.97952072,21571168.979520723,360,534.0516602460269,174.05166024602693,0.6834667123844724,2.518458806187223,424.9720769161315,10.349938727798758,88.80614451341549,Snowy,86,48133.23237511726,664.2246513825061,8290,81.48318671290112,8,1.597160547891828,84.9197122970471,0,69.49211890823855,Low,351,2021,1,1,46.3441,0.6833,48.3477,0.6741,30.327
Dam,New York,35305950,45256034.13906195,9950084.13906195,755,914.1587254133724,159.1587254133724,0.1668025755152689,0.9131256512655056,162.481541557773,30.742892693836986,39.18953170343568,Snowy,125,16736.379223674936,256.4189714217157,9018,59.55013569069993,5,1.4039957041937932,70.83765561462695,0,89.33655315822666,Low,467,2021,1,1,28.1825,0.7801,21.0806,0.8259,16.0597
Bridge,Los Angeles,18290529,20022771.595169578,1732242.5951695775,425,539.117492301348,114.11749230134797,0.7139759128308927,2.869875875158709,324.28782938932864,33.130294857764376,34.18598453933018,Stormy,201,35723.47278321685,157.44343123874222,7590,87.13610754538135,7,8.40390655319583,85.81798928554873,0,16.307707817722886,High,614,2021,1,1,9.4707,0.9135,26.8512,0.7883,13.9774
Tunnel,Chicago,46874626,49767124.04850827,2892498.048508272,423,440.7515628511654,17.751562851165374,1.1338063854849902,3.1870230613059176,313.33765342678424,31.98068546117375,50.9507879650608,Stormy,75,47332.26858375988,397.3219198291549,8658,94.02256134085596,7,8.530638129504272,95.03973501314348,1,36.60705865871565,High,865,2021,1,1,6.1707,0.9419,4.1966,0.9597,6.2163
Dam,Seattle,29380039,29807693.409325022,427654.409325026,685,815.2177129788963,130.21771297889632,1.1482535068379371,2.783546282764269,216.38201489270995,29.74364486589473,23.978839949867197,Sunny,69,34855.624535724164,308.0263078088629,1432,53.11290769123378,9,7.540300757660704,56.43807718379868,0,72.31068495213512,High,292,2021,1,1,1.4556,0.9857,19.0099,0.8403,9.4477
Bridge,Seattle,49383190,65027022.87289868,15643832.872898685,601,695.6513068001709,94.65130680017091,0.7774619502360884,3.691477552391538,268.7258938562064,1.24773862810377,88.49461252702535,Cloudy,186,44207.28084278276,900.0924747006991,6743,77.52981022700224,6,4.174705112653829,63.26473377923607,0,13.089847228463068,Medium,301,2021,1,1,31.6785,0.7594,15.749,0.8639,16.2632
Road,New York,32581133,33598621.185757205,1017488.1857572048,499,471.523815095394,-27.476184904606043,0.9498752368799412,1.6780462212045066,191.20196448757792,8.588348858226333,61.19034894914974,Sunny,264,42236.64318906528,149.45810848176393,6247,63.52808974616652,3,8.39129004899958,95.96481076644524,1,28.31981105597238,High,723,2021,1,1,3.1229,0.9697,-5.5062,1.0583,3.2151
Road,New York,3332214,4189199.326181581,856985.3261815812,266,256.3431924261758,-9.65680757382421,1.9344840446460565,3.8255329581656543,113.82997892764334,15.841498924102122,58.98664641649227,Sunny,152,21205.297197005173,258.9523233167106,8715,99.37288715769262,3,5.857970682185938,97.31164502222636,0,29.68033567642013,Medium,401,2021,1,1,25.7182,0.7954,-3.6304,1.0377,9.4871
Bridge,Chicago,28496053,30171079.95175285,1675026.951752849,396,555.3834706614208,159.3834706614208,0.8169621067375921,2.1638354085409683,146.21054479822976,8.19361452852106,65.9057395929804,Stormy,78,32005.577297277345,593.8476450247445,4817,68.7299689499009,5,3.7387924883193095,74.20695635589725,0,70.23937714962165,Medium,810,2021,1,1,5.8781,0.9445,40.2484,0.713,15.5857
Road,Houston,39636252,51415407.54721432,11779155.547214322,669,698.3637288157253,29.363728815725267,0.5906309451939676,2.420922491612984,97.4811408805405,31.521711008708092,54.79165534440447,Snowy,80,12031.760291511002,532.9604717627262,2070,53.69921042781656,8,4.935490922029514,68.72754817016488,0,35.73646115279027,Medium,218,2021,1,1,29.7181,0.7709,4.3892,0.958,12.8193
Bridge,Los Angeles,23043878,32007113.209104784,8963235.209104784,698,709.8485241036266,11.848524103626572,0.5625873837268442,3.2405106363053573,357.38130883555584,8.114443833747508,22.24444619661791,Stormy,68,29098.66472130198,141.2668165372314,5600,62.91145751330996,6,1.591909928511181,64.13909028015146,0,63.96360960341416,Low,676,2021,1,1,38.8964,0.72,1.6975,0.9833,13.6966
Dam,New York,34015348,46492692.83900999,12477344.839009993,457,549.7467199327881,92.7467199327881,0.9697527641378548,0.0917919199961198,347.3273268991182,-2.3972352268064565,62.86179021882777,Stormy,197,15368.988731645177,106.52718521363002,9306,79.23030338899758,4,9.504178180749223,74.93757705454843,1,96.88136020086765,High,412,2021,1,1,36.6815,0.7316,20.2947,0.8313,19.7937
Dam,Seattle,32263040,43765162.15432383,11502122.154323831,348,473.7144010284927,125.71440102849272,1.5430882825621937,3.2699711071012416,477.7728672109428,11.947224862656723,70.13217138695015,Stormy,264,38468.15667286005,989.2611477650348,1994,44.565362280974576,4,6.572047756166561,96.72655757955258,0,81.39186838011105,High,709,2021,1,1,35.6511,0.7372,36.1248,0.7346,23.6472
Bridge,Chicago,10042832,10169707.54980188,126875.54980187865,509,477.0184667740229,-31.981533225977103,0.491377549958099,3.092925745360577,378.3552861412586,43.89529380303092,49.172434243683725,Sunny,284,28762.62898514561,692.9512303229544,5318,76.21611521327426,7,7.581107304375156,57.49048137122277,0,39.96125241800554,High,328,2021,1,1,1.2633,0.9875,-6.2832,1.067,3.2952
Dam,Los Angeles,3250397,3097728.9999141837,-152668.00008581672,829,1033.0042592280683,204.00425922806835,1.4476626415674594,1.5492355837663996,73.42062744025915,2.423477711346674,73.0106900449835,Cloudy,76,23505.23131842472,428.8655178114012,5731,95.87348555073388,5,7.08925033377889,70.99153192736101,1,52.51599719554279,High,576,2021,1,1,-4.6969,1.0493,24.6085,0.8025,9.8004
Dam,Chicago,44942324,59295522.42558031,14353198.425580308,620,602.3462847366933,-17.653715263306708,0.1401846643638909,0.4289714244974474,447.9103282680294,23.6687262418776,35.890090953689445,Sunny,143,17095.86932751399,523.3890228969171,7068,91.02176725947103,0,7.009749860688826,95.58039284787444,0,28.060651189090255,High,840,2021,1,1,31.9369,0.7579,-2.8474,1.0293,10.983
Dam,Los Angeles,11390284,12768603.225435829,1378319.225435827,570,525.4696793823615,-44.530320617638495,0.8959726581694973,0.4546772495652057,438.2038233255766,13.813517741183848,35.48936137463288,Rainy,134,49941.43168285791,339.8951084088583,8670,44.060412199479,0,1.1553488694751608,67.4559635072126,0,11.414800927310484,Low,817,2021,1,1,12.1008,0.8921,-7.8123,1.0847,3.8613
Building,Los Angeles,42846292,49676322.396945566,6830030.396945566,675,628.861300625698,-46.13869937430195,1.574143623885295,4.616118734926143,249.4941443477144,-6.093648779287035,31.299189138130178,Stormy,93,8226.97343982197,410.3864053238888,5767,99.60339272434408,8,5.72834151806362,88.40407035217686,1,36.07438583123725,High,481,2021,2,1,15.9408,0.8625,-6.8354,1.0734,7.5279
Tunnel,New York,43397458,39868787.06774358,-3528670.932256423,560,784.2791403580363,224.27914035803636,0.7435926159714197,3.446396606129185,313.6383727375647,16.833213329893272,46.03963318524133,Stormy,212,6960.230625758901,684.1400205413926,1957,81.92361542223276,7,8.395392057629806,69.4629893120551,0,43.24677500844444,High,539,2021,2,1,-8.1311,1.0885,40.0498,0.714,15.094
Road,Chicago,31891320,33669129.364976615,1777809.3649766147,485,470.8299927357659,-14.170007264234073,1.171100492746259,0.635513068853702,489.2352496126335,28.619038075657187,79.29084247723586,Rainy,162,14776.583022223906,894.5306189806337,9287,49.73684945884142,5,1.4006696627043995,90.24633391615208,0,60.79304556266278,Low,417,2021,2,1,5.5746,0.9472,-2.9217,1.0301,2.9525
Building,Chicago,42280792,38907031.81651452,-3373760.183485478,852,789.8813774875637,-62.11862251243633,0.4894605423692305,1.7836158465445318,289.53696373167486,18.227098670530037,77.95384435043451,Stormy,248,48698.260638251886,265.7170207730664,3154,40.74496535016541,0,9.605491154994436,99.05011749786044,0,94.96599843373568,High,826,2021,2,1,-7.9794,1.0867,-7.2909,1.0786,1.9211
Dam,Seattle,2472542,3529582.04913542,1057040.04913542,692,804.6160331417373,112.61603314173726,1.5097912431397271,2.962414969507982,457.3948227692404,37.96583350606196,46.79769455744527,Stormy,199,49065.7175743993,856.3253548467868,1631,50.27695817752908,1,4.817437147053902,69.39110052876391,1,95.30668657646504,High,842,2021,2,1,42.7511,0.7005,16.274,0.86,18.871
Bridge,Seattle,5473014,5724980.67288515,251966.6728851497,367,516.1473625216339,149.1473625216339,0.1993302962106432,4.177858525453243,87.3674410145839,5.8915359161670455,61.23831151861656,Stormy,123,34471.74806474612,209.40096656644212,7045,90.29055524114432,9,3.609059428462341,92.25493272871005,0,16.30884689733599,Medium,415,2021,2,1,4.6038,0.956,40.6396,0.711,16.0948
Dam,New York,14245462,17584631.082203906,3339169.082203906,695,734.924292996039,39.92429299603896,1.7198310252634508,0.2183046435650426,135.9733409189073,-5.25629557828193,70.45714215324409,Rainy,136,44604.80002428821,293.4930012295521,1697,41.29835949670982,2,5.7863922547774855,99.42084124201504,0,65.31811115780533,Medium,382,2021,2,1,23.4402,0.8101,5.7445,0.9457,10.3127
Tunnel,New York,33463391,30899680.048918672,-2563710.951081328,823,948.9416905342974,125.94169053429744,0.4765731342011694,1.1831656573500444,248.339724548593,41.51110864119033,36.8844742239616,Sunny,192,14628.277887835791,133.45775924468137,1031,53.9888382170852,9,8.210927690587326,99.19150715056271,0,13.81173857990705,High,435,2021,2,1,-7.6612,1.083,15.3028,0.8673,8.033
Dam,Houston,4529801,5889232.487990257,1359431.487990257,606,559.91583284018,-46.084167159820026,1.7613562602458284,4.4487449514769,313.1405637517871,10.800799224052046,31.76987601263229,Stormy,143,48741.89423794806,226.73067588369952,7209,85.43833572009252,2,5.272795555917738,71.6885540766654,0,68.32729673341332,Medium,777,2021,2,1,30.0108,0.7692,-7.6046,1.0823,10.4578
Bridge,Seattle,34242121,37454593.77577231,3212472.775772311,681,796.3934808755102,115.39348087551024,0.7698055584709829,0.0458277509190824,417.3025333382601,21.702305329949837,88.04671952486177,Cloudy,147,11425.31825628041,925.5728309176455,5874,75.16663215388812,1,6.805951089277526,74.2880560274575,0,20.593275604763196,High,841,2021,2,1,9.3816,0.9142,16.9447,0.8551,9.4591
Tunnel,Los Angeles,39362595,56632993.07936633,17270398.079366326,439,547.243285439821,108.24328543982097,1.4730987915015246,1.006995513969437,494.71795181443406,33.56017193716078,63.229011924673294,Rainy,190,9550.633468174625,513.4948719565407,6562,86.9641426216115,1,5.499229490801739,65.1700780821501,1,95.17625425198904,High,414,2021,2,1,43.8752,0.695,24.6568,0.8022,21.8594
Dam,Chicago,34424949,49326508.116015926,14901559.116015926,692,859.8406087178906,167.84060871789063,0.706528065793758,4.79512087986483,224.9831734133524,7.837251513156932,88.69910052835647,Snowy,181,10049.51926612728,169.8992756005182,9740,84.76903022960727,5,6.681450309770432,65.70093818611825,0,87.79048142850725,High,524,2021,2,1,43.2871,0.6979,24.2544,0.8048,22.5987
Tunnel,New York,40839283,44726136.07231225,3886853.0723122503,250,274.8640038261548,24.86400382615477,1.8212321753458305,3.067009232610856,71.33703626303821,29.38904959976861,43.642919099256034,Rainy,259,30790.75654726541,963.7541542350652,3248,43.03608322730828,6,2.242278236769729,74.62353113161177,0,12.009594749804496,Low,713,2021,2,1,9.5174,0.9131,9.9456,0.9095,7.4874
Road,Chicago,47137503,67905180.85409527,20767677.854095265,657,715.683179817408,58.68317981740802,0.3406105384849113,1.3083568331875322,410.52717648289615,-2.551963260019458,69.2122189981892,Sunny,105,40143.84803231236,891.0930769827851,7192,93.55068514564908,3,1.3479704756028994,60.02592950321544,0,80.39185520120706,Low,645,2021,2,1,44.0577,0.6942,8.932,0.918,16.7665
Road,Chicago,46756273,70026617.77989225,23270344.77989225,357,344.13877917621926,-12.86122082378074,0.4391875996179375,0.334955471979238,321.97132358726367,6.021156096302789,35.58225455788664,Rainy,200,21500.02300435849,779.2142687813272,7406,53.62191005693612,0,2.232112651276535,85.55616480774637,0,67.23074054535499,Medium,720,2021,2,1,49.7695,0.6677,-3.6026,1.0374,15.3773
Dam,Houston,33455693,46679035.53379315,13223342.533793151,636,712.370239158616,76.37023915861596,1.0367572378017242,0.1409567022361108,139.34428649069076,-2.0409150124914053,38.28401198917391,Snowy,146,49005.3194503757,940.125512752802,2156,73.20354641378583,5,3.572543301975359,76.81542673771261,1,54.58322715709412,High,392,2021,2,1,39.5249,0.7167,12.0079,0.8928,17.1743
Tunnel,Seattle,44154609,62122126.50926109,17967517.509261094,368,353.1684228871506,-14.831577112849402,0.2556830341724776,1.2237253981846363,272.67280547963907,34.61768071207468,55.83314848887368,Cloudy,147,24548.906215324827,298.11647875218773,9535,78.65728939166672,6,3.2802045620329614,94.90339285866412,0,64.23710380772397,Medium,642,2021,2,1,40.6923,0.7108,-4.0303,1.042,14.0637
Bridge,New York,47504347,49851310.74369459,2346963.7436945885,470,639.1800564087986,169.18005640879858,0.4723623509333476,4.4074290979445525,384.039610490176,2.2457079374731954,42.37326878556499,Snowy,83,11770.184784794732,852.7323637090777,6295,50.11769265310572,3,6.536578146945822,90.52912169052703,0,71.04250544168238,High,615,2021,2,1,4.9405,0.9529,35.9958,0.7353,14.1882
Dam,Chicago,2195885,2736119.788269459,540234.7882694588,699,1034.3554404755891,335.35544047558915,1.8931561262028276,2.079568271487547,396.6853041808897,29.457195547286567,31.733509468840914,Rainy,149,25968.50366837615,720.9920767188755,7154,98.57387540205846,5,5.103004817208168,66.12355564230673,1,89.60117280044618,High,462,2021,2,1,24.6021,0.8026,47.9765,0.6758,23.7942
Road,New York,44099123,41468766.793514624,-2630356.206485376,471,698.0430414540114,227.04304145401136,1.9553303561809856,3.601666845829965,274.8282853994429,41.88141184851089,38.401649139252825,Snowy,276,35556.67244400979,882.7833246109195,3248,69.28935736523854,8,1.3493078292416232,75.29023115088337,0,79.06218949384709,Low,741,2021,2,1,-5.9646,1.0634,48.2045,0.6747,16.3312
Road,Los Angeles,28140148,26928736.07400986,-1211411.9259901382,814,1155.1007249349425,341.1007249349425,0.8148927257278016,4.591425176899789,187.3465385579866,19.027471498788238,22.502387612610526,Rainy,194,42450.16012269704,817.2204091683668,4285,43.4585617358436,3,1.3137931568532302,87.52574638193872,0,61.78400373969915,Low,786,2021,2,1,-4.3049,1.045,41.9043,0.7047,13.434
Dam,Houston,31423447,47114291.7317518,15690844.7317518,462,582.3395837969424,120.3395837969424,1.8542434399264776,2.040202308014083,488.18416191732206,19.701605574337822,69.30965350342406,Cloudy,205,25644.57304804668,411.8455568591425,3003,96.2357226866704,9,1.815292019085992,59.66000637391959,0,84.21540946705076,Low,642,2021,2,1,49.9336,0.667,26.0475,0.7934,24.9574
Tunnel,Los Angeles,38452622,42143441.15312296,3690819.1531229615,723,954.7355394643952,231.7355394643952,1.1351668837795204,0.9563868551869852,348.51317493042177,15.35684624537966,54.44816599601031,Cloudy,63,31712.30717221253,796.95868331553,4615,75.17607059159609,3,4.177730416607794,51.57988649087917,1,98.82306608532402,High,586,2021,2,1,9.5984,0.9124,32.0519,0.7573,13.9306
Road,New York,25163349,33943101.83704226,8779752.837042257,556,595.5446557741861,39.54465577418614,0.6125106851601574,2.5855896542845973,233.70688370583443,7.923957886650353,26.597014648316797,Sunny,211,17030.5120471484,336.21067268640127,4672,81.95159187888258,9,1.055646558673565,92.6152263154142,0,37.01638188039652,Low,267,2021,2,1,34.891,0.7413,7.1123,0.9336,14.6121
Tunnel,New York,4388445,6073603.631178161,1685158.6311781611,837,1070.0729050106902,233.0729050106902,1.4345575700531374,4.540418435299272,176.2084508920936,16.16102670087044,32.018579518994386,Cloudy,161,34066.24368824813,395.73294672524935,8458,71.51054739605345,4,5.445885388871264,56.877512874647415,0,20.657862461644136,Medium,223,2021,2,1,38.3999,0.7225,27.8462,0.7822,21.763
Road,Seattle,20520190,29032251.327293903,8512061.327293903,335,393.0855594374153,58.08555943741533,1.3519134324922286,4.021872070688503,378.99634235160295,23.154414274671765,27.17741766788508,Stormy,124,49368.73747776547,197.11514550067847,3155,90.08427728661806,2,4.246026978783725,94.47057154768532,1,75.83034346378298,High,640,2021,2,1,41.4814,0.7068,17.339,0.8522,18.8953
Road,Chicago,46435139,69586630.29612148,23151491.29612148,687,816.9875474560516,129.98754745605163,1.9793381063065931,0.3291492168157689,158.98255051719548,44.22953646938627,62.88149657931135,Snowy,234,7207.410766450724,941.568954382422,4479,41.98800773159265,9,5.998971721967437,95.68040119405724,0,98.07367005216848,High,457,2021,2,1,49.8577,0.6673,18.921,0.8409,23.6334
Building,Chicago,10667788,11146749.184479237,478961.18447923474,592,801.9622342452561,209.96223424525613,0.6035898460776382,3.462864000387909,127.26949503815968,41.57705076250233,26.594725452874567,Snowy,254,44893.88018173255,361.9030270602534,1051,56.10270191662887,1,7.487427052745208,73.03502190685786,0,20.503532908222084,High,862,2021,2,1,4.4898,0.957,35.4666,0.7382,13.6844
Road,Los Angeles,46276218,42768966.39614383,-3507251.6038561687,707,755.8897664443542,48.88976644435422,1.3769130550572972,2.8594876122947688,288.4252500329317,37.4184127061217,72.79976331246513,Rainy,146,30302.71262453853,568.5602186543067,3159,68.17890138416153,8,3.258755339318689,90.33908561762892,0,48.8536532207418,Medium,600,2021,3,1,-7.579,1.082,6.9151,0.9353,4.3263
Bridge,Houston,42752022,49024381.094110765,6272359.094110765,534,582.4998915869243,48.49989158692426,0.1988451345559491,4.537315881732128,180.49432668986384,38.90217946376721,21.435764352427384,Cloudy,170,16344.439680303496,452.1995528195734,5390,44.5962169788226,0,2.4137528286601877,68.15956231770691,0,15.604087796715,Low,880,2021,3,1,14.6715,0.8721,9.0824,0.9167,7.6089
Dam,Chicago,9182535,8980963.68211665,-201571.31788335,738,1073.6313851117602,335.6313851117602,0.3159274735237669,0.6124070842514862,333.0073152156268,15.731705081062362,37.45630515971244,Sunny,104,47970.03695041661,963.9353085251514,4651,82.35440015959949,4,3.502482003670488,92.91322742558734,0,79.88787484937107,Medium,532,2021,3,1,-2.1952,1.0224,45.4785,0.6874,15.144
Dam,Seattle,25843729,23607097.261252917,-2236631.7387470864,366,341.7468551492736,-24.25314485072647,0.1074449124070772,2.670180566023283,103.07240369340506,26.15943799476057,82.34666731243351,Sunny,243,26750.943637650453,401.54425384463417,8356,63.61980484333844,4,1.0158686375671495,91.23409420833585,0,95.38378441454007,Low,875,2021,3,1,-8.6544,1.0947,-6.6265,1.071,1.0032
Tunnel,Los Angeles,47474251,52993422.09530912,5519171.095309116,210,250.1899216000809,40.18992160008091,1.998975294013379,4.397313467559462,344.7234970552948,39.22866976149178,70.29719226855721,Sunny,275,19926.061325302355,800.6912392804201,3112,56.36007941608864,7,2.0801165997320266,53.92591948506012,0,54.90947390067999,Low,694,2021,3,1,11.6256,0.8959,19.1381,0.8394,11.0451
Road,Los Angeles,11196894,15342465.072620884,4145571.072620885,439,635.5317308274307,196.5317308274307,1.624320024580208,2.050118933708715,177.483437598966,11.61229207452442,25.10778330479814,Stormy,166,13167.393272187852,869.874539168062,6765,40.20273080850474,5,7.757473273177009,79.13008703761835,0,46.85690325341702,High,882,2021,3,1,37.0243,0.7298,44.768,0.6908,27.0892
Bridge,Seattle,13988365,17341493.798885155,3353128.7988851555,600,759.7306828145365,159.73068281453652,1.5947737279937275,2.409974588664335,50.10932049553073,42.89693630900079,77.47882731396258,Cloudy,142,16000.349461549791,492.0458477328693,2354,83.18981870499722,5,3.005261581602566,81.99994517983741,1,91.6947120925469,Medium,809,2021,3,1,23.9708,0.8066,26.6218,0.7898,16.7788
Tunnel,Houston,31031137,33751537.28026261,2720400.280262612,708,869.3137251253137,161.31372512531368,1.0684795430475411,0.3523033883347914,107.12122595337937,12.868233413805063,54.51245850781434,Sunny,86,42478.20687161492,440.3546330076381,6620,90.0285585323717,5,9.948696704236347,50.0428645344108,0,22.00495503854049,High,198,2021,3,1,8.7667,0.9194,22.7844,0.8144,12.4551
Building,Seattle,38917521,50304990.14396703,11387469.143967023,730,766.3879505024576,36.38795050245756,0.6701274575203359,1.390718202244554,470.12692002579234,23.05954659662686,79.27481190181805,Stormy,245,32648.450419272463,772.9712388393651,4754,63.70243214088991,3,2.5104836922832825,98.99591593646475,1,90.2425880327523,Medium,202,2021,3,1,29.2605,0.7736,4.9847,0.9525,11.3757
Tunnel,Houston,49439031,51377580.30531053,1938549.3053105325,483,534.1812367308771,51.18123673087712,0.3874021404790843,1.6225332458447368,440.309587601911,29.03925922998046,62.05178421152754,Snowy,253,46096.05287697422,921.6063822756108,1209,73.85307862200193,0,8.098945440089441,70.32837874503554,0,45.29134025212307,High,592,2021,3,1,3.9211,0.9623,10.5965,0.9042,5.9751
Tunnel,Seattle,20575137,18695163.43391476,-1879973.5660852415,218,307.6479327872538,89.64793278725381,0.6408820038082809,4.725612243724434,155.12406441630657,42.28256071917661,67.72831224230012,Rainy,75,15438.580347100362,779.4385597650145,7232,53.66119755577591,2,7.34540024642981,75.86716029296065,1,60.34657711221076,High,209,2021,3,1,-9.1371,1.1006,41.1229,0.7086,14.206
Road,Seattle,13762750,18698237.741506763,4935487.741506763,668,825.334627212798,157.33462721279795,0.8143453216653642,1.413336802705795,400.26735704547104,3.453895072874632,89.54510922769957,Cloudy,299,10451.235823200566,304.41372903267904,8846,77.33185877680799,9,3.8991892853467687,59.74020398965105,0,57.546289461547815,Medium,287,2021,3,1,35.8612,0.736,23.5531,0.8094,20.4041
Building,New York,33027722,42085437.72378655,9057715.723786548,823,994.879695277098,171.879695277098,1.5369891842625587,2.30434367634826,323.85721692828844,31.037203803125323,36.26348821468128,Cloudy,238,5273.93889390155,899.4769726939348,7171,40.72824749891203,5,3.976652292093687,80.54592887586305,0,65.43812569694006,Medium,546,2021,3,1,27.4246,0.7848,20.8845,0.8272,16.2881
Tunnel,Los Angeles,26434984,35882360.20910453,9447376.20910453,721,691.9781840774165,-29.021815922583528,1.1253573989159895,3.356522117821399,486.9071201524413,18.64485723792452,63.676190233297184,Snowy,269,27853.79169271972,448.82350069314975,1237,69.3186338259255,4,6.071964228703941,90.53099331396794,0,94.79109823817537,High,460,2021,3,1,35.7382,0.7367,-4.0252,1.0419,12.7359
Bridge,Seattle,22847630,21096651.838928167,-1750978.1610718332,849,772.2647428982398,-76.73525710176023,0.2472188904554171,0.810916862039387,218.1225467903266,4.770642734135258,52.222497304017885,Cloudy,116,49923.81186718947,618.6064706001408,9527,78.65232891044153,9,8.671366877343026,79.2946172859864,0,95.601432904064,High,307,2021,3,1,-7.6637,1.083,-9.0383,1.0994,3.5343
Bridge,Seattle,39647224,55596183.239639096,15948959.239639096,457,675.5424787379887,218.54247873798877,0.1342551170219332,2.4322119357093723,356.6572756327271,32.71337618880148,22.7616367045884,Cloudy,133,36273.43709683875,848.2920573634399,9075,95.09150639378404,0,4.47568249707518,89.40175229010487,0,84.8033440447317,Medium,408,2021,3,1,40.2272,0.7131,47.8211,0.6765,27.3096
Dam,Chicago,1578526,2007436.328663104,428910.32866310375,382,430.2052295421441,48.20522954214408,0.29443114111472,3.692695197379538,78.59107509076335,20.37222540956156,21.012944905200552,Cloudy,251,18877.75663843157,269.555290660443,2576,62.880149027337055,4,1.5506189282656588,86.55539803590834,1,27.238966933401947,Medium,290,2021,3,1,27.1716,0.7863,12.6192,0.8879,13.0474
Building,Los Angeles,7612208,9424196.757514538,1811988.7575145385,245,309.1723201286271,64.17232012862712,0.8799475560250207,4.33427606513533,228.31130606738267,26.353560135732167,28.346000447250105,Cloudy,229,44458.63623617773,806.0591221097978,9691,85.91141217886178,1,4.369772592120671,61.8828905763569,0,40.01646919496135,Medium,315,2021,3,1,23.8037,0.8077,26.1928,0.7924,16.0729
Building,Chicago,48799289,62207792.96844056,13408503.968440557,287,272.0269356028505,-14.973064397149528,1.8730665423931347,3.131296373312133,483.7179475346812,7.759558771784555,65.43642183769836,Stormy,67,40177.501969458186,636.5465181196098,9982,75.86122179661004,0,2.8658140591846726,71.79064205545771,1,53.904236522909024,Medium,541,2021,3,1,27.4768,0.7845,-5.2171,1.055,8.8162
Dam,Los Angeles,8587676,12182991.988640117,3595315.9886401147,447,585.5112514309211,138.5112514309211,1.3110647142975211,3.34526757658474,292.54139350255423,16.470067350518278,59.70141615393745,Stormy,230,5693.682473444266,904.0074776448474,4540,95.62072677550483,3,9.452863153585156,57.43134422182043,0,91.49148454316656,High,365,2021,3,1,41.866,0.7049,30.9869,0.7634,24.3464
Tunnel,Chicago,46288543,57960750.13327305,11672207.13327305,401,585.2755501146543,184.2755501146543,1.6234692097634786,0.6314173629228448,179.54577650068006,23.95448380434369,58.74006928146092,Rainy,240,41758.72162434601,254.77336165918865,8257,63.90266053956584,5,7.275469117383528,52.0967937537551,0,56.877834146159074,High,835,2021,3,1,25.2162,0.7986,45.954,0.6851,23.8062
Building,Seattle,17541989,21902405.20412656,4360416.204126559,709,882.9879986251023,173.98799862510225,0.986111729558642,4.728882486231736,104.12193340787309,12.27009478484142,22.229973376978208,Cloudy,230,18523.70407573232,478.6140133368356,1149,59.14572039237928,6,1.4574939779201377,53.15344776320654,0,97.96920982019182,Low,763,2021,3,1,24.857,0.8009,24.5399,0.803,16.3106
Bridge,Seattle,22911760,34239505.850215875,11327745.850215876,269,262.4550130313913,-6.544986968608725,0.7871655580705812,0.6628703874224118,366.5877530816887,0.9104896916235728,52.85120974520049,Snowy,294,11735.305906262049,849.5587835801537,2624,93.22851992164864,8,3.6368968353634576,97.12499649364452,0,98.54570545022942,Medium,308,2021,3,1,49.4407,0.6692,-2.4331,1.0249,17.1596
Bridge,New York,1814422,2456796.5179157318,642374.5179157313,872,1089.156703174123,217.1567031741231,0.3059607081615831,3.873364685908992,340.18521954337706,42.89022707734172,84.723597248977,Sunny,76,15184.887788168357,117.30853311108416,8661,42.95466408449735,4,1.4519436842872624,99.22687295671892,0,63.87258335166844,Low,440,2021,3,1,35.4038,0.7385,24.9033,0.8006,19.1825
Road,Chicago,23082647,26899969.36890913,3817322.368909136,434,590.1568142924515,156.1568142924515,1.7642727421537894,1.324081608891594,218.27242112169856,18.13071470234396,47.83143085174527,Rainy,80,26086.09119688125,200.98123008907857,3574,48.183123576020606,7,8.470150033373073,54.748875402492,0,88.974580559303,High,694,2021,3,1,16.5376,0.8581,35.9808,0.7354,18.8496
Building,Houston,49161585,65111481.14751826,15949896.147518262,634,725.2008505127567,91.20085051275667,1.5880040551530157,4.667965718506258,477.9236083396255,30.36562036582353,63.74457288519194,Sunny,268,24119.056718060496,991.5086914810612,5428,44.94426607504267,7,9.156667617164448,66.75967175860244,1,99.9300440821509,High,628,2021,3,1,32.4438,0.755,14.385,0.8742,17.28
Tunnel,New York,17406440,19730866.11100489,2324426.111004889,432,616.8539442664285,184.85394426642847,0.4194243854356777,3.5997976968473977,59.99126584453264,12.607595645583196,74.58730729362006,Sunny,155,17999.928471840205,352.3547607313155,8529,90.58659739458416,8,2.010516452551669,55.72103400780114,0,86.47448662190978,Low,283,2021,3,1,13.3538,0.8822,42.7903,0.7003,18.8453
Dam,Chicago,13663723,14173725.252522854,510002.2525228541,436,562.0954605982865,126.09546059828654,1.073295071364895,3.7690685648918447,186.6757332343216,9.5322470214144,74.87476953993213,Cloudy,178,12749.824499316472,977.988874351558,5269,40.63644540221917,2,4.962610414078265,91.71144116844846,0,69.12199118676291,Medium,662,2021,3,1,3.7325,0.964,28.921,0.7757,11.1886
Dam,Chicago,29042104,36538194.1687017,7496090.168701701,562,809.0267352471191,247.02673524711903,1.0260121350503653,1.0952958652994167,464.48126883481166,12.394036415691875,56.349605767669,Snowy,55,39300.38553389762,264.2783959078065,8769,91.69942932982288,2,9.386949536527831,74.81485458201408,0,86.06201729684454,High,403,2021,3,1,25.8111,0.7948,43.9549,0.6947,23.2072
Tunnel,New York,20715903,30181190.88651906,9465287.88651906,621,791.2180789707578,170.2180789707578,1.2876739501044043,2.215199883175804,194.42094724374817,12.50581540821074,80.05663617816354,Sunny,60,49554.94026807127,424.9849987066021,3108,67.07606772227601,8,2.306905180432035,81.06308779627747,1,17.438955561083898,Medium,670,2021,3,1,45.6909,0.6864,27.4103,0.7849,23.9917
Road,Seattle,17192668,25058033.57598312,7865365.575983122,778,761.4852253318519,-16.514774668148107,1.8977550985833964,3.089065972946432,163.51377523482668,19.92990637680745,47.39646653546229,Sunny,211,40000.62111888607,777.5825000532136,4947,40.24151673123824,6,3.627132315906834,76.99554328675032,0,67.13391857768553,Medium,652,2021,3,1,45.7484,0.6861,-2.1227,1.0217,15.6499
Dam,Chicago,39707867,43882877.8857665,4175010.8857664983,269,292.0842421723775,23.084242172377515,1.2015657393487114,3.849868091033005,290.3991844690613,19.890842848974973,82.20852503493589,Rainy,280,18317.163545219355,692.0005665143607,8899,64.09871063272251,3,3.738471851553903,85.5126791920358,1,29.48698290115046,Medium,189,2021,4,2,10.5143,0.9049,8.5815,0.921,7.0764
Building,Seattle,35971274,43762885.0326518,7791611.032651797,569,580.9927953333888,11.992795333388813,1.1264128068793753,0.5197968795619479,420.71078746424206,17.34345987355794,36.81590164768817,Snowy,261,16016.403263546004,623.01015993615,5914,51.20805046270213,0,1.2705248098179864,65.95661216585303,0,20.445728558560663,Low,584,2021,4,2,21.6606,0.822,2.1077,0.9794,7.3846
Road,New York,4689024,4815541.084593387,126517.08459338732,761,1099.8701788575192,338.87017885751925,0.1956135725758614,4.811826582272642,96.41604239526248,-2.586781829540905,39.61514848933997,Snowy,240,14794.96442296722,576.9092582245069,7667,77.46402924832978,6,1.326459112209916,56.87466772650161,0,90.35841270952916,Low,481,2021,4,2,2.6982,0.9737,44.5296,0.6919,15.6336
Building,Seattle,22173866,33202673.884475745,11028807.884475743,223,302.4415290030652,79.44152900306517,0.2195242044342454,4.45110335277278,474.3593193405813,17.28415131752921,23.71844369393008,Sunny,230,11151.278352006631,859.0963992982662,3263,80.7615273952988,9,9.575135443746216,50.881000136485696,0,67.56804493822484,High,410,2021,4,2,49.7379,0.6678,35.624,0.7373,29.3236
Bridge,Los Angeles,21479634,31976102.743109383,10496468.743109386,891,1163.5025680192891,272.5025680192892,0.4559589035208988,1.3517429524779216,407.78279653152384,-0.6992854768641674,75.6907285579598,Snowy,262,29809.874736153557,311.4537065500534,4815,69.25165422429998,5,6.139833480876286,72.28464443129691,0,31.91918913297313,High,245,2021,4,2,48.8671,0.6717,30.5839,0.7658,26.0633
Road,Houston,11670216,15051140.102168836,3380924.102168836,843,910.9287644696742,67.9287644696742,0.1616944662143217,4.11380121516166,131.56261499819837,-3.062531753732916,49.19386653628939,Rainy,262,32243.01673790049,498.2238342941666,1577,42.4311715263802,2,3.759834892857561,95.39172143957188,0,44.81040679661337,Medium,291,2021,4,2,28.9705,0.7754,8.058,0.9254,12.2605
Dam,Chicago,31807713,43978884.62603156,12171171.626031565,777,785.1016727298095,8.10167272980948,1.5123705015830236,2.591619615199117,370.4035825391732,41.29551445376423,36.03816297379793,Rainy,67,36747.61972984118,239.9070629408116,1422,79.36772826203212,4,4.408071946359261,65.26332690061334,0,97.59488908180526,Medium,192,2021,4,2,38.2648,0.7232,1.0427,0.9897,13.4739
Road,Houston,4641771,6169192.614445201,1527421.6144452011,198,268.0663892530827,70.06638925308272,1.47432757758853,2.309032407810093,223.2314251869007,23.272250723123733,36.22531943316058,Rainy,70,35609.60169201506,636.347436157634,3763,90.52232701633127,2,7.433586359605218,59.79784105678115,0,87.59638475916658,High,572,2021,4,2,32.906,0.7524,35.3871,0.7386,22.3746
Road,Seattle,40982531,51469752.95981388,10487221.959813878,280,331.6585349076853,51.65853490768535,0.3585068454201215,1.572170529057027,231.0326051343434,26.271953196852134,83.09799588604632,Cloudy,68,18154.99900775221,325.4899818441881,2229,83.21945663958408,7,4.298654831991583,96.30213731235536,1,11.402361595046438,High,679,2021,4,2,25.5895,0.7962,18.4495,0.8442,15.4714
Road,Chicago,33995939,31684514.25084405,-2311424.74915595,786,813.8823527942367,27.88235279423668,1.6885499115110338,2.9048429331579624,402.4805415974899,12.098651868335008,78.37416203227258,Sunny,53,19863.99524285809,400.4578579090472,4176,89.79747513731911,4,3.0498436278395946,55.27243193756471,0,98.18208956191098,Medium,777,2021,4,2,-6.7991,1.073,3.5474,0.9657,2.4742
Road,Seattle,5079441,5957466.088140018,878025.0881400183,536,680.7056281779525,144.70562817795246,0.3940934662076127,3.649445588517989,483.2531635913295,39.99394905531753,58.74716197500283,Snowy,126,35668.1540949052,524.1256449611753,9945,52.03057141305325,9,1.9165360743981943,52.59005167079051,0,43.16765260118116,Low,413,2021,4,2,17.2859,0.8526,26.9973,0.7874,15.4683
Building,Los Angeles,6356430,8294326.136811597,1937896.1368115973,721,666.3484244350943,-54.65157556490567,0.6722336152949817,2.054664524813792,106.99514278123726,25.0861769268816,63.12775602910048,Rainy,259,20725.14383526328,124.09352713281508,1687,93.33327637938896,9,7.560397105462334,93.97065874777188,0,72.58763493873323,High,781,2021,4,2,30.4872,0.7664,-7.58,1.082,12.4582
Bridge,New York,24552818,32078722.442959428,7525904.442959428,212,232.28885632511384,20.28885632511384,0.5730561084065935,3.1460959650414604,239.28360659546877,32.30434282379731,53.20278993852037,Sunny,165,14568.043532869087,182.7441423287539,1722,59.33160703887776,5,2.6250851500770227,85.04546909773445,0,74.14089081482743,Low,493,2021,4,2,30.6519,0.7654,9.5702,0.9127,13.5916
Tunnel,Chicago,3188370,3583324.7777396254,394954.7777396254,408,481.9027522759097,73.90275227590973,0.8073834872887907,3.496564605776519,266.4237236379366,10.27093579652426,47.41665800151662,Sunny,206,21845.12691635328,717.3362986373976,1746,40.80428885511946,1,1.6268344293366783,71.10343190687064,0,92.05159921363249,Low,745,2021,4,2,12.3874,0.8898,18.1134,0.8466,9.6756
Road,Los Angeles,16861936,24702992.40644434,7841056.406444341,703,695.1088253273474,-7.891174672652596,0.5838611551909275,3.555609085076429,219.3403176297489,42.8006534450519,84.0833816852832,Cloudy,74,17243.787091008995,486.0729826457565,5337,90.60349877974424,7,4.842590009468292,87.61719865044205,0,89.65547885832531,Medium,191,2021,4,2,46.5015,0.6826,-1.1225,1.0114,16.319
Dam,Los Angeles,10937093,10941623.355466604,4530.355466604233,809,1206.0512834225935,397.0512834225936,1.0290067602330588,0.2598304906559012,213.4351056723013,35.12537095870733,28.792889246421147,Snowy,233,8974.072454836001,878.3111997999059,3712,96.5092761378836,8,1.356138656302184,87.07199760221346,0,35.35566323046948,Low,388,2021,4,2,0.0414,0.9996,49.0793,0.6708,16.6074
Road,Chicago,10955951,13149504.04507489,2193553.045074889,334,342.5031118637587,8.503111863758704,0.8740749745739023,4.298739028425334,73.52090040271844,36.9671654657999,49.29127528013596,Snowy,126,42356.25060244941,725.2048032797795,1707,79.33349184504092,2,9.684982525085982,52.00302816302915,0,67.91819304571578,High,193,2021,4,2,20.0216,0.8332,2.5458,0.9752,9.1072
Dam,Seattle,48044555,63156027.42600884,15111472.426008835,602,588.8835505716276,-13.116449428372448,1.9744820324807204,2.29126657382524,358.49237925318045,-0.5293152915835151,44.11933355915127,Rainy,240,43390.01251206664,107.2908474825902,9626,53.88619782780548,5,6.645636708173558,83.812340603092,0,45.4334880636104,High,812,2021,4,2,31.453,0.7607,-2.1788,1.0223,11.765
Building,Los Angeles,15023346,19804998.85254089,4781652.852540895,425,434.4013928411586,9.40139284115861,0.2062600652436287,1.3120804084810722,246.2964877040204,4.9029764329170735,54.87055041758039,Rainy,204,14888.763507509577,655.0410976904213,1483,55.10466785695182,5,2.374271294019047,82.04361887263563,0,57.29893628137478,Low,597,2021,4,2,31.8281,0.7586,2.2121,0.9784,11.6869
Dam,Houston,48951268,63107160.84481843,14155892.844818428,584,795.0790210591674,211.07902105916745,0.3701446151359681,1.208822537398408,137.65721118976705,5.7094629825967385,52.034231218162255,Sunny,237,7914.748978634078,184.3523794537448,2533,67.99557240613717,1,2.552086778036148,98.18895682081518,0,59.92106728914452,Medium,616,2021,4,2,28.9183,0.7757,36.1437,0.7345,20.229
Tunnel,Los Angeles,29551568,31477530.2156527,1925962.2156527005,720,831.8184448054362,111.81844480543624,0.2003691984263447,2.4150705642197523,417.2150760359308,4.900007278577915,56.3222672155757,Snowy,260,38247.23468080308,802.8398618114448,1169,93.86986477608517,9,6.128456322455609,98.33113050798818,1,45.67091012479331,High,556,2021,4,2,6.5173,0.9388,15.5303,0.8656,9.64
Bridge,Seattle,48423958,48120046.39284306,-303911.6071569398,340,421.3448517095178,81.3448517095178,1.289098270466514,4.434157697344796,411.1523366682326,37.04744891573584,29.794328405889587,Snowy,98,14518.788163853616,992.3569194506518,2020,48.97585936885351,7,4.209091816040143,68.8899663101022,0,51.750461839638405,Medium,199,2021,4,2,-0.6276,1.0063,23.925,0.8069,9.4193
Dam,Seattle,41540377,53236659.85553087,11696282.855530864,881,804.0054403829903,-76.99455961700971,0.2035676270860672,1.8917379084132344,268.8762326400022,-8.246336263527434,55.9199051059294,Rainy,114,22704.59702465871,578.0789148173603,8093,89.55842017500922,4,7.968400697689423,79.49209559441091,1,28.750804112891007,High,766,2021,4,2,28.1564,0.7803,-8.7395,1.0958,10.8406
Dam,Houston,10144220,12777469.507550403,2633249.5075504035,296,272.5150004026207,-23.48499959737933,1.6892355010146345,3.748628733917717,184.30279751649223,-5.814500606057413,36.96931697210477,Stormy,215,7886.086350682246,714.5015501747173,7466,57.47816852230902,7,5.91225837057025,57.06786874441894,0,64.68817449353247,Medium,249,2021,4,2,25.9581,0.7939,-7.9341,1.0862,10.3699
Bridge,Los Angeles,36630907,36909800.29967774,278893.29967773706,450,525.3728984532943,75.37289845329428,1.0726833982956627,0.484093654936093,337.1417266084036,5.065317884644704,32.90319442917339,Sunny,132,15182.131314129583,313.58274480527643,1847,88.51517016574587,7,4.900004879724472,53.3228262978567,0,78.30638338984846,Medium,390,2021,4,2,0.7614,0.9924,16.7495,0.8565,7.6333
Tunnel,Seattle,34122266,45146606.69530289,11024340.695302889,871,1210.6840300971685,339.68403009716826,1.101314486704914,2.3802835107553086,179.66846109983138,0.9930136057194012,24.538395315033384,Snowy,229,40680.60252483361,493.8379693784142,9887,95.21627185609232,2,9.666822232587444,71.63899361294511,0,48.67670837109471,High,280,2021,4,2,32.3083,0.7558,38.9993,0.7194,23.7256
Road,Chicago,3141912,3685787.005735125,543875.0057351254,666,953.1414559315432,287.1414559315431,1.167029564653169,4.958430701963678,156.20356864567043,2.75227876355666,73.38567911292986,Cloudy,50,41197.84011118408,870.4857990127454,4346,65.64963231965922,4,4.516561505887201,84.49410054175053,0,97.9912079383662,Medium,877,2021,4,2,17.3103,0.8524,43.1143,0.6987,19.8307
Dam,New York,4144311,5390324.439088472,1246013.4390884722,351,334.16040313564184,-16.839596864358157,0.4245460419818003,3.852189013961685,378.731594311847,33.8868754089315,49.9209344599592,Cloudy,217,14318.817119946969,250.6806529716261,5013,61.90303924633185,6,4.605498314176092,78.38805611488635,0,15.15037666703217,Medium,311,2021,4,2,30.0656,0.7688,-4.7976,1.0504,11.1408
Bridge,New York,18062838,25331689.745052785,7268851.745052785,453,554.027091151058,101.02709115105802,0.4756115759175263,1.052642442203065,68.14635787442782,20.97196266406258,63.86505783182309,Stormy,130,20116.123029801027,338.9820450523859,9078,88.13327913827811,4,6.991951789547102,71.4828461093001,0,63.0244613572493,High,802,2021,4,2,40.242,0.7131,22.3018,0.8176,20.9615
Building,New York,19740105,19776368.70095608,36263.70095608011,438,634.1967615541923,196.19676155419236,0.7057529134587088,2.5072073684895537,92.64581196556728,-9.68261362888676,70.93153403133203,Rainy,70,11040.72885921846,500.8903077574272,1031,71.76897294276364,5,8.285307257099515,90.90562733872954,0,62.524069609938586,High,560,2021,4,2,0.1837,0.9982,44.7938,0.6906,16.1503
Bridge,Los Angeles,46969430,42812021.122342,-4157408.877658002,314,355.69406692856177,41.69406692856177,1.2276431900615177,1.1681238182428326,53.0546783106154,13.61275211373074,67.55216657194875,Rainy,135,8337.768362821507,741.0240026596126,9368,81.06694290779183,1,6.635934917726908,89.72137360918735,0,13.266665056967453,High,311,2021,5,2,-8.8513,1.0971,13.2784,0.8828,5.5107
Building,Houston,19173652,26219231.91831165,7045579.918311652,862,1204.851448014752,342.8514480147521,0.4992237742864076,2.0478046363125464,118.82443391394176,12.43367097676974,52.93505033627776,Rainy,64,49647.72715017843,438.2955593161065,8877,77.36975421767077,7,7.287491998489856,86.59710275388807,0,30.21131551579642,High,199,2021,5,2,36.7462,0.7313,39.7739,0.7154,25.8135
Tunnel,Seattle,43610580,55203077.00124731,11592497.00124731,601,589.1106529764368,-11.889347023563232,0.3210302815531963,3.900420118674824,81.04550391970676,-3.7330101805501057,47.15289702662109,Cloudy,99,34501.72780601776,934.9590518047034,7170,49.17333073868778,4,4.3563841170995,53.85161240768805,0,91.49883252846088,Medium,715,2021,5,2,26.5818,0.79,-1.9783,1.0202,9.6458
Road,Chicago,3195690,4217619.70574743,1021929.7057474302,600,876.7420162804075,276.7420162804075,1.9432220841950207,3.8561240764520175,498.1110655009634,27.187798373080145,46.31719367484647,Rainy,280,29394.342913924345,185.01134614184724,8830,90.6874216173737,5,5.315471528304338,89.82348139478218,0,59.00626401482924,Medium,406,2021,5,2,31.9784,0.7577,46.1237,0.6844,25.4937
Bridge,Chicago,44531276,62472614.7131954,17941338.7131954,365,493.06170653935527,128.06170653935527,0.1417654481382835,1.1405018895119257,179.9644864793403,28.615345360872013,64.80341578510394,Cloudy,97,39447.43251823848,433.7237777903628,3315,51.74650668478817,0,2.773315778211669,95.971065799735,1,49.27472874710924,Medium,333,2021,5,2,40.2893,0.7128,35.0854,0.7403,23.1671
Dam,Los Angeles,47953572,66256805.97929639,18303233.979296397,543,795.3867451699725,252.38674516997253,1.6251250701384412,4.611116590774301,117.17060570116128,29.64912704786537,54.63560484593114,Stormy,280,42803.47218594758,738.0587110855797,1065,95.93692864424683,9,7.122218416286712,52.97210441454583,0,47.3946800983155,High,648,2021,5,2,38.1687,0.7238,46.4801,0.6827,28.6191
Tunnel,New York,48406955,71475390.4865862,23068435.4865862,786,1026.492687343362,240.49268734336212,1.597266784192542,2.962840913824134,158.44831609816308,30.065902005722563,79.43925735919575,Sunny,209,41302.16456201274,303.3880890953432,2928,55.03427748532887,1,2.993067463840385,70.08356944042674,0,89.93447488180983,Medium,584,2021,5,2,47.6552,0.6773,30.597,0.7657,24.2743
Bridge,Los Angeles,20759626,25359150.478350293,4599524.478350293,557,622.7495940742085,65.74959407420852,0.6647068163056823,1.8996214548100725,471.2565071930606,-9.997094518723676,81.22913890286985,Snowy,98,5744.275218044448,690.7718208067057,6011,84.03285839642452,3,1.0113111585443006,99.41777448582938,0,43.03280580594272,Low,381,2021,5,2,22.1561,0.8186,11.8042,0.8944,10.9904
Dam,Houston,19181571,22885482.09663353,3703911.096633535,702,1026.9619098674132,324.9619098674132,0.3576905704138955,2.509677903904304,284.0721003609781,42.46564421156972,31.939226460456293,Stormy,245,13406.355418572432,247.79526240461132,8533,57.07932360961552,8,9.40385907826076,79.96194292341418,0,87.3250176093632,High,217,2021,5,2,19.3097,0.8382,46.2909,0.6836,23.161
Bridge,Houston,28841304,32911744.143454388,4070440.143454388,759,808.5931099311999,49.59310993119993,0.3766944287403044,3.025356267188718,214.1681433385356,34.78148218800647,29.536355608200797,Cloudy,157,34470.7385953024,150.38225637551773,7225,59.06712451521183,5,3.754137170930984,75.67887010637314,0,37.82733393785052,Medium,367,2021,5,2,14.1132,0.8763,6.534,0.9387,7.945
Building,Seattle,6056093,6008944.049238892,-47148.95076110773,375,412.2388174638898,37.2388174638898,1.4251200727506657,2.799452659228927,443.0261560591487,39.71899331241069,64.12806482251997,Stormy,94,21909.17065117833,208.914145073784,6447,58.60011116693832,7,2.769688382194021,58.87230737343718,0,57.83535860525591,Low,236,2021,5,2,-0.7785,1.0078,9.9304,0.9097,4.9331
Bridge,Seattle,15358216,19098929.739458643,3740713.739458643,277,365.7743590718893,88.77435907188925,1.32133252306373,2.4320251776808908,227.7456217470646,-9.139618758091125,41.08580236435956,Snowy,81,49211.71929774981,936.9863048207212,1584,84.873535241565,1,3.413320578691983,78.27431416670849,0,22.943779258231796,Medium,199,2021,5,2,24.3564,0.8041,32.0485,0.7573,17.8041
Bridge,Houston,29589907,31548981.199584574,1959074.1995845733,784,1065.6047872967415,281.60478729674173,1.5872167810776348,2.524664020447001,200.7538564809631,41.36223376821567,21.29995031355692,Sunny,181,34943.21566872143,596.5757946455963,7470,73.4089070781636,9,3.974029278567828,71.95216302347265,0,84.25272810191001,Medium,452,2021,5,2,6.6208,0.9379,35.919,0.7357,15.3567
Bridge,Houston,3464722,5033494.443797739,1568772.4437977392,201,292.9860601522079,91.98606015220793,1.8812142275582988,0.8820595521394309,143.277135147381,34.53836907784576,82.20498685540686,Snowy,294,48044.70089281429,816.7111979316841,7685,92.97714735084983,4,5.270917838033563,56.37215277850615,0,76.2377383904345,Medium,298,2021,5,2,45.2785,0.6883,45.7642,0.686,29.167
Tunnel,Houston,41113874,51388826.54700435,10274952.54700435,629,643.3924291778136,14.392429177813597,1.4146619902065247,4.063664521523397,220.0085707592352,36.04705286272842,35.88305370706658,Cloudy,242,14065.091674060724,399.3890508145461,6244,58.44236315224269,0,1.6241650391673697,73.21663263090171,0,57.70837571272898,Low,762,2021,5,2,24.9914,0.8001,2.2881,0.9776,8.5087
Bridge,Los Angeles,16136395,20262537.4947301,4126142.4947301,351,483.9583862171686,132.9583862171686,0.3961179194477425,2.708801599705077,192.50796020761672,-4.869193840291731,85.04964561800664,Snowy,146,43878.06626517604,633.392783096902,9154,81.51955132340467,3,1.4740584058490578,58.21996525876303,0,12.331117673107553,Low,695,2021,5,2,25.5704,0.7964,37.8799,0.7253,19.9299
Dam,Houston,6630761,7379737.259568903,748976.2595689027,562,754.8377292054562,192.83772920545616,0.5625409718542803,0.6553993085235155,354.7867816841635,30.63279159052287,70.22041156147776,Stormy,248,19460.85376168514,545.4569203344925,8951,85.17691597978664,9,3.636196889842653,86.53318108630283,1,53.31315986717986,High,400,2021,5,2,11.2955,0.8985,34.3128,0.7445,16.2097
Building,Chicago,48494032,45157332.77907973,-3336699.220920272,313,293.68061766442565,-19.319382335574343,1.7001680886589177,3.8307855079138897,180.3122171018272,42.79541793031501,73.3857442938039,Rainy,250,49530.41637070131,951.1641634620646,2748,49.08892678179749,0,3.6618951807738624,98.68241830718114,0,30.267687540272213,Medium,705,2021,5,2,-6.8806,1.0739,-6.1723,1.0658,0.7324
Building,New York,3901092,3585284.009487866,-315807.99051213404,605,685.0620002593051,80.06200025930514,0.4976815440849963,4.662219891886754,309.73988589015266,27.32010377799884,34.10230470552123,Stormy,242,12095.990243291628,772.8171724486994,8670,64.03536143918868,8,2.058816050328116,73.47885242128481,0,47.20368662875175,Low,694,2021,5,2,-8.0954,1.0881,13.2334,0.8831,5.9818
Bridge,Houston,16783215,19367848.344827466,2584633.3448274657,204,218.21049194415605,14.210491944156049,0.2377924022135147,4.73653449618481,79.65147426438772,21.380877254353354,36.39360979317691,Cloudy,129,28235.291847724697,757.4883683469211,3204,68.96904966102467,1,4.643124348884808,81.61841659573065,0,87.078383997278,Medium,515,2021,5,2,15.4001,0.8666,6.9659,0.9349,7.8384
Tunnel,New York,44465574,42275165.44657243,-2190408.5534275696,682,738.3974816456692,56.397481645669245,1.436232102680276,1.845088662055864,136.08012051343147,42.00963227619484,56.488742767684606,Sunny,195,40678.00402267049,141.71794249085158,2892,61.34124339366246,6,3.5562580138250404,71.54877623834211,0,79.26429748156596,Medium,877,2021,5,2,-4.9261,1.0518,8.2694,0.9236,4.3921
Tunnel,Los Angeles,2722907,3442048.9939013603,719141.9939013603,364,542.2755984947466,178.27559849474665,0.8648000754312698,0.6775843678037702,233.33237222510692,14.36154169539398,32.04698968549035,Snowy,103,24468.911627181613,594.7027021033219,8018,59.32675575814829,2,1.234499975155631,56.92269268285027,1,31.775761855683747,Medium,234,2021,5,2,26.4108,0.7911,48.9768,0.6712,23.2632
Dam,New York,28681791,40974342.07463908,12292551.074639082,264,339.4159422952206,75.41594229522059,1.8480760998372168,2.5919981331653257,471.62716425891296,22.961146147076327,41.38021848781226,Sunny,176,26063.7827084441,520.2923085116333,4093,81.18519363985851,1,8.971487023789997,98.52776432377492,0,98.64580896329954,High,679,2021,5,2,42.8584,0.7,28.5666,0.7778,23.4218
Bridge,Los Angeles,47618152,68081999.96162437,20463847.96162437,746,992.6318482283704,246.63184822837047,1.335484635077957,0.5630461467461034,219.7633935720629,16.19860614219014,42.50237345634631,Cloudy,224,49386.01079775835,935.058039945575,1973,52.95198385956931,3,8.974171162392313,56.47893320420398,0,91.2889455661421,High,715,2021,5,2,42.9749,0.6994,33.0606,0.7515,25.2055
Building,Chicago,31999906,41453550.10437773,9453644.104377732,323,479.9684981116488,156.96849811164878,0.2717960578041554,4.669937092563086,348.8333545399253,41.30654217481646,31.17409532769349,Snowy,183,24138.866763551898,331.607789370579,5024,82.56344471506773,6,2.882640276221266,55.58134042567704,0,57.58060988203898,Medium,341,2021,5,2,29.5427,0.7719,48.5971,0.673,25.2185
Tunnel,Los Angeles,20647790,21199893.29854108,552103.2985410802,858,966.3834776091924,108.38347760919248,1.9009274777819556,0.91789813677573,164.78925008962915,-5.815340027897101,34.36279833766125,Stormy,115,32183.24452695786,342.8501079619849,7615,96.10265178344385,6,2.465850053479131,72.95864708356503,0,57.7135288259122,Low,849,2021,5,2,2.6739,0.974,12.6321,0.8878,6.285
Bridge,Los Angeles,7882799,11176217.435543332,3293418.435543332,591,816.232523733365,225.23252373336504,0.5912588009164672,1.2638292997558205,107.16510918795429,17.56158354539415,75.19862894057796,Stormy,186,7454.284730381782,470.2116239933504,5329,73.91185127066507,8,5.925634879122836,82.94436328834661,1,91.1139368502972,High,773,2021,5,2,41.7798,0.7053,38.1104,0.7241,26.7522
Tunnel,Seattle,25729233,36835412.37416637,11106179.37416637,403,467.769586927027,64.76958692702698,0.7407037317719429,2.0331826344248523,76.34147003602256,27.78238427619911,31.703709818308788,Cloudy,245,42899.4536094617,319.03274206573843,7715,76.68605420436845,2,6.676781526832878,67.74616354864456,0,67.25303275953087,High,338,2021,5,2,43.1656,0.6985,16.0719,0.8615,19.5066
Tunnel,Houston,41476415,42222664.920448005,746249.9204480052,399,567.2663610325062,168.2663610325062,0.8642947859987298,1.915822342795629,187.4360743442381,33.55485961322303,21.992017429074576,Snowy,158,34167.562204079455,216.26552602787456,2477,44.13596212744535,6,9.617883017023656,59.62585110984515,0,58.30195706764957,High,367,2021,5,2,1.7992,0.9823,42.172,0.7034,16.3149
Building,Houston,41081357,55149899.87439469,14068542.874394692,358,361.005239873668,3.0052398736679606,0.1973261631681951,3.973314461989445,120.94746205860858,22.0660256094275,64.05484598402569,Stormy,72,23180.90462882661,871.6733619857207,6689,91.8686142170697,5,4.396136109758313,90.9481684013738,0,77.42336713128364,Medium,239,2021,5,2,34.2456,0.7449,0.8395,0.9917,12.4048
Road,Chicago,23143202,24807469.678661577,1664267.6786615774,810,1189.57548205324,379.57548205324,1.0433793022381492,2.281584102754812,128.30470160725588,39.99047592667997,88.3188183574715,Cloudy,295,5727.629297953389,602.4488719635242,9962,57.12686723199193,9,6.563803085781025,68.15516603047756,0,31.158740374367703,High,498,2021,5,2,7.1912,0.9329,46.8612,0.6809,19.3285
Dam,Chicago,45831979,63320737.46418775,17488758.46418775,612,631.132971328475,19.13297132847504,0.3343051330430552,0.8538413000166845,392.34168877412753,41.80952957861295,43.1849670236185,Cloudy,156,31625.09692670768,875.2264470609101,8329,76.9030699317139,6,8.903629412238786,59.71604866919536,0,89.05396777260395,High,390,2021,6,2,38.1584,0.7238,3.1263,0.9697,15.3661
Dam,Houston,13374888,20040166.332339536,6665278.332339536,444,486.5051430597202,42.50514305972018,0.8618436207078682,1.3360494774303704,57.1271319251934,-6.462442724352906,28.30589922373766,Sunny,286,5569.602281787299,848.0212888633263,7444,98.74673018468816,6,5.04958407202765,68.2542438753435,0,57.82737163672489,Medium,585,2021,6,2,49.8343,0.6674,9.5732,0.9126,20.0322
Building,Seattle,24536507,22524896.27396801,-2011610.7260319889,608,823.0589270021535,215.0589270021535,0.7663485971849601,2.54556692593761,301.0145565809455,12.13037967477559,59.92711277572715,Stormy,220,5054.162625905806,353.838119310704,9497,75.73015603436846,9,2.101111760415934,60.72771038213955,0,64.31493654745307,Low,843,2021,6,2,-8.1984,1.0893,35.3715,0.7387,12.8317
Tunnel,Houston,9343528,13439913.055957088,4096385.055957088,841,955.5888444339042,114.58884443390424,1.5683961585103563,0.7372695871306745,220.7576212670592,-8.709753805336506,83.44479477669523,Snowy,100,32724.43529672096,592.9636998918465,1001,83.48256924786266,4,4.397025572469768,75.97238689061703,0,18.094948412935103,Medium,288,2021,6,2,43.842,0.6952,13.6253,0.8801,18.9196
Bridge,Seattle,45042449,57365086.53327621,12322637.533276208,595,752.6314615056215,157.63146150562147,1.6260239721021892,3.0582783782300704,277.94749995884627,8.117916155594362,74.88432458799352,Stormy,121,13505.768030054942,174.8959324660634,9462,66.71917709342512,8,2.229102340329704,83.41446930688497,0,37.855806288600846,Low,255,2021,6,2,27.3578,0.7852,26.4927,0.7906,18.201
Tunnel,Chicago,23309604,34592141.63592888,11282537.635928877,632,737.3822716055274,105.38227160552742,0.3914844765392672,2.828736532755729,303.2736067465713,19.52775198838312,63.57611078889012,Stormy,152,13634.939737314287,923.7266956276826,7843,43.62195061090344,6,1.1497551778175523,89.9778688599593,0,48.40618030048851,Low,721,2021,6,2,48.403,0.6738,16.6744,0.8571,20.9532
Building,New York,42574796,50195927.60804764,7621131.608047642,376,505.8786578074548,129.87865780745477,0.7964472560205298,3.5735115819112884,191.0154625057752,40.09372117804719,42.05395476253196,Stormy,202,34397.220462473466,463.83644355863777,6972,87.85596096938731,6,7.763977507141236,61.37810151599329,1,47.25185710924176,High,493,2021,6,2,17.9006,0.8482,34.5422,0.7433,18.4856
Dam,Chicago,42006179,59162878.55641242,17156699.55641242,733,760.120084791715,27.120084791715044,0.8093710059604802,4.688523076896838,182.7989870829284,36.56048773559716,57.9316121293354,Cloudy,129,7416.373457271842,454.3085655001192,8903,42.09993047583914,2,3.1458133044582,58.347700285222274,0,80.04559295606121,Medium,296,2021,6,2,40.8433,0.71,3.6999,0.9643,14.3921
Tunnel,Chicago,29338206,27502703.422628637,-1835502.5773713663,232,216.9373518233733,-15.062648176626707,0.3876798434785615,4.561272805505778,380.0308322007076,-2.9875150330407854,26.38713889129788,Rainy,212,19103.250266355037,372.4798335561578,6105,82.03946973327125,0,1.0180634125507664,50.98017104476101,0,35.40901577410072,Low,883,2021,6,2,-6.2564,1.0667,-6.4925,1.0694,0.2036
Dam,Los Angeles,4881857,5375741.926546847,493884.9265468465,659,711.6920837608504,52.69208376085044,1.617061659597262,4.730378090344157,442.0746446545208,-4.883329389250736,67.52617969964689,Rainy,194,11724.435596390858,514.5973702396334,8702,41.37529438897822,4,8.851891217816306,61.40438841736213,0,26.38983361087594,High,198,2021,6,2,10.1167,0.9081,7.9958,0.926,8.0041
Bridge,Los Angeles,39092303,36754971.17986874,-2337331.820131257,622,736.8119937288981,114.81199372889807,1.4437338238373043,1.223577985118505,136.66173460633755,22.409703631616686,70.75672132283556,Sunny,67,31107.936640844026,326.58344789090324,3914,91.73831419460024,7,4.994099546418153,51.19526762488981,1,62.43555263160279,High,611,2021,6,2,-5.979,1.0636,18.4585,0.8442,7.9364
Dam,Los Angeles,5739400,8524190.628173867,2784790.6281738672,509,509.4133239396441,0.4133239396441013,0.4617253939643659,0.6578265331967731,93.92844224081702,19.266488485233047,87.55221360369431,Stormy,204,34779.43196273281,437.3670455171241,6156,49.45816214997883,4,3.1497389166990266,67.27371018445297,0,65.35133725303743,Medium,864,2021,6,2,48.5206,0.6733,0.0812,0.9992,16.0105
Dam,Los Angeles,45616869,63415857.122662514,17798988.122662514,430,478.5377007313483,48.53770073134831,0.7967716263282182,1.5113835024822424,454.0081128764117,4.650770278651311,38.22781511215501,Rainy,192,37451.11341195696,819.9523437263937,9298,70.85628972655307,9,3.365109751198773,57.28465444150183,0,20.94249763776168,Medium,529,2021,6,2,39.0184,0.7193,11.2878,0.8986,17.5649
Road,Seattle,16168970,22822961.206622075,6653991.206622075,302,344.2769229147946,42.27692291479463,0.301029547227377,4.475425863831573,207.4529586413294,39.46991965046094,21.291949333011583,Sunny,130,16485.404761335445,850.8299532266547,4168,75.82904226898884,2,3.1648410397454523,78.99477991138922,0,10.22216526873964,Medium,362,2021,6,2,41.1528,0.7085,13.999,0.8772,17.5785
Road,Houston,23148023,33860445.150259264,10712422.150259264,566,528.8902701165376,-37.10972988346237,1.2935925344767836,4.860267373117441,298.0928257982664,41.00515252038544,58.19259250990054,Cloudy,156,9016.23882364628,373.7642298656645,3599,67.45272444240473,8,2.751005450703448,69.18633797456366,0,92.5884172019673,Medium,292,2021,6,2,46.2779,0.6836,-6.5565,1.0702,16.0336
Road,New York,31443477,29904699.005056378,-1538777.9949436225,518,647.4918927356507,129.4918927356507,0.3306066566423774,4.29662475535238,211.7944150340016,12.143629108708948,69.47533530777702,Stormy,118,8540.764562385402,522.112987497509,6716,60.44580936093323,1,8.571036021168668,54.67926705353798,1,17.167329740200064,High,362,2021,6,2,-4.8938,1.0515,24.9984,0.8,9.4137
Dam,Chicago,26504364,29985938.96969824,3481574.969698239,527,753.9293919245212,226.9293919245212,1.973274920387344,0.550088605637718,106.61105135572308,38.966640641243615,75.32852331180916,Snowy,129,24176.81968028257,886.437798652047,3235,68.0688577708583,2,2.532984709328826,69.99332315182971,0,90.80802387478002,Medium,660,2021,6,2,13.1359,0.8839,43.0606,0.699,17.7655
Building,Seattle,18278806,17229985.173640106,-1048820.826359894,208,206.13751553654092,-1.8624844634590545,1.5832959419069383,4.7371399902989655,315.1992402264776,11.117189184463497,33.561725311736744,Cloudy,192,47562.998407822175,147.40599864672745,3799,58.68494523286952,3,6.056692154914588,60.46740579839258,0,45.929338694777,High,325,2021,6,2,-5.7379,1.0609,-0.8954,1.009,1.8113
Dam,New York,21137708,21697347.01738731,559639.0173873082,214,269.3585489207544,55.3585489207544,0.8414532442095906,2.11679013675393,286.3133832963333,30.524925750633507,38.32270083259166,Sunny,91,14797.806541116108,900.2304657962069,8013,66.28734082485178,9,1.695882202049686,84.00886756700527,0,68.77503171955604,Low,807,2021,6,2,2.6476,0.9742,25.8685,0.7945,10.694
Building,Seattle,18649544,19351129.89057496,701585.8905749582,697,905.293935493716,208.29393549371596,1.1992714713307735,0.0465514538117683,141.34710163603876,16.176821965124827,55.881364768710746,Cloudy,287,16553.372060369722,297.2659110870985,6473,61.53477945988184,0,9.545692385607405,68.221812238537,0,26.705322163575666,High,292,2021,6,2,3.7619,0.9637,29.8844,0.7699,12.003
Building,Seattle,39363911,46507056.60308106,7143145.603081062,575,662.1704647446544,87.1704647446544,1.8315494508111767,2.211968703740968,253.34107009352505,-3.2579263921049355,43.14205669790013,Snowy,83,9539.996094763652,710.6853197929382,1018,73.97228941042871,3,6.429825140013296,57.35150046075731,1,84.15253250447402,High,655,2021,6,2,18.1464,0.8464,15.1601,0.8684,11.8779
Road,Chicago,48308038,51261461.03442776,2953423.034427762,802,1059.1681590396863,257.16815903968654,1.1527886327520698,0.2303458483773379,408.62637680704063,41.036381068036185,80.23580406112114,Cloudy,97,32250.662325226866,624.2965267461402,1858,54.27544973469901,3,9.128372600820638,67.48008662021434,0,26.217404820988687,High,482,2021,6,2,6.1137,0.9424,32.0659,0.7572,13.8796
Tunnel,Houston,4110691,3948675.776935685,-162015.22306431457,473,542.2656120427492,69.26561204274924,0.4315471241561148,2.7193896058055875,315.6917463985511,14.975312635764514,53.16321076171042,Sunny,260,35594.27932762287,597.6466733703269,6380,99.31939329484076,8,4.580900015279457,61.21891669650928,0,44.7858233483416,Medium,297,2021,6,2,-3.9413,1.041,14.6439,0.8723,6.9094
Bridge,Los Angeles,19135313,19144778.348715983,9465.348715983331,768,923.736862300002,155.73686230000192,0.8195363756042027,1.6927701371852566,93.61279718014768,30.396787217732204,75.97050508714021,Snowy,185,33931.9043672342,873.4242022775393,4032,70.05219720292993,7,8.296048510861702,89.7889500819193,0,31.422320153274374,High,340,2021,6,2,0.0495,0.9995,20.2782,0.8314,9.1575
Road,Houston,12688962,12541330.21766464,-147631.7823353596,528,477.52944451484245,-50.47055548515755,1.7019752435565163,2.367174667970244,296.6096737531108,10.19455979372107,60.643383233764766,Snowy,288,43750.86093701515,191.41492928019517,5505,51.649724644870574,1,8.6828903150438,99.16837801824728,1,85.37553619182431,High,580,2021,6,2,-1.1635,1.0118,-9.5588,1.1057,1.9366
Road,Chicago,14431835,21414621.77387918,6982786.773879182,326,428.7004543247451,102.70045432474512,1.324004730380274,3.065851803715585,366.2322346803141,-8.961551678307094,74.11630991319784,Cloudy,187,26889.16257617323,412.3252227930725,6789,68.62400497403635,6,7.326543620608029,51.274569451488375,1,87.25022322839915,High,377,2021,6,2,48.3846,0.6739,31.5032,0.7604,26.6316
Tunnel,Chicago,26090373,35367470.53296483,9277097.532964831,246,319.01417941224133,73.01417941224133,1.3363763302342206,4.344005479089102,406.7165326013381,-4.470830271949025,43.28710905712267,Snowy,54,11050.5668345179,584.4274717102891,3531,91.98490777148945,5,1.836527198083357,84.5010068657641,0,43.482600043320815,Low,439,2021,6,2,35.5576,0.7377,29.6806,0.7711,20.9388
Bridge,Chicago,19071531,28238393.571296323,9166862.571296323,699,645.2053279506689,-53.7946720493311,1.7469608228081297,3.309507882359643,333.10291038542005,17.29207137194584,78.19916353512178,Cloudy,165,18023.230881698568,830.1599685514358,8471,41.30840758746373,6,1.1447207776531538,63.197891681174326,1,37.66406239038463,Medium,839,2021,6,2,48.0657,0.6754,-7.6959,1.0834,15.8487
Dam,New York,23864811,27774924.059735574,3910113.059735574,301,337.405969395561,36.40596939556099,1.798548809178759,2.1702443423909035,118.69617404335268,27.948039641949933,39.22006208857151,Stormy,225,34809.348803960835,294.79877507050435,5719,80.77324714643733,3,2.5170370485059963,53.320432193464725,1,79.62088376756486,Medium,226,2021,6,2,16.3844,0.8592,12.095,0.8921,9.6472
Dam,Houston,20352724,21716785.726547465,1364061.7265474647,519,771.9705152225253,252.97051522252525,1.847605886380929,4.0971392683518255,369.5779699655723,8.410442961860348,58.22691656023036,Snowy,166,32590.488818370195,822.6368572368486,5863,72.87806780763569,4,2.0628708127001056,50.71756547926468,0,89.0660774630126,Low,578,2021,6,2,6.7021,0.9372,48.7419,0.6723,17.8458
Road,Houston,45319259,62494166.79735673,17174907.797356732,354,407.9644458895742,53.96444588957422,0.2802134671809966,4.527910687865661,354.8038307366824,28.25186525477077,34.9804979221712,Cloudy,203,28895.14083843331,459.6746342445422,5038,50.17347966220813,5,7.526238977798593,94.05048346062136,1,66.16179947026575,High,889,2021,7,3,37.8976,0.7252,15.2442,0.8677,18.4478
Bridge,Seattle,44301351,48543309.50295965,4241958.502959646,870,1045.0155014788215,175.01550147882153,1.1338394037298918,0.5987998321609861,60.99209732328495,28.42495741875758,53.286856513833534,Stormy,263,35733.39884099092,270.0224707903259,3452,89.04858635829524,8,6.013061386204084,67.68032510388997,0,93.4663308156193,High,738,2021,7,3,9.5752,0.9126,20.1167,0.8325,11.7102
Road,Seattle,5510784,5949607.863408873,438823.86340887286,776,1122.063481639165,346.06348163916505,1.5069680903148053,2.6596648877639573,235.28645041560944,28.716474903030694,42.27226466560922,Snowy,157,33682.58826679847,783.0877963991344,3846,62.13307734244034,1,5.733557780910452,99.7271946045302,0,44.47394315650752,High,257,2021,7,3,7.963,0.9262,44.5958,0.6916,17.1144
Building,Seattle,31993940,33257815.65860269,1263875.6586026922,630,838.1249890772558,208.1249890772558,1.5381610057413262,1.4225597987122207,199.827611133068,17.088701971127964,38.669240144605,Stormy,72,44659.62002592283,181.80901132709303,9064,57.628121728930445,8,3.275805702953265,72.11885838151062,0,23.669776181562604,Medium,303,2021,7,3,3.9504,0.962,33.0357,0.7517,13.351
Road,Chicago,27455291,26845986.35023743,-609304.6497625709,736,919.4421699044572,183.4421699044572,1.2527607837430077,0.235305989384737,351.2354289141396,40.31873825668272,87.68895126196263,Snowy,111,31370.73698652335,563.2906366678986,7622,89.68751151141406,9,2.391467830633375,59.37988758856872,0,26.16786840853372,Low,254,2021,7,3,-2.2193,1.0227,24.9242,0.8005,9.7556
Road,Houston,37124898,39125107.18860913,2000209.188609131,315,434.2850847734627,119.2850847734627,0.4168959368489809,3.3427334755699265,147.26111553991433,16.905808488933857,31.205187384071145,Sunny,62,40037.06114152504,157.48820547569957,9896,78.31150277149987,0,2.858931727920063,88.85717842612729,0,70.2848757067498,Medium,316,2021,7,3,5.3878,0.9489,37.8683,0.7253,13.5486
Dam,Chicago,46598220,51872758.685838535,5274538.685838535,195,276.6308531753489,81.63085317534888,1.6150990524891622,4.313853887296128,315.8923653384163,14.7645856423151,75.11280862201767,Sunny,186,16191.822018491051,420.7760696420088,4462,93.89554502048946,3,4.602493066730322,96.32461081836492,1,46.67737807707549,High,781,2021,7,3,11.3192,0.8983,41.862,0.7049,17.4749
Dam,New York,49176440,64145577.44233561,14969137.442335611,512,601.1560156376884,89.15601563768837,1.468211533678397,0.8145132723869702,460.9426828163776,0.9659450455844834,88.89154716382504,Cloudy,290,35518.21630650806,640.9691191057534,2159,77.79302222027196,4,7.661288860848576,90.78105153877456,1,24.068313850763595,High,579,2021,7,3,30.4397,0.7666,17.4133,0.8517,16.6882
Dam,Seattle,47426160,44463870.13048468,-2962289.869515322,374,443.21431709070384,69.21431709070384,0.2636579659431689,4.062068288119503,409.0110674938735,6.921029804598508,21.393103861805447,Rainy,69,45598.735327220405,600.5039873384918,5626,84.44905947592692,8,3.2906495488282297,87.2599617013764,0,36.30041694132471,Medium,684,2021,7,3,-6.2461,1.0666,18.5065,0.8438,7.8101
Building,Chicago,10179253,10447009.738265555,267756.7382655572,675,763.8506289389935,88.85062893899351,0.9812386668813148,4.266978667684708,464.6559812974386,-7.671602911493316,68.93191898294666,Sunny,141,22357.954755492497,464.1898761141999,8056,90.18675377557676,5,7.2875170113284815,66.73498472595843,0,57.75445648294737,High,679,2021,7,3,2.6304,0.9744,13.1631,0.8837,7.1956
Dam,Chicago,4287093,5939399.451077378,1652306.4510773784,188,278.2444525940824,90.24445259408236,0.4305570590914268,4.571702213332418,490.3276851197105,24.84444114888936,37.7038263889401,Rainy,157,40059.6884302391,486.1431945749041,4722,43.28437815459621,3,5.423606383643591,53.224518194752136,0,20.93007402659228,Medium,752,2021,7,3,38.5414,0.7218,48.0024,0.6757,27.6479
Bridge,New York,2017481,1993580.2135882257,-23900.786411774345,513,676.2877730705699,163.28777307056987,0.7412063868546466,1.326425445430262,54.80155715277324,3.669465915990108,22.834147702981312,Stormy,234,37615.518553794594,304.0925980156899,4560,86.56293753216282,1,8.968967636597137,60.06496742800449,0,10.309824904996876,High,317,2021,7,3,-1.1847,1.012,31.83,0.7586,11.5428
Tunnel,Los Angeles,9451115,10449030.71038572,997915.7103857212,512,486.3661259391198,-25.633874060880203,0.1343540751908023,4.519765325949447,330.2335743698649,6.728538996700582,48.20227052696416,Stormy,278,7678.678859232012,510.2943295816926,7117,76.82238891097461,4,3.0962310480013007,72.34051271237006,0,92.55682427460512,Medium,229,2021,7,3,10.5587,0.9045,-5.0066,1.0527,4.5869
Bridge,Houston,27271534,38692725.71151456,11421191.711514562,506,717.3945416378324,211.3945416378324,0.8606267499804406,1.6033137736821612,235.7777289915079,32.394798691537666,85.46524671196126,Rainy,201,31167.87393308325,957.9293701487508,7589,44.1704677909116,7,5.05771014355848,97.8099935007202,0,37.43750717002772,Medium,798,2021,7,3,41.8795,0.7048,41.7776,0.7053,27.5087
Bridge,Los Angeles,32590452,32360858.34984326,-229593.6501567401,194,230.5371771133416,36.53717711334161,1.1447661501967998,2.761690067277514,436.9345206508048,7.997165073879962,20.82355660568984,Cloudy,157,10858.520714036107,865.4076260054113,7849,70.5146753121229,7,1.86998290449104,86.1427089837677,0,29.934833080868767,Low,804,2021,7,3,-0.7045,1.0071,18.8336,0.8415,7.4241
Dam,Seattle,3338377,3170263.349448328,-168113.6505516721,793,746.4131086758196,-46.58689132418044,1.277206926371465,0.2525373541614106,163.31661590410926,3.320774060722819,61.15199843508472,Snowy,82,48529.36275037661,230.70958216870943,3243,44.94748467903723,5,4.016378283600886,91.41415225841236,0,72.86327287553699,Medium,433,2021,7,3,-5.0358,1.053,-5.8748,1.0624,1.8033
Tunnel,Chicago,33271884,39617590.77953681,6345706.7795368135,405,498.0812930046846,93.0812930046846,1.3606316557445493,0.219405441843718,491.46327010178425,-0.7018237976461847,55.09775350167271,Rainy,197,41513.33762152953,126.80270858882884,9177,84.15683210339334,0,5.561923996289827,63.8646948453238,0,86.80624499627905,Medium,809,2021,7,3,19.0723,0.8398,22.983,0.8131,13.729
Tunnel,New York,18583780,20097460.599184703,1513680.599184703,604,694.7803347007944,90.78033470079436,1.688953494894674,3.6018660636610145,326.1685862946863,32.61721212000757,81.13689150597332,Rainy,237,9937.571056120403,940.1718814449677,2760,72.790102833873,7,7.5946619290221316,84.19115137267517,0,66.90508906091718,High,889,2021,7,3,8.1452,0.9247,15.0299,0.8693,9.8715
Tunnel,New York,21696165,26860829.002933104,5164664.002933104,587,837.4433403926165,250.4433403926165,0.5093795238238871,2.222399889888955,407.091831002974,-2.8661558105485216,25.8801200164438,Rainy,225,10478.839894145529,574.0747748926728,6442,97.21441224473784,3,2.782694080527686,93.1219071688998,1,32.90344786886784,Medium,742,2021,7,3,23.8045,0.8077,42.665,0.7009,21.0974
Building,Houston,40601943,56123372.90791878,15521429.90791878,292,298.53985455236466,6.539854552364659,0.3289154626330891,1.281461876846088,88.51979877024574,14.956456813769442,67.70682209206552,Rainy,113,31751.32347106785,584.054040834377,8679,50.988122294306194,1,2.9628291556581927,73.97057574482923,0,87.54729610188778,Medium,605,2021,7,3,38.2283,0.7234,2.2397,0.9781,12.933
Dam,Los Angeles,44552513,43763447.58081326,-789065.4191867411,607,847.298410777053,240.29841077705305,1.7179206266060587,0.952067480124551,132.55604814148927,17.881156384245692,67.60767889032941,Rainy,79,20520.01283779325,802.6461961358701,3675,76.36200715122271,0,6.684200564689444,71.49459301153793,0,55.938447651449735,High,726,2021,7,3,-1.7711,1.018,39.5879,0.7164,13.2132
Tunnel,Houston,16902677,21101630.73625006,4198953.736250062,180,222.2303786480289,42.2303786480289,0.3975643482960348,3.3497674542960905,391.2816528653914,27.806445197714304,66.83560118035983,Cloudy,157,6570.763658289918,383.2200764841939,8124,52.69492807422948,6,4.442120051088804,85.97022567158893,0,44.30717226642222,Medium,481,2021,7,3,24.8419,0.801,23.4613,0.81,16.5794
Building,Chicago,27877776,33545474.39291178,5667698.392911781,445,415.08095095799627,-29.91904904200373,1.952044154538771,0.0020077201266993,59.89393491769562,24.83059152831475,85.96341464545259,Sunny,122,29373.86785248739,533.7168119524019,6781,76.84389908364389,1,5.338853805091131,77.99558431223731,0,64.42535076696765,Medium,760,2021,7,3,20.3305,0.831,-6.7234,1.0721,7.3669
Road,Houston,49730509,49056524.9187231,-673984.0812769011,670,993.6818111328448,323.6818111328448,1.7008226358574103,4.029455845984272,417.5950936522023,34.589637011984614,77.61612703048164,Snowy,158,22453.02948586311,971.7966218320638,4236,83.35898214165138,3,8.525213819008666,99.6585541597022,0,73.05510012744847,High,528,2021,7,3,-1.3553,1.0137,48.3107,0.6743,16.7983
Road,New York,32751305,41738233.33145867,8986928.331458673,387,467.3292596807631,80.32925968076307,1.0516655511902384,0.3962480306496441,56.27705841136015,-7.538671134056901,22.938090837045426,Sunny,290,9548.44215672842,704.9338182391664,6898,83.33825975977231,3,5.491749709580726,71.25514003642809,0,63.4446886703628,Medium,228,2021,7,3,27.4399,0.7847,20.7569,0.8281,16.1574
Building,New York,1737954,1849503.27526968,111549.27526967973,801,860.6954161436986,59.695416143698594,1.964700707351848,0.9574480745405972,345.703477577573,6.304239862866847,52.97579954931592,Rainy,194,41086.41765151922,238.3705287962073,9235,88.9044394409566,9,6.87249442548254,58.79716386624933,0,92.82209011505252,High,253,2021,7,3,6.4184,0.9397,7.4526,0.9306,7.3358
Building,Seattle,37462488,44681531.58266595,7219043.58266595,891,1052.8448977274577,161.84489772745746,0.285015785305208,1.931181976495448,214.29226410431264,5.407376532645886,47.85671393409334,Sunny,149,46178.45443754627,219.904073185918,9680,91.213013677499,0,6.91097537493975,73.59675263931564,0,66.52160253991482,High,883,2021,7,3,19.2701,0.8384,18.1644,0.8463,12.6125
Dam,Seattle,8840130,8392495.825206831,-447634.1747931689,548,775.2636392205503,227.26363922055032,0.6758249462326931,2.424293698580518,325.1726837236396,-1.969070192434048,41.71030547635614,Cloudy,63,39046.72703063585,283.83828249970486,5276,44.63630357603062,1,8.232507486604163,61.76024965488656,0,89.07226413630188,High,440,2021,7,3,-5.0637,1.0533,41.4715,0.7069,14.288
Dam,Chicago,10095781,11870118.895632124,1774337.8956321236,485,525.2268091960535,40.22680919605352,1.312626388577162,1.774975579069709,363.2141331451012,5.904803962104372,51.59357076078681,Stormy,68,42009.00395073248,790.0405069786458,5723,60.596029424344245,0,6.743255396419218,78.06269103972505,0,62.82625916384861,High,535,2021,7,3,17.575,0.8505,8.2942,0.9234,9.1094
Road,Los Angeles,6934261,7515893.504624446,581632.5046244459,191,193.9807150373759,2.9807150373758877,0.7650130500990395,1.6035608249214697,204.11384863383688,7.0370922778596885,46.89359294481842,Sunny,120,14742.075526975284,365.8393034565544,6644,81.22735122158835,5,1.5832884308847626,56.28984962189729,0,39.67116163571124,Low,761,2021,7,3,8.3878,0.9226,1.5606,0.9846,4.3012
Tunnel,Houston,5510579,7678599.079411548,2168020.079411548,524,512.1800000350692,-11.819999964930844,1.8639078487635048,4.819580060365942,98.583101649876,18.703645406011304,50.26337299150657,Snowy,108,16860.782791337046,119.2499620075718,2115,69.91517724347273,2,4.079556844181561,97.49881367745932,0,57.90671357348758,Medium,781,2021,7,3,39.3429,0.7177,-2.2557,1.0231,13.0188
Road,Chicago,43622487,40751570.56663155,-2870916.433368452,644,694.6928715379777,50.69287153797768,0.2246895675378533,3.2078984062169718,81.34064048671954,26.503746340944083,88.54833059260497,Cloudy,244,14383.739313463448,949.7569271550956,2781,51.440556805287486,0,9.90384565158289,92.99114407700804,0,17.77030206864423,High,439,2021,8,3,-6.5813,1.0704,7.8716,0.927,4.3422
Tunnel,Seattle,27227228,31343014.62999603,4115786.629996032,879,1202.4973611049188,323.4973611049188,1.1438824809158328,0.117164776836941,315.0212101531465,10.960528248649773,26.20430823247065,Stormy,146,39427.85441145038,252.7420747554196,9842,73.16257421000188,7,2.768592599271269,57.77826985544352,0,30.715717050621485,Medium,817,2021,8,3,15.1164,0.8687,36.8029,0.731,17.5295
Tunnel,Houston,48116458,56539670.01906031,8423212.019060306,845,999.6145671539978,154.61456715399777,1.2226459080507175,2.150879542221566,284.2949091803502,29.570862722235965,84.55616088871109,Cloudy,93,47656.26855205237,108.60236753326171,2876,64.44613916596863,3,6.280561705732197,58.619646137350486,1,78.9608495983345,High,474,2021,8,3,17.5059,0.851,18.2976,0.8453,12.5972
Dam,Seattle,12368856,16512467.854121286,4143611.8541212864,673,697.5570715714514,24.557071571451388,1.340183435176726,4.375043498719851,383.9904541045096,8.489093621876897,53.61656994297187,Rainy,209,37257.67430302562,313.41844214499065,6363,63.40229665925831,9,8.586465758895354,75.62193372440083,0,69.53280496159834,High,820,2021,8,3,33.5004,0.7491,3.6489,0.9648,14.6621
Bridge,Houston,45557027,56699025.03848956,11141998.038489558,547,546.8419168719197,-0.1580831280803067,0.5857658243304474,1.5072809320533398,279.3809795017717,5.965602252311818,63.66195718496788,Stormy,160,44666.00441958002,311.52590840632035,9532,88.58522304613983,6,6.279027046726187,88.64406935208626,0,24.98668394804752,High,492,2021,8,3,24.4573,0.8035,-0.0289,1.0003,9.793
Bridge,Los Angeles,45696953,59421000.18826959,13724047.188269584,599,658.6829738578303,59.68297385783035,0.7926762122877424,0.4727817238719412,240.1006055138956,19.76534307213634,78.11280766323857,Snowy,60,33741.459269742765,479.80472576115073,4375,64.45590002993087,9,4.350432323140096,60.95396678337647,1,49.42136586322731,High,791,2021,8,3,30.0327,0.769,9.9638,0.9094,14.669
Building,Chicago,15634171,21359866.74438444,5725695.7443844415,350,512.3841183059989,162.38411830599887,1.7029930063634575,3.791923857949589,229.1392302063039,-8.695600183181517,45.23241204044788,Stormy,155,22444.69552514596,928.3508483500332,3750,41.58727032882545,1,1.7220570644593516,53.04858597797659,0,22.779298533722475,Low,361,2021,8,3,36.623,0.7319,46.3955,0.6831,25.45
Dam,Houston,31161753,44166231.3606012,13004478.360601194,313,346.1204166244066,33.12041662440657,0.4703912610433036,3.0300691596804064,61.90110616895036,-5.61159820012998,50.12953356615768,Snowy,51,24159.27267186373,891.2664260011882,4276,43.483800333465474,5,4.254984122824855,77.27671382913076,0,87.02360707365766,Medium,865,2021,8,3,41.7322,0.7056,10.5816,0.9043,17.5451
Tunnel,New York,25340709,27578934.674804747,2238225.674804747,606,904.6819140171056,298.6819140171056,1.671048909629388,2.8515625391325194,201.0007407634957,12.988324897258988,48.66629361950998,Rainy,267,8389.464447533217,511.2050994841852,1448,91.37464250149722,5,2.638607604168606,84.5798557051005,0,19.825273157885995,Medium,543,2021,8,3,8.8325,0.9188,49.2874,0.6698,18.9637
Bridge,New York,8704694,10644218.40914696,1939524.4091469608,204,242.9922077856796,38.9922077856796,1.1690453035152106,0.2678827980370396,489.2090708860224,41.86019912654661,46.23117157750319,Snowy,174,6415.573786071173,469.80991449262586,6537,97.63604860075128,6,9.64776534653782,62.21827456463585,0,68.88114970843012,High,367,2021,8,3,22.2814,0.8178,19.1138,0.8395,15.5481
Tunnel,Houston,36933339,51856802.97458014,14923463.97458014,709,714.3163308406301,5.316330840630144,1.548156271268756,0.7024950489775866,443.10000930219,29.683147891388305,84.78705251528265,Cloudy,245,36296.40218850848,599.5081778273661,5172,81.30456018734245,0,7.435286574024577,86.9883893875319,0,64.63000008803522,High,748,2021,8,3,40.4065,0.7122,0.7498,0.9926,13.8339
Bridge,Houston,7990607,11935335.379948378,3944728.3799483776,369,529.398416323083,160.39841632308298,1.455853995900596,3.112746981065569,198.220130165398,-5.153038677469324,78.02509238351084,Sunny,194,24729.30014050313,319.1086107745892,9989,61.86209764600481,0,7.74444838923876,97.53218924723043,0,52.54989810821649,High,722,2021,8,3,49.3671,0.6695,43.4684,0.697,29.3995
Bridge,Houston,32338158,46363591.81475062,14025433.81475062,320,376.3882316418868,56.38823164188682,0.4942718412312701,1.039119207294179,314.5079322798675,36.54749070294805,27.62999929040833,Cloudy,258,29849.67806245833,146.96649276972656,4496,96.31601894768365,1,4.923723394003403,56.853722134273646,1,35.04111603977276,High,775,2021,8,3,43.3712,0.6975,17.6213,0.8502,19.4825
Bridge,New York,5532688,6212546.679788843,679858.6797888428,734,973.1392596793926,239.13925967939255,1.1807441992243586,2.5203503987421216,431.2835354909722,30.27654238344996,27.568634673396723,Cloudy,269,30094.756143008733,945.301722554086,3182,79.76818518254416,1,1.9896834531853556,75.55145326543476,0,46.35608499937265,Low,843,2021,8,3,12.288,0.8906,32.5803,0.7543,14.0584
Dam,New York,25356967,25790568.86197095,433601.8619709499,837,1247.319957087636,410.3199570876359,1.7486739903296755,2.7244084301469678,248.5734515375309,23.602058913645926,49.95086603970938,Stormy,143,17481.911599998566,268.0290863894555,4326,90.66001295196024,4,3.4004483755058894,52.84209753407913,0,82.57521704149423,Medium,727,2021,8,3,1.71,0.9832,49.0227,0.671,16.6999
Road,Houston,28995739,34610344.06991351,5614605.0699135065,494,459.4719738348403,-34.5280261651597,0.9210208499236656,1.417535951354697,58.08103868756793,35.11611283350475,26.906016371296637,Rainy,217,26415.16298732708,278.56065632114473,9837,85.95113824222057,0,3.337399936596971,60.33305036153578,0,78.53957339914922,Medium,587,2021,8,3,19.3636,0.8378,-6.9895,1.0751,6.4766
Tunnel,Seattle,32197881,43305662.82653047,11107781.826530471,623,596.8444264485926,-26.15557355140743,1.936522463424302,4.742125777707464,83.52970781838803,12.226041625862642,63.336516668978376,Sunny,264,26184.2099750466,525.2142959685528,1719,62.748358946355545,1,5.381014157213893,54.49096767305366,0,76.49282036450228,Medium,797,2021,8,3,34.4985,0.7435,-4.1983,1.0438,11.6258
Dam,Seattle,3363162,4020799.548679681,657637.548679681,498,663.4724743490716,165.4724743490716,0.9592086901932644,4.212320534177875,279.676724606918,2.1825577969619,30.05841250832137,Snowy,223,22479.224955253565,542.4520103562977,2522,68.72213205104714,5,5.148818080240215,70.20033115401013,0,77.4841225924952,Medium,593,2021,8,3,19.5541,0.8364,33.2274,0.7506,17.8642
Dam,Los Angeles,6680820,7949564.6251459345,1268744.6251459343,620,662.8389012259155,42.83890122591549,0.3712927096689808,3.6118675381639926,486.2477190541453,18.16128640098176,56.56612847767608,Stormy,265,41930.39225304817,116.59078873066775,7756,51.16792926208597,2,4.900673956346563,91.04158951873788,1,22.94977369198052,High,521,2021,8,3,18.9909,0.8404,6.9095,0.9354,9.1503
Dam,Chicago,20470010,28718160.0611092,8248150.0611092,271,273.8674071440861,2.867407144086087,0.8399258921475791,0.3899693320470454,361.9442939984905,20.18629655764106,20.505396290260244,Rainy,142,25302.380165941817,233.15926489657363,7627,57.52084602644405,3,5.463797200234669,78.85652252608907,1,18.918680532618847,High,399,2021,8,3,40.2938,0.7128,1.0581,0.9895,14.0983
Dam,Seattle,33557230,37478132.84221605,3920902.842216052,358,330.6549317852779,-27.34506821472212,1.9082345721420209,0.5306500965450972,81.9122861473563,19.607950460545165,42.16174438888527,Sunny,53,32164.00360276945,440.3393367046676,2069,86.6875396771913,0,9.883207737833276,61.12924185827154,0,87.53487605686199,High,342,2021,8,3,11.6842,0.8954,-7.6383,1.0827,5.4819
Dam,New York,45154589,63933335.19930511,18778746.19930511,235,214.58038639005449,-20.419613609945543,0.707469613745723,2.4639067293247785,135.21239410633825,21.079058531405792,67.40335065708588,Cloudy,215,45298.405417137175,715.3576241594851,6562,93.6387035129865,4,3.68518267587595,52.00553235478616,0,85.34571133099995,Medium,399,2021,8,3,41.5877,0.7063,-8.6892,1.0952,14.0133
Building,Seattle,36900136,42216813.88834292,5316677.888342917,334,455.8069148652061,121.80691486520612,1.7493865037474194,0.8035667459549284,397.0954144475825,42.178770503154944,53.88272581594939,Rainy,112,43980.51302865151,305.57661114874224,8749,83.46762539508471,3,6.5374224430922885,77.66990976433765,1,71.3186473641727,High,449,2021,8,3,14.4083,0.8741,36.4691,0.7328,17.1707
Tunnel,Los Angeles,47524065,52131041.36964556,4606976.369645558,851,834.5417080148923,-16.458291985107735,1.7743762951955906,4.89132731764737,428.6478919803101,39.62350927029272,88.47886401992916,Rainy,78,45068.99917006243,480.7130016175864,5887,67.9104217993983,7,3.1555696963627438,56.63983574952855,0,64.53151707839844,Medium,811,2021,8,3,9.694,0.9116,-1.934,1.0197,4.9393
Dam,Los Angeles,43366372,50842472.02399987,7476100.02399987,290,342.3833871789803,52.383387178980286,0.765354396230726,0.7926011701370472,327.9625637848659,38.16443701074167,81.18726572463476,Rainy,68,17150.224840925628,601.6105582448201,5674,45.19055613638485,2,5.199456393335638,67.13670136818786,0,43.01845358341496,Medium,579,2021,8,3,17.2394,0.853,18.0632,0.847,12.0307
Tunnel,Chicago,9277983,12594566.65259228,3316583.652592279,316,399.27803615803,83.27803615802998,0.258189550296201,2.43733917731987,339.9904263334175,34.077924599974494,45.13495453302059,Cloudy,140,6574.211973862827,899.7332451609628,3156,43.41687692190689,9,2.8004430983173743,75.5096129456803,0,30.16743324202029,Medium,361,2021,8,3,35.7468,0.7367,26.3538,0.7914,20.9903
Building,Seattle,18069791,17628910.085447133,-440880.9145528674,411,475.5315540202775,64.5315540202775,1.4766600274017547,1.820605284207527,62.751852672523086,41.888545899590696,23.184057903059223,Snowy,78,16748.005995289815,393.46345209441097,8944,62.45953387677123,0,6.023730117697819,95.18662678430962,0,70.08907939568527,High,797,2021,8,3,-2.4399,1.025,15.7011,0.8643,5.9151
Building,New York,33284704,33878886.87612732,594182.8761273175,647,592.8228024369257,-54.17719756307429,0.6918733681265734,3.1969321072704897,422.8386168116788,-4.5827947076328215,79.19384100805132,Stormy,297,17541.83055293189,220.2024392771352,5139,67.82930312605978,9,3.385106078353008,54.09116635443585,0,92.17311742742292,Medium,384,2021,8,3,1.7852,0.9825,-8.3736,1.0914,3.0126
Tunnel,New York,20978294,30856278.166523453,9877984.166523453,660,904.266595024812,244.26659502481183,1.5875548670893875,0.6451820444471246,404.7238436768733,4.581779379515673,83.786401722027,Snowy,277,45921.21470262356,540.3450033078474,6629,76.5472373327978,4,1.3311002504694769,83.43037961334153,0,49.329691816433495,Low,761,2021,8,3,47.0867,0.6799,37.0101,0.7299,26.2953
Bridge,Houston,11031033,11089442.059720472,58409.05972047336,247,223.85805987707303,-23.14194012292694,0.9410442116948228,2.1515821402119544,166.5658148465062,17.228077011002167,77.44391753933257,Sunny,212,34215.92297770867,772.0494415156559,8087,40.38937128321983,0,8.33743982325538,50.70406427524393,1,37.28912232006132,High,735,2021,8,3,0.5295,0.9947,-9.3692,1.1034,1.8263
Road,New York,20384838,25290171.84251943,4905333.842519429,428,580.8533248761379,152.8533248761379,1.022006810450981,1.3735251640357182,368.90452398447815,36.559397121787285,28.95649586438354,Stormy,165,8676.678182100295,198.87378134746007,6078,99.38337342797838,4,2.1542960090837577,81.49542761801479,0,34.3667632140542,Low,407,2021,8,3,24.0636,0.806,35.7134,0.7368,19.164
Bridge,Chicago,19664179,24532807.12183793,4868628.121837929,502,720.8633135289825,218.86331352898253,1.57802787282222,4.43875762335844,146.68457289124916,17.784114133750286,89.85405940886014,Sunny,119,11092.03682049955,482.21514252726433,7405,61.836333004242576,8,4.31234919205215,77.57662446652968,0,12.133471860977377,Medium,875,2021,9,3,24.7589,0.8015,43.5983,0.6964,22.9696
Bridge,Chicago,6304120,7525698.818220114,1221578.8182201143,697,808.3136549861094,111.31365498610944,0.826490329017093,0.2029285606734754,68.14857247318085,31.141910663787375,38.100895508694165,Cloudy,172,12005.425649388892,116.00662713623508,7871,90.88567982806728,4,5.294598482000826,90.59333100450338,0,56.82850499746589,Medium,798,2021,9,3,19.3775,0.8377,15.9704,0.8623,12.4633
Bridge,New York,36002379,46329558.7786271,10327179.778627098,611,746.2298706376528,135.22987063765277,0.9419419561135376,4.5686374700322965,140.5114441656698,-2.3572052113096085,70.6943438965859,Snowy,72,33368.97866760154,130.203263482526,1632,72.09800233992426,1,4.892320003797346,76.58312364322397,0,98.94124268693484,Medium,775,2021,9,3,28.6847,0.7771,22.1325,0.8188,16.4236
Dam,New York,6813775,7071990.059143001,258215.0591430012,666,790.0025636900145,124.00256369001454,0.814761890662282,4.164970692765002,130.38299453943478,3.8827597137108096,83.56244134350051,Rainy,280,38093.63114781514,534.658026894999,3199,47.82636727200079,1,7.530991873210081,67.63082998630688,0,83.37139445253902,High,429,2021,9,3,3.7896,0.9635,18.619,0.843,8.4288
Building,Houston,25019663,30814150.915554,5794487.915553998,785,889.8172593716397,104.8172593716397,0.7979469790268319,1.4878535822040773,201.98659853068125,30.247685227071983,36.498098003149664,Stormy,95,43683.97597544282,368.3775683358365,6353,87.8539331520713,9,6.370989363378499,62.13754356641133,0,90.77272463487324,High,620,2021,9,3,23.1597,0.812,13.3525,0.8822,14.0279
Bridge,New York,13565034,15237656.316788904,1672622.3167889044,608,870.9324705031074,262.9324705031074,1.0992984961127727,3.946453273385524,238.30227372895612,-0.9396295111751768,83.57809882739463,Rainy,221,47328.64478628094,860.5965691048709,3910,82.58962449519257,8,3.6583406443673736,54.26248708910365,0,65.90476866479554,Medium,712,2021,9,3,12.3304,0.8902,43.2455,0.6981,19.0044
Building,Houston,30022580,38939296.94135886,8916716.941358857,448,643.4893276680934,195.48932766809344,1.6367189445521864,0.1560678016937378,278.84250117396857,9.32457640602097,41.66371054364069,Sunny,225,14076.70508238988,641.9388755138089,1622,71.64616509575367,4,1.4653269985660315,76.73063371482156,1,53.330176943447576,Medium,375,2021,9,3,29.7,0.771,43.636,0.6962,23.0939
Tunnel,Houston,26055715,25657951.738452557,-397763.2615474463,888,978.1229590810096,90.12295908100953,0.7873597926528751,4.834327751466968,264.53924397874766,4.567644179746429,88.34892556688393,Rainy,229,18939.76181258221,508.5396655686913,7073,70.8731854800268,7,7.908356064278586,94.41609633242842,1,99.14113066633765,High,869,2021,9,3,-1.5266,1.0155,10.149,0.9079,6.0264
Road,New York,7472652,9284967.762420207,1812315.7624202075,716,908.6339663247144,192.6339663247143,1.0960839690216997,2.632974712948947,171.8035726843802,9.242393182236317,39.68820142663322,Rainy,57,15814.52963351738,467.1418339488667,1360,45.24877634505568,9,4.172744140105795,75.73722469778447,1,50.244589957496224,High,698,2021,9,3,24.2526,0.8048,26.9042,0.788,17.9816
Tunnel,Los Angeles,24383686,24655861.902465224,272175.90246522427,327,476.1592636930186,149.1592636930186,1.3743819183409416,1.5164051303272263,63.12680085833351,28.957822699288364,86.74050773304846,Cloudy,232,21144.2705359762,547.520932170607,7365,79.35093691443245,3,9.007522668999725,86.95514287329462,0,92.5147518142102,High,249,2021,9,3,1.1162,0.989,45.6145,0.6867,16.4207
Tunnel,Los Angeles,19275555,20570599.313065413,1295044.3130654134,297,438.7388245113488,141.7388245113488,0.6119349479769445,1.8129160629733851,322.2957300067178,10.231594962854055,23.74812556248724,Cloudy,115,46159.92983406872,136.3949480913952,9401,94.67470934525798,1,4.555510962429254,64.92174691087878,0,78.56603279053614,Medium,818,2021,9,3,6.7186,0.937,47.7235,0.6769,17.4437
Dam,Houston,15219886,15695140.336804625,475254.3368046228,546,658.1349816422628,112.1349816422628,0.6272933293145458,0.3320267673024868,228.08517343130947,20.53948274343671,69.64904081688691,Snowy,254,30880.065512271267,903.514020778594,4943,45.5946951532815,3,7.458927455239365,72.40654299373838,0,39.78805827142474,High,578,2021,9,3,3.1226,0.9697,20.5375,0.8296,9.1898
Road,New York,16913266,17077369.80346245,164103.80346244946,245,287.06524637679604,42.06524637679604,1.873484941344564,4.946747570210196,184.40247082439737,-4.503746762007469,57.24777936859026,Sunny,217,38218.635379602456,998.4728401605626,5869,55.81068703893429,3,9.456082329112114,66.23016017229656,0,55.27559649276865,High,851,2021,9,3,0.9703,0.9904,17.1695,0.8535,7.9332
Tunnel,Los Angeles,35230728,49161893.96463302,13931165.964633018,549,585.9019076668565,36.90190766685646,1.4747156893290685,0.1964597257534622,440.12346927373056,34.27597312790453,53.451395398591146,Cloudy,298,27055.365625705188,263.3384123728288,9128,94.13847840652592,8,6.860372055719318,55.46330556774487,1,44.58962995873312,High,382,2021,9,3,39.5427,0.7166,6.7217,0.937,16.8514
Tunnel,New York,1379039,1477536.227039704,98497.22703970388,354,522.264385865643,168.26438586564302,1.196654684824287,3.2745356157392957,386.0344885091719,10.343874410646867,35.6446019979088,Cloudy,262,6298.606100125604,208.34466829715777,1877,57.0606345891876,9,4.721400220577543,70.84943016417525,0,22.260094674936845,Medium,327,2021,9,3,7.1425,0.9333,47.5323,0.6778,19.1467
Road,New York,35083146,51090682.799533576,16007536.799533576,767,756.0231429184136,-10.976857081586443,1.3306681033991627,2.2136796385322914,435.994496767599,25.66937874683384,69.39170528435443,Snowy,208,7888.796869901645,229.2197171037357,5795,79.23662033079557,5,6.106593419073485,88.21436159186081,0,42.10899234059737,High,651,2021,9,3,45.6274,0.6867,-1.4311,1.0145,15.9095
Road,New York,8035655,11908486.459813626,3872831.4598136265,674,841.0830805537,167.08308055370003,0.1556689418964948,4.744581090943576,272.74225762060746,29.896428091400796,33.356664401241495,Stormy,293,29206.53640705486,694.9243524109304,8791,72.08908989658865,9,5.891006696877033,69.74874997722586,0,90.0075595852085,High,834,2021,9,3,48.1956,0.6748,24.7898,0.8013,24.8738
Tunnel,Seattle,9368352,11642578.299633687,2274226.299633688,293,313.3723370297767,20.372337029776705,1.274395634567224,1.229998701533976,108.91906345704987,1.5313507161435211,58.69892571893378,Snowy,225,37345.50656690115,695.2967546056973,3523,75.77965630023172,5,6.263380329880265,82.50896111091336,1,77.73721168141611,High,378,2021,9,3,24.2756,0.8047,6.953,0.935,11.6213
Road,New York,43495479,42877872.49673012,-617606.503269881,290,309.5474425205166,19.5474425205166,1.0680668591259836,2.6604341196900565,363.29964625457256,38.65712417243424,37.72717541281756,Rainy,149,14689.873738792918,863.1317460505699,7270,64.94733409463518,4,2.321379870772112,87.930774202543,0,34.982296687149585,Low,605,2021,9,3,-1.4199,1.0144,6.7405,0.9369,3.2864
Tunnel,Seattle,21919751,24653778.439420693,2734027.4394206926,618,706.3623521990908,88.36235219909076,1.1369243915809275,2.411781042913765,142.73320097172888,23.892333838382413,86.89349658469493,Rainy,110,37485.93082965368,776.6437495836279,9583,57.99948823322266,5,7.286588941611789,66.13681136081613,0,43.112198178778456,High,845,2021,9,3,12.4729,0.8891,14.2981,0.8749,10.4886
Tunnel,Houston,18050668,24885361.343152307,6834693.343152307,894,1340.3525307715172,446.3525307715172,0.7829052709785524,3.5143322202505067,248.55335109127256,13.579882796331482,22.004183568495694,Cloudy,161,41479.95980675806,504.72070603240576,7623,42.912007043780136,0,2.3053894450226844,89.87572798027384,1,65.47905307058696,Medium,671,2021,9,3,37.8639,0.7254,49.9276,0.667,26.7985
Dam,Los Angeles,32698133,36636114.24594224,3937981.245942235,326,304.1514096178692,-21.848590382130794,0.2548004056545896,0.3400511597621025,79.25035502699983,0.0284350968020739,33.98097960778656,Cloudy,101,23535.38652629501,651.569825408787,6088,84.65685635764984,4,1.131551958858526,66.94628584848547,0,47.45258335076387,Low,321,2021,9,3,12.0434,0.8925,-6.702,1.0718,4.6393
Bridge,Los Angeles,26944707,25657028.370674208,-1287678.6293257922,214,266.8847694573334,52.88476945733339,0.4673445438628991,0.9689456501167742,421.3887810903421,41.82655158456637,36.96174244712134,Snowy,215,38588.86547798472,719.4562033312071,8564,84.7656077316536,5,6.623020906156572,62.8053530230228,0,55.27397047281066,High,492,2021,9,3,-4.779,1.0502,24.7125,0.8018,9.7384
Tunnel,Los Angeles,38925479,48036802.714711234,9111323.714711234,488,463.3771278727292,-24.622872127270853,1.9064149551040763,1.0728241004642491,106.67328847137526,31.528751227239383,48.98474780374716,Snowy,268,23181.34776478069,561.4628232567027,8066,80.2435444047234,7,2.052222149580323,61.12230838799325,0,72.83515699863841,Low,344,2021,9,3,23.4071,0.8103,-5.0457,1.0531,8.8326
Building,Los Angeles,14721794,20714631.64849753,5992837.648497529,717,711.7748610619212,-5.225138938078771,0.8765291683147745,3.690753774208448,456.3938781721894,1.4413509503286883,36.29111693090375,Sunny,85,35525.7783254759,528.085886006473,7545,78.61802728717723,3,7.933704730401459,59.99520728624197,0,52.05257633296186,High,493,2021,9,3,40.7073,0.7107,-0.7288,1.0073,14.3989
Bridge,Los Angeles,31109596,42855205.40986437,11745609.409864374,193,224.60138865730167,31.60138865730167,0.9866979960786418,0.9456934816337004,438.9037710177007,8.574092609832348,54.39443631881497,Rainy,161,39379.86721937944,680.5877010783879,3321,54.62302793005158,4,8.793693581507384,86.85620364066983,0,27.18728107004762,High,200,2021,9,3,37.7556,0.7259,16.3738,0.8593,18.7976
Bridge,Los Angeles,41739304,41951084.390001245,211780.39000124484,553,667.0706715807493,114.07067158074926,0.2001486007215341,2.867458819454884,259.06224399766074,34.53208419484403,81.07258662809772,Snowy,136,49636.69782386498,601.7270940780884,9149,41.34069602597747,3,9.502631112555337,94.37546305284587,0,56.85165435833464,High,261,2021,9,3,0.5074,0.995,20.6276,0.829,8.841
Bridge,Los Angeles,41981729,54729849.13383221,12748120.133832209,736,776.6827275337739,40.68272753377392,0.1713758361335631,1.0762191025047685,384.9656919367958,28.262271476843644,69.84443949864195,Stormy,232,20542.849792861824,679.5480748023193,9125,88.52292381312638,6,6.980292666157524,61.532423709264464,1,42.05064071953832,High,760,2021,9,3,30.3659,0.7671,5.5275,0.9476,13.3641
Dam,Houston,20975372,21652930.17188922,677558.1718892194,607,661.5536870644625,54.55368706446245,1.4626447493888397,4.308124750419892,328.750283218169,32.11813609936484,60.597338637457774,Sunny,134,23496.83512585752,651.5692965670274,9330,69.4683121417496,9,5.338134036030738,54.262014889807695,0,36.16608056127603,Medium,310,2021,9,3,3.2303,0.9687,8.9874,0.9175,6.5329
Tunnel,New York,22731798,23434767.9585108,702969.9585108012,412,392.2982474072667,-19.701752592733328,1.1223798618301115,4.710927272448193,411.3840390519852,14.266060621711285,26.230222458787576,Snowy,62,12452.90267345771,747.2769044622892,9294,58.4102878421571,5,4.170529726352192,65.68834881442191,0,39.52977049958672,Medium,778,2021,9,3,3.0925,0.97,-4.782,1.0502,2.7619
Dam,Chicago,48113433,68534845.92126612,20421412.921266124,884,956.4277733509904,72.42777335099049,1.0665413700109068,2.5924648747112022,244.31229535366043,29.40619444531918,68.57944758724929,Cloudy,214,14183.28762808131,678.5231579045885,6333,46.11591440683421,3,5.418325845876977,82.89236194606794,0,49.51019957410051,High,484,2021,10,4,42.4443,0.702,8.1932,0.9243,16.8749
Tunnel,Seattle,18539587,19462883.86231583,923296.8623158298,742,1098.1118172122185,356.1118172122183,0.5619366078030705,1.7615444210458913,403.6138179099575,11.257154757515252,31.64899990176579,Snowy,96,36202.775116927,567.7682377935405,9675,43.763295454083305,5,2.7131700552428217,68.42600461130195,0,89.7951828584459,Medium,550,2021,10,4,4.9801,0.9526,47.9935,0.6757,17.4347
Dam,Chicago,21035161,22254115.09009749,1218954.0900974944,842,1235.0661692209378,393.0661692209378,1.5150263900968524,1.1702888750874956,258.1055676793165,1.6194604316008032,75.04571701731885,Cloudy,139,46267.05155695143,713.6171301559478,8858,60.93200330771064,3,4.135803830101837,77.45882696056094,0,76.06513938971801,Medium,563,2021,10,4,5.7948,0.9452,46.6824,0.6817,17.1703
Dam,Chicago,26056359,23460938.090546224,-2595420.909453776,619,681.4737969568762,62.473796956876186,0.4196495003061345,0.2489050076152188,473.4346045292572,24.7972369162748,37.50397309571072,Cloudy,281,22757.222824755823,504.5337686668853,5319,88.28422388601643,7,7.46137472351048,87.21524828375976,0,70.10937446512257,High,624,2021,10,4,-9.9608,1.1106,10.0927,0.9083,5.9201
Building,New York,23438280,33338642.765498064,9900362.765498064,681,846.1509183635019,165.1509183635019,0.460876012955938,1.342500380987477,268.8674453713164,43.68076590793368,49.19341098246306,Rainy,248,13093.000107599357,317.50410337534095,6389,95.12342496002984,2,2.9568067402079183,70.42392655775242,0,52.41341897935601,Medium,604,2021,10,4,42.2401,0.703,24.2512,0.8048,20.9388
Dam,New York,21546166,29637977.0496858,8091811.049685802,454,656.3737845386212,202.3737845386212,0.9753531255617234,3.2711788997265896,258.17867237017833,7.083053426743128,44.53291416225496,Rainy,287,17829.477472234732,101.27639812052392,2848,93.80508187678387,7,3.376604221062985,99.98474156855974,0,10.16469524347151,Medium,340,2021,10,4,37.5557,0.727,44.5757,0.6917,26.7147
Road,New York,17920196,22873290.883977737,4953094.883977737,255,230.4461248640572,-24.553875135942803,0.6439317380126877,2.6680846565460543,403.2823377035807,15.35332757168968,80.11697402723998,Snowy,280,25477.32671636624,603.9677324312588,4205,95.2000500849793,1,7.743954301370638,64.89746301177513,1,40.64956402951822,High,357,2021,10,4,27.6397,0.7835,-9.629,1.1065,10.0407
Building,Los Angeles,30862495,41669289.532940224,10806794.532940224,618,856.8014678811791,238.80146788117904,0.5701796643429781,4.720206391404637,419.7099612923771,27.070075408841944,28.85811210993857,Snowy,71,18079.26482144157,631.5897039477769,3161,94.46352058776056,5,2.600523422444988,98.91241759363083,0,83.18728359815262,Medium,808,2021,10,4,35.0159,0.7407,38.641,0.7213,23.6172
Dam,Houston,45377043,44979047.32926574,-397995.6707342565,878,1289.8010804092023,411.80108040920254,1.3259515246513305,1.981386312458503,299.52010144452686,19.78284551673683,59.5951417669352,Stormy,216,15511.058740483984,974.8440682981428,2464,71.63348509602375,7,3.2129882782604,60.1514832616557,0,44.93538185659657,Medium,887,2021,10,4,-0.8771,1.0088,46.9022,0.6807,16.1133
Bridge,Los Angeles,18034570,21190514.369544752,3155944.369544752,468,446.8442662008628,-21.15573379913718,1.3368463159152346,3.4693167116419725,130.9090160727839,36.388528763997705,29.94431266101436,Sunny,264,38119.30199406858,425.330500684848,1643,53.16493831341423,0,1.157928065403853,55.54658716321449,0,60.743721256087646,Low,669,2021,10,4,17.4994,0.8511,-4.5205,1.0473,5.4814
Road,Houston,42417870,47114869.98842415,4696999.988424145,719,716.7485317546021,-2.2514682453978594,1.6665824326198655,2.446613737375607,260.4912039309108,31.89584885582337,69.33570852925307,Sunny,107,5353.021455828044,454.7199185454806,6351,87.88279497020923,5,7.480464395815961,87.5415312547184,0,28.426583471238715,High,506,2021,10,4,11.0732,0.9003,-0.3131,1.0031,5.8181
Road,Houston,49546069,47379217.04430627,-2166851.955693729,871,1285.9860178283102,414.9860178283102,0.8936462772486541,2.562881079621058,485.63262630935526,-6.793653787570363,83.35546894561368,Snowy,79,29265.373730141742,281.61962320797124,5553,52.822778491154736,8,6.561132090097905,85.1154828325599,0,92.42719676612116,High,777,2021,10,4,-4.3734,1.0457,47.6448,0.6773,17.2057
Road,Chicago,28082984,33465882.38292177,5382898.38292177,432,528.1304052315777,96.1304052315777,0.2388616729496854,1.3388715730205876,388.8437868676333,44.91316786580757,50.42253577070774,Rainy,195,40719.50631633893,163.4808657135897,7518,56.03243660539415,9,7.249469072603872,90.55846736212322,0,93.085339216336,High,468,2021,10,4,19.1678,0.8392,22.2524,0.818,15.676
Building,Chicago,8972368,13031860.185039269,4059492.185039269,305,277.0979841083254,-27.90201589167458,0.6199661313507695,2.2747538842099986,415.0231717456095,31.38213495457069,54.16645821854832,Stormy,155,16980.272884286067,795.5240435755666,6723,53.9952593093529,9,2.9289498575798185,67.17952108666525,0,23.146334556251844,Medium,772,2021,10,4,45.2444,0.6885,-9.1482,1.1007,15.9591
Dam,Houston,29481082,27241565.504148774,-2239516.495851226,356,375.4301949358898,19.4301949358898,1.962010380073952,2.353924985063536,64.77147446865806,37.51468239617623,84.91959855379336,Sunny,195,32148.11797754078,324.7129579053925,8946,70.89894422174835,1,7.186387516550843,96.5403826926492,1,75.1743054285699,High,843,2021,10,4,-7.5965,1.0822,5.4579,0.9482,3.2746
Dam,Houston,30537369,32823901.77866224,2286532.7786622383,216,252.7127001852442,36.71270018524419,1.232891292942134,3.5332126087446696,260.5367581853719,25.81587416524405,56.469397205455,Snowy,287,35100.504752837805,648.0143749270342,1610,59.30965049014479,0,6.36738955923931,55.97407141865394,0,16.77146569767217,High,752,2021,10,4,7.4877,0.9303,16.9966,0.8547,8.6188
Bridge,Los Angeles,36790315,37692581.35104164,902266.3510416374,589,774.9740091561529,185.97400915615287,1.4485004611219383,4.70319999593057,340.9795101458999,37.09568204257192,54.131890663469264,Rainy,123,34476.11133822905,718.9957319909333,5302,49.24936297752049,1,4.29510681299803,51.51385506655631,0,63.86928561820881,Medium,752,2021,10,4,2.4525,0.9761,31.5745,0.76,11.2671
Bridge,Los Angeles,45494022,47445169.26065614,1951147.2606561407,790,1058.518019236843,268.518019236843,0.1139798762882876,1.6466063874125214,423.5147076326336,-3.8189363789209834,60.48303718930129,Rainy,216,25063.23353894229,524.1130185624829,2543,67.19040471363294,4,4.940432304709642,65.02819425559858,0,26.078828574339678,Medium,533,2021,10,4,4.2888,0.9589,33.9896,0.7463,13.2716
Road,Chicago,1764265,2549470.0708028795,785205.0708028795,789,1181.332544218911,392.3325442189109,1.0845908911467896,0.2110023429064922,72.17314411224716,9.125580955762356,68.24608154540664,Rainy,143,20596.009454410065,888.7169017244725,2466,92.43443432711,5,6.111284529460673,89.86622317001252,0,23.113472724028348,High,207,2021,10,4,44.5061,0.692,49.7253,0.6679,30.4917
Bridge,New York,24408056,28822043.812570557,4413987.812570553,306,328.18705620685813,22.18705620685813,0.1713044493104259,2.4814756275031984,433.5974985388429,38.2031518982471,27.4818362560922,Cloudy,203,42616.5832862516,499.4153568817559,7236,74.23317129699834,0,5.43962958478801,83.6491153636824,0,10.370783565340288,Medium,222,2021,10,4,18.0841,0.8469,7.2507,0.9324,8.6884
Building,Houston,15793752,18633147.17143025,2839395.1714302525,662,809.5810244621584,147.58102446215844,1.181537402973751,2.722306660745843,296.78042153386025,1.0910366196790733,77.47773694190613,Rainy,120,39130.068064993895,356.4177607375886,2181,92.70013635325525,6,6.77645259372434,71.81043821113116,0,94.6771423180663,High,860,2021,10,4,17.978,0.8476,22.2932,0.8177,14.6367
Dam,Los Angeles,1308617,1774936.6293017429,466319.62930174265,347,423.33796266436974,76.33796266436974,1.8494646143085431,0.8422027556595763,138.79128675922698,-5.69668457809875,50.48535192172815,Snowy,56,19456.482803626062,906.41397066546,3146,51.75233110474824,3,2.6288161984539564,62.81268070971677,1,84.63272423684121,Medium,602,2021,10,4,35.6345,0.7373,21.9994,0.8197,18.4159
Road,Chicago,12368954,12278602.778817326,-90351.22118267415,771,881.5514970202921,110.55149702029212,1.939996347950775,3.802323031380333,192.764847402365,33.346541696987046,25.064395692823982,Stormy,246,9635.863749899274,875.4078558249608,3272,50.01843242035324,8,5.866389594245772,52.96363933839886,1,16.972800153216316,High,777,2021,10,4,-0.7305,1.0074,14.3387,0.8746,7.0749
Bridge,Los Angeles,1744748,2080366.351221213,335618.3512212131,473,473.70814547247886,0.7081454724788614,1.1270500832389558,4.924645542207458,176.86829828820234,35.951738560381294,75.03278684387492,Snowy,114,8231.339545046114,247.6359523687717,5536,74.53462754190522,5,5.052515345780867,66.87527892237362,0,63.9438049060321,Medium,356,2021,10,4,19.2359,0.8387,0.1497,0.9985,7.8262
Building,Houston,46579602,53938765.883786246,7359163.883786246,817,1214.4492072727196,397.4492072727196,0.9705891299792104,4.7288735850423045,288.88656542981414,-1.054127999555467,46.38649801803905,Rainy,95,9242.419005452122,123.36491651852886,1719,67.79973409277639,8,5.149184446125984,73.00098838773748,0,30.96084113193096,High,708,2021,10,4,15.7991,0.8636,48.6474,0.6727,21.9638
Building,Houston,28220234,35505186.218596935,7284952.218596935,522,737.0589428639747,215.05894286397472,1.8955324790721384,0.9855301941182608,73.25855596000932,36.98902905304935,27.02572465665377,Stormy,67,31229.12125364193,180.98700071465865,5680,79.61035849881742,0,5.224438455243358,84.35119190356026,0,33.7614293925646,Medium,789,2021,10,4,25.8146,0.7948,41.199,0.7082,21.149
Bridge,Seattle,48050087,72062379.06162226,24012292.061622266,489,586.3109105015292,97.31091050152918,1.3798586807937208,4.376816199503804,121.3412713249656,27.77222875784433,64.36453276802754,Sunny,190,7324.797912304536,357.8926586984353,4472,87.6776074616069,3,8.933247674400855,82.29859774732155,0,88.67532895083933,High,673,2021,10,4,49.9735,0.6668,19.9,0.834,23.3487
Dam,New York,1734275,2361509.088470485,627234.0884704855,841,1061.2976402863617,220.29764028636143,0.2233086311229779,3.5224681820584234,415.7118695191021,18.604547576912115,81.60919474035492,Sunny,202,20161.709373381727,975.0338215675396,4642,85.07843773913058,1,8.36764697022954,97.36724514659387,1,20.2893171041082,High,377,2021,10,4,36.1669,0.7344,26.1947,0.7924,20.582
Bridge,Seattle,33775006,38460255.3039647,4685249.303964697,707,732.7041389200087,25.704138920008745,0.9848785975682453,2.269232819034558,109.67179583606496,35.663760602976176,82.14274565897904,Snowy,281,38893.98658614032,602.6645378447425,1063,96.53567041951366,5,6.666129650534831,55.01979595264305,1,64.13411220967392,High,789,2021,10,4,13.8719,0.8782,3.6357,0.9649,7.5855
Road,Chicago,10686427,14923935.469052272,4237508.469052272,719,881.6897421669997,162.68974216699974,0.5564655350821774,2.7030549716236454,155.02832125615714,13.05870871254312,87.03644323662812,Stormy,57,18245.667493192013,435.935558826342,1559,63.8953845494207,3,7.448382420421319,66.81700614395682,0,46.11299814811082,High,756,2021,10,4,39.6532,0.7161,22.6272,0.8155,20.7738
Bridge,Los Angeles,10422794,10448069.462929882,25275.46292988211,598,787.5552837639856,189.5552837639856,0.9926282107524949,4.24800087491229,254.0167725218708,0.6696675922868458,80.73938218366817,Snowy,123,39348.86347310584,899.8444851514718,8446,52.38320453489085,8,1.3852237246129595,74.07890409684492,0,27.172053966726065,Low,696,2021,10,4,0.2425,0.9976,31.6982,0.7593,11.4593
Building,Chicago,43541546,39983252.999250695,-3558293.000749305,623,753.269435210907,130.26943521090698,0.9653845868120872,2.4006746981918656,282.7043996509987,5.66689721358375,20.149864354183265,Stormy,209,38546.016719317486,507.8226983306496,2733,73.05475839687315,2,7.695925474417018,83.53478969269946,0,50.67262677363962,High,693,2021,11,4,-8.1722,1.089,20.91,0.8271,8.2122
Bridge,Houston,7194224,7357310.032766047,163086.03276604693,864,1290.9638324312336,426.9638324312336,1.2060751253480098,1.8660368455256344,393.62471582637136,17.784021006132313,46.61688164893732,Stormy,194,16062.220968494734,383.71476556091903,9861,46.64458721147113,0,5.375482196082838,74.77258457207031,0,94.64403583955152,High,201,2021,11,4,2.2669,0.9778,49.4171,0.6693,16.5803
Dam,Seattle,43499758,48034474.38682424,4534716.386824235,737,933.6352803927444,196.63528039274445,0.7778639316635773,2.466237465129929,251.2995919997845,19.223193597024665,77.2979805933852,Snowy,151,37796.998104173545,947.0975758710916,4894,57.33106739989789,0,3.859728080933148,95.63791159733694,1,80.3449044307497,High,291,2021,11,4,10.4247,0.9056,26.6805,0.7894,11.9035
Tunnel,Seattle,49257587,59421813.9486541,10164226.9486541,415,465.87245443545015,50.87245443545015,0.4121138539662633,2.8956490201752456,405.4390794659925,34.30694545426785,45.6377104198932,Stormy,128,38649.94872224453,864.5658995734102,2542,52.47328331578867,8,2.2579926934432866,80.43361727999067,0,21.890026122730028,Low,236,2021,11,4,20.6348,0.8289,12.2584,0.8908,11.9196
Bridge,Seattle,40578725,51497546.240104616,10918821.240104616,618,842.5139718399528,224.5139718399528,1.0570669257209169,0.9453882688917442,328.25583817045583,33.52439980087839,62.10839544657943,Rainy,128,22885.42665501621,859.3015378774969,3415,63.793823007824855,8,1.676879113167926,51.98327048456076,0,86.44867657458825,Low,245,2021,11,4,26.9077,0.788,36.3291,0.7335,20.9064
Dam,Chicago,40747799,58936126.33998246,18188327.339982457,393,393.8950602309512,0.8950602309512306,1.677385480256948,4.504538651334953,100.8948827407201,21.975160646251616,62.44218631621724,Stormy,170,14468.92176836832,561.0562687451918,7090,46.67299450013292,4,1.4039711694705082,55.68279845330672,0,94.36964760886988,Low,277,2021,11,4,44.6363,0.6914,0.2278,0.9977,14.54
Dam,Houston,27762677,33479356.610582564,5716679.610582564,264,298.50730489107264,34.50730489107264,1.3616232333284444,3.370934744148069,120.34914727677736,32.9432015851012,45.55177128271761,Stormy,225,28457.18631013411,810.4945589339095,6217,41.91050467288587,1,2.456165574012167,87.67477807402793,0,34.92678527579865,Low,323,2021,11,4,20.5912,0.8292,13.0709,0.8844,10.7899
Building,Los Angeles,6318331,7586833.166990237,1268502.1669902373,264,292.55829773980963,28.558297739809632,0.74289894525791,3.1663445866874445,246.66517645239688,0.5475402061519041,83.31317490969013,Snowy,112,46462.89146000883,261.41802333809665,6387,79.4076402778019,8,1.2712941531796749,85.78938481731471,0,40.00777259638129,Low,614,2021,11,4,20.0765,0.8328,10.8175,0.9024,11.1225
Dam,Los Angeles,33482872,31143952.96007859,-2338919.0399214104,668,774.2682837191971,106.26828371919714,1.8774937432418288,0.4974811309031907,228.6002268900678,-7.246451009868811,55.22598417702823,Sunny,89,33782.75295944279,615.9006618006193,6179,76.61493869738828,7,7.593780181982689,57.67485009128526,1,21.36789339598495,High,816,2021,11,4,-6.9854,1.0751,15.9084,0.8628,7.6913
Dam,Chicago,20741160,19101507.659694698,-1639652.3403053023,244,334.0525665159655,90.05256651596551,1.833194385373446,3.020869690862959,384.5949213367826,38.04986024490851,52.534894415625054,Cloudy,292,12781.512393226752,985.4613305627912,9187,82.50153616231967,9,3.2375270711956574,52.9454330532833,0,41.04460939795679,Medium,858,2021,11,4,-7.9053,1.0858,36.9068,0.7304,13.5195
Dam,Seattle,11736301,14443818.427319448,2707517.4273194466,825,982.1656509208868,157.16565092088683,0.4977619588297877,0.6048033111924617,311.3317129088084,-5.844502843047674,89.82596219633271,Stormy,133,35724.061613008394,361.8625874661655,7643,79.62318641628065,9,4.318663842388082,78.93589277199342,0,70.58267174256511,Medium,265,2021,11,4,23.0696,0.8125,19.0504,0.84,15.2997
Dam,New York,12152153,14131825.829713028,1979672.829713028,842,1158.9361002743644,316.93610027436443,0.1748934117286896,0.3934883759769952,224.6598864510122,3.567863635919851,54.545025485083166,Cloudy,64,24224.13622768256,814.9170963229077,8660,46.85768086854301,5,8.404445924342946,81.78694160133668,0,34.49395135866409,High,767,2021,11,4,16.2907,0.8599,37.6409,0.7265,18.8604
Road,Chicago,29681968,41658886.57801955,11976918.578019552,806,1004.1900335584392,198.19003355843915,1.5084865458664485,2.6365544782119663,126.84212755267352,28.242542229341154,32.48787763500067,Stormy,148,31618.795880991784,541.4305664872605,3458,57.46473288253878,6,2.031917468721316,56.76498187564175,0,10.6142509690228,Low,523,2021,11,4,40.3508,0.7125,24.5893,0.8026,21.0884
Road,Chicago,38502833,38364521.23000172,-138311.7699982822,243,268.5737235730716,25.57372357307156,1.6724594965633912,2.0139276702324747,152.07669604647282,12.519636569502,55.91485960044066,Snowy,183,38032.88157603986,135.8251148998786,7028,47.77159659402114,5,8.520346272125915,73.68096605204076,0,40.46901828701243,High,473,2021,11,4,-0.3592,1.0036,10.5242,0.9048,5.8613
Building,Houston,34679364,31731028.416145302,-2948335.583854694,522,723.4853425216636,201.4853425216636,1.9389426753075751,2.944051350781116,308.9754583110765,38.19726834535298,76.98117148639511,Snowy,271,28172.630818150017,786.7174580341007,6447,90.5783441229138,4,6.755863154952593,65.29157645592065,0,50.785662607185934,High,750,2021,11,4,-8.5017,1.0929,38.5987,0.7215,13.7308
Bridge,Los Angeles,26433907,30912425.71851572,4478518.7185157165,531,553.819089038215,22.819089038215,1.7906891487677905,0.4461108402861929,240.54746220490665,6.388888706424826,74.3802228828797,Stormy,170,41629.27885579889,251.7122299529015,5559,84.8142193213314,3,4.078265631441427,96.5652822818444,0,60.97204336786383,Medium,829,2021,11,4,16.9423,0.8551,4.2974,0.9588,7.7876
Dam,Chicago,44694538,46593480.82736936,1898942.827369355,337,348.6702385155187,11.67023851551869,1.2410160595921882,2.154915314236292,281.7173789873024,-9.34707593318524,75.20072355759297,Snowy,112,37497.00106924825,668.3262104194752,3749,52.09162017509455,6,2.0602649176091585,60.95999016947023,0,71.54425939222178,Low,790,2021,11,4,4.2487,0.9592,3.463,0.9665,3.9256
Bridge,Chicago,40835189,37967277.4874448,-2867911.5125552043,768,923.6749474044684,155.6749474044684,1.1070994445035236,0.8739335752257898,126.80484588600515,6.536060230840928,69.56166487985382,Snowy,185,32678.30030083298,177.09777464227562,2948,60.4785544293936,3,1.8234342760682123,86.66303629516497,0,15.56059098058931,Low,883,2021,11,4,-7.0231,1.0755,20.2702,0.8315,7.0457
Bridge,Seattle,41339104,55177739.96292958,13838635.962929577,670,707.8613968767598,37.86139687675984,0.1528979973989139,4.935500429620583,348.3078135550546,21.794127705165742,37.79524803466818,Stormy,272,11785.676712455816,952.1806577463684,7306,97.99689953585286,9,4.019629114713886,75.90669566721688,0,52.2776750769497,Medium,422,2021,11,4,33.4759,0.7492,5.651,0.9465,14.342
Building,Seattle,21655025,20939452.022339515,-715572.9776604846,837,757.8635089525009,-79.13649104749913,0.5686472490050779,2.805751062175872,433.64243338518514,10.676610647181132,80.3458860088162,Sunny,177,42617.70999102057,362.5514984623248,9251,75.64956147277908,9,2.2630777544624125,50.57605060130217,0,33.97262164156166,Low,740,2021,11,4,-3.3044,1.0342,-9.4548,1.1044,2.2526
Dam,New York,22653925,28657027.097528137,6003102.097528137,642,827.5242075154983,185.52420751549835,0.9732680282925602,3.4371843047043367,166.07277805410524,19.41800156673154,82.54104257633855,Stormy,161,47115.751339391725,303.8182225096554,9092,88.06933583806943,9,3.409392668277473,75.8499291606309,0,95.31726089900478,Medium,211,2021,11,4,26.4992,0.7905,28.8979,0.7758,19.101
Dam,Houston,48623905,51960956.31143313,3337051.311433129,404,487.48914232490927,83.48914232490927,1.294157410158779,1.627091403413039,271.18140162432195,38.21289653592603,33.59068876329843,Sunny,160,11163.430571418266,216.2227636597009,9524,55.87546208612375,8,1.4766022040619209,54.973607495975074,1,42.39086588145303,Medium,570,2021,11,4,6.863,0.9358,20.6656,0.8287,10.1539
Tunnel,New York,33290830,33427243.510824285,136413.51082428545,492,574.3168588383812,82.31685883838122,1.1587784833049803,0.4736945738967207,488.9872980594058,40.18667798267027,29.131894558597573,Snowy,81,26970.85082450437,951.401974005143,1189,52.60317521075831,4,6.35507579527029,82.95310979126558,0,19.01113288478833,High,456,2021,11,4,0.4098,0.9959,16.7311,0.8567,7.2133
Bridge,Seattle,46173471,52076791.45843256,5903320.458432563,794,1175.2638003641653,381.26380036416526,1.511008380395212,4.879354313917683,199.95878324782743,4.628573555976166,88.29234780123784,Sunny,94,16649.9933886727,740.7133681971746,7008,87.0350157307929,7,2.3074850525842403,78.2761765190786,0,13.7342341694414,Medium,711,2021,11,4,12.7851,0.8866,48.0181,0.6756,20.1025
Bridge,Los Angeles,3592316,4960512.291034882,1368196.291034882,645,801.5540841936476,156.55408419364755,0.6315571686853776,1.431295176915916,317.7708552156925,15.417726029844538,80.78267745552574,Snowy,171,38953.54883415041,767.4947998462798,8482,81.15234731388641,5,7.810590818130644,50.52136136667373,0,33.886529883541584,High,333,2021,11,4,38.0867,0.7242,24.272,0.8047,21.2697
Road,Seattle,34265940,38900618.98835849,4634678.98835849,267,378.6217387618594,111.62173876185943,1.1734099545396992,2.1190409258678717,90.58806509010996,20.202920838279816,82.52653030469628,Sunny,229,37473.3336202115,549.4641052422201,1295,80.85867575270582,3,2.963574786501749,60.23464147914906,1,26.099086499437835,Medium,562,2021,11,4,13.5256,0.8809,41.8059,0.7052,17.7922
Tunnel,Houston,40450157,54626391.408853285,14176234.408853283,482,474.1290083105323,-7.870991689467701,0.267470262442505,3.249319608512875,322.70675111574946,42.20118512885359,82.04634692370766,Sunny,256,11339.83042566794,527.2550067434352,9368,73.15807490975163,2,8.181789214043672,88.81125264360114,0,68.48196641908685,High,247,2021,11,4,35.0462,0.7405,-1.633,1.0166,12.5502
Road,Seattle,39993189,39005028.41087912,-988160.5891208798,859,1066.469011096907,207.46901109690705,0.8859644948080931,0.1234864884305564,90.33429798707806,44.92395255404116,57.91807768236099,Stormy,131,44466.22720677367,199.01911869232896,9168,73.81470056659293,5,2.7089378760328096,63.78863071510106,0,86.22698875368698,Medium,393,2021,11,4,-2.4708,1.0253,24.1524,0.8055,8.7875
Road,Houston,30142589,41104328.8763466,10961739.876346596,614,872.3636944876646,258.3636944876646,1.5253055826137418,4.051295652586434,481.6559458957199,2.9473986862839645,65.24812156660599,Sunny,62,13143.787879010102,603.8569860255925,1799,84.14185031837522,0,7.492299073311687,74.96417005815266,0,38.13028331232363,High,834,2021,11,4,36.3663,0.7333,42.0788,0.7038,25.032
Road,Houston,44338325,46207628.55782496,1869303.5578249544,861,1076.1324342107953,215.13243421079528,1.4174616215151836,2.682890950143101,372.0481934325401,29.983892924019848,58.17539964935492,Snowy,73,40876.65615416483,322.2248455979114,9997,56.20014886727172,1,3.997672116626776,65.59993072045918,1,62.00123094644414,High,555,2021,11,4,4.216,0.9595,24.9863,0.8001,9.7602
Building,Houston,47619069,62211260.21538252,14592191.215382516,314,417.87387115912713,103.87387115912712,1.98222120062714,1.3910859353441107,404.6719046610679,10.791708422825735,23.58444444332304,Stormy,217,25564.11618326022,979.4307995203652,8003,61.16610795141735,6,6.248079954001075,96.076342819877,1,75.72747492829478,High,392,2021,12,4,30.6436,0.7654,33.0809,0.7514,21.567
Building,Houston,29088529,36054327.99939445,6965798.999394447,229,257.21878621739734,28.218786217397337,0.6279931393767364,0.3080399264623462,366.84696234723657,-9.554049171258272,72.18521597469409,Sunny,63,19772.253210116804,816.9228460136326,9406,92.2982062312033,3,1.3479563288956458,76.8288508891717,1,45.86389202254015,Medium,258,2021,12,4,23.9469,0.8068,12.3226,0.8903,11.7504
Road,Houston,37219181,54246466.14305736,17027285.14305736,611,583.7919929457887,-27.208007054211294,1.0465596684305605,0.8124920773722072,315.3780662344096,-9.49111126602537,55.37324233351162,Stormy,269,12120.766820339608,471.6928541735989,3700,58.53191206072947,4,5.457199909188317,84.80867574280104,1,15.969305020426082,High,807,2021,12,4,45.7487,0.6861,-4.453,1.0466,15.616
Tunnel,Los Angeles,47991244,54344973.28010861,6353729.280108608,519,609.69015190257,90.69015190257004,0.7261077861705937,4.475169294267184,252.46075148847743,15.331130415924063,65.33963523531608,Cloudy,252,12542.641526598323,236.2071328223797,9788,72.77857428275794,9,2.338191052318569,54.1738052348554,1,30.626641983500672,Medium,783,2021,12,4,13.2394,0.8831,17.474,0.8513,11.4817
Bridge,New York,24506142,23028399.907820165,-1477742.0921798348,526,597.8976957487434,71.89769574874344,0.937145916712432,3.430121119679455,436.2680208924781,16.858420215238404,55.18478634828747,Stormy,119,34785.074961540515,806.7985220249055,6873,82.15836784040104,0,5.376882045241239,52.01679937663761,0,89.4759227279815,Medium,560,2021,12,4,-6.0301,1.0642,13.6688,0.8797,5.176
Tunnel,Chicago,41801245,38101554.38677313,-3699690.613226868,825,1171.6947902775792,346.6947902775792,1.7282052467518374,1.249508608184449,480.5760503943784,-8.758666688460654,54.42679256257192,Cloudy,111,29769.367457620425,209.8483903731844,5714,99.9954896099906,1,2.272232177975347,62.96140975335655,0,84.20322396294054,Low,859,2021,12,4,-8.8507,1.0971,42.0236,0.7041,13.2615
Dam,New York,20699205,28898473.41574801,8199268.415748011,526,550.4049174224402,24.404917422440235,1.3999972428581249,0.3280038247251476,274.5662778068366,27.78100792258664,32.02523766344368,Cloudy,169,10493.843974305471,270.4003781473634,7491,66.11747988971992,3,4.9338020812543375,65.4567146126827,0,17.787927594152535,Medium,237,2021,12,4,39.6115,0.7163,4.6397,0.9557,14.8621
Building,Houston,35538588,43173747.38146015,7635159.381460153,828,1225.4735642394417,397.47356423944166,1.7766382635604052,3.4530765619331816,469.1907721198679,6.170186372722423,39.50996005988043,Stormy,138,10071.403719724633,290.3684659698047,9333,65.68557259749663,7,1.9955873820905952,84.38402705899509,0,30.15538510305167,Medium,205,2021,12,4,21.4841,0.8232,48.0041,0.6757,22.6456
Bridge,Los Angeles,27029483,36899202.251954325,9869719.251954325,424,625.3503376782638,201.35033767826383,0.4866711058305842,2.8620386298388256,312.4998094948329,20.794120584477216,31.119688436076903,Snowy,238,8253.975864775615,601.2015744457849,3839,90.55530276602003,9,2.979563659608662,78.45652513562206,0,79.2248753910988,Medium,626,2021,12,4,36.5146,0.7325,47.4883,0.678,27.5968
Bridge,Seattle,31278124,32549747.391560737,1271623.391560737,288,301.9907479227446,13.990747922744616,1.7593861238987325,2.0225976222911752,292.272884103395,6.550549024098032,33.69664069377397,Snowy,50,38469.53063180949,808.3509885913296,4513,88.33018667559179,3,6.3557104195346925,68.72898034674927,0,53.7308408789938,High,245,2021,12,4,4.0655,0.9609,4.8579,0.9537,4.5482
Dam,Los Angeles,14331690,15865900.958840732,1534210.9588407334,712,789.4877953799113,77.48779537991129,0.2135483209389304,1.8180572459503197,254.5172298299105,-0.807612682188104,88.10841662942134,Snowy,266,37034.693835318016,382.883390852223,2135,83.86455290407291,2,9.78994573489128,82.70587420890054,0,78.39703285261518,High,433,2021,12,4,10.705,0.9033,10.8831,0.9019,8.8344
Dam,Houston,11625643,10673064.822747849,-952578.1772521512,269,386.642696577045,117.642696577045,1.7883386328305897,1.0840713796455417,144.17949268855392,12.394555622938142,30.71794120405389,Rainy,243,7629.394588455882,176.20283284776048,7357,67.79377824454173,2,5.042662915527748,58.17828736681436,0,28.998322449593186,Medium,223,2021,12,4,-8.1938,1.0893,43.7333,0.6957,14.5285
Road,Los Angeles,46553994,68755379.34556156,22201385.345561564,475,702.9873329553907,227.98733295539068,0.725240180975383,3.348056282687588,51.67384736812664,2.7750350634775423,38.84892970136454,Cloudy,175,30212.153401863783,518.0846171719772,3247,59.43634720964295,4,7.184563233485522,53.174484740735295,0,95.74283252532472,High,276,2021,12,4,47.6895,0.6771,47.9973,0.6757,30.943
Building,Los Angeles,44099658,57361339.96480907,13261681.964809068,291,339.32446735517334,48.32446735517334,0.6977165034867263,4.853340138969353,158.67780208522757,19.414053730554244,61.34127604170095,Stormy,81,8810.426985921045,773.299217043942,7548,76.52382895509092,2,5.854822039399377,92.72525461591002,0,80.52467039199094,High,733,2021,12,4,30.0721,0.7688,16.6063,0.8576,15.5745
Building,Houston,6296990,9193120.863341684,2896130.8633416835,768,839.1154386313258,71.11543863132579,1.072968295727461,0.8785762291841293,279.37542722160435,0.935569165756398,62.71250033656493,Snowy,190,45668.55967740237,299.4974587786495,5516,92.57339758789846,7,5.48522140864994,78.19730641344388,0,27.770709234340725,Medium,406,2021,12,4,45.9923,0.685,9.2598,0.9152,19.0727
Tunnel,Los Angeles,33650907,35646333.24913789,1995426.249137893,356,432.77368123052935,76.77368123052935,1.8873113566741404,2.985583100077517,220.98197851688863,17.96232871545449,30.778189082068035,Snowy,210,45820.28386310596,297.9320932354368,5102,93.0266474925152,4,1.5823377715586606,82.45476368187107,0,60.260428061199,Low,858,2021,12,4,5.9298,0.944,21.5656,0.8226,9.3651
Road,Chicago,13299755,16849169.232429925,3549414.2324299254,522,685.2093154337482,163.2093154337482,0.1907845928946702,2.120925278729881,251.8183526011852,-1.3441816822122838,75.56021980496486,Stormy,81,36420.48454159085,952.5043246120398,2548,46.509900704226304,6,2.298676620477515,65.36211253747871,1,20.178741528663203,Medium,615,2021,12,4,26.6878,0.7893,31.2662,0.7618,19.0459
Road,Chicago,33220741,43422829.92909476,10202088.929094762,839,892.7670710397648,53.7670710397648,0.769238852634416,2.2334436087233245,491.2916988038223,26.90360902171817,74.96420075389776,Cloudy,105,46678.50146477525,958.73835440726,7532,65.70101702878904,7,8.947519563093106,68.59774788688499,0,42.52913336138523,High,780,2021,12,4,30.71,0.7651,6.4085,0.9398,14.3251
Road,Los Angeles,41483087,45238543.40556568,3755456.405565679,280,375.7274933360042,95.72749333600422,1.727486778498338,1.270736400639072,207.62256680119745,31.46657264427832,36.61223929427238,Stormy,201,41515.38636861608,991.4191588554188,5511,67.88331737192496,4,4.69147883537623,54.11837235764879,1,69.36592316279686,High,558,2021,12,4,9.053,0.917,34.1884,0.7452,14.7107
Road,Seattle,45857903,64607619.319650576,18749716.319650576,808,752.2434867291779,-55.7565132708221,0.8525035071273868,4.125674378307095,253.48232271204856,-3.928317116253642,40.20664118728223,Rainy,140,42284.235916717225,826.8936414173021,3831,98.6569220514252,7,6.528992289263119,92.84940939008868,0,39.711491913589455,High,357,2021,12,4,40.8866,0.7098,-6.9006,1.0741,14.9718
Building,Houston,2821367,4142604.35705909,1321237.35705909,783,727.8585527007228,-55.14144729927716,0.4783981054344273,2.4262780207362056,110.0819981087688,15.729132662053654,85.65915058216478,Rainy,53,30636.853275646998,269.365752251151,4062,80.67988091455507,2,5.7540990944346255,79.62197250394675,0,69.10825561821711,Medium,606,2021,12,4,46.8297,0.6811,-7.0423,1.0758,15.5997
Building,Chicago,37927295,54270662.14866965,16343367.148669653,580,656.4281213906497,76.42812139064972,0.9071089445296824,2.71702926099132,71.58097959664444,-6.102056463981953,77.79700121856347,Stormy,265,18772.663919727915,290.7833687193352,8975,64.43478503572423,6,4.409941415961113,54.18138315899703,0,32.03015181946857,Medium,888,2021,12,4,43.0913,0.6989,13.1773,0.8836,18.9626
Road,Seattle,30698493,41241589.1324436,10543096.1324436,207,230.2013704539415,23.201370453941507,0.8325497528341717,1.523804563986629,398.9342815666226,22.90003450481013,68.84579231437667,Cloudy,72,14800.960180238972,406.2027173701528,4052,41.56347315913558,7,4.49034888349838,90.22647998625004,0,74.90861024797603,Medium,486,2021,12,4,34.344,0.7444,11.2084,0.8992,15.9638
Tunnel,Los Angeles,31235640,33312148.10916238,2076508.109162379,716,779.9960293217287,63.996029321728656,1.8392907827867369,0.9090423283347489,306.8074287823904,4.542236386130496,25.75632550574204,Snowy,78,19724.00099175181,386.31927820014175,8210,73.92310960595177,6,5.999185053178055,72.20576847584873,0,42.36306165279362,High,683,2021,12,4,6.6479,0.9377,8.938,0.918,7.0756
Bridge,Seattle,2578315,2756140.419360949,177825.4193609492,237,283.123010251519,46.12301025151902,1.5476753139118844,0.4295519410141024,392.31716271975273,19.019345126128933,49.27848566318031,Rainy,147,33282.2943540078,960.874974170208,4539,45.764558538301365,1,2.2702762132816927,88.25506750850066,0,81.14331438202935,Low,447,2021,12,4,6.897,0.9355,19.4612,0.8371,8.5615
Bridge,New York,41981642,62049546.653982505,20067904.653982505,677,739.5819811349602,62.58198113496019,1.059719555913612,3.5705957046245795,117.43825949894824,18.460355516136016,59.151131045377895,Rainy,198,12769.544112457952,810.1665845935242,1526,90.06699744086578,7,4.485331362289906,50.6309931044574,1,22.30209232460322,High,765,2021,12,4,47.8016,0.6766,9.244,0.9154,19.4107
Tunnel,Chicago,26076068,23629368.729218896,-2446699.2707811035,476,483.30886151448703,7.308861514487035,1.977904076770985,0.981171408439278,307.3229470322109,40.83948904065903,33.118790158864385,Cloudy,79,16638.81064867947,751.6079129453985,3807,85.15111963422173,5,5.022780124624652,51.43698484860613,1,42.57801544170567,High,187,2021,12,4,-9.3829,1.1035,1.5355,0.9849,2.4652
Road,Los Angeles,19126806,25431574.754704613,6304768.754704613,313,339.8183813188393,26.818381318839272,0.9840273094242542,3.4503767709439885,164.139113453619,20.19957724127976,51.37586074757572,Rainy,139,26062.7388257959,267.36690165231863,2753,67.63054959449073,9,9.866136013085118,58.53914793910723,1,51.75392083972157,High,687,2021,12,4,32.963,0.7521,8.5682,0.9211,16.2326
Building,Houston,46447478,61484742.05872197,15037264.058721974,510,757.3207074799319,247.3207074799319,0.2106518785585229,1.9518822302347691,152.62781760500897,22.064916384507363,62.0718114242083,Rainy,197,15487.2544336077,918.5730034260966,7882,65.75264677250198,2,4.16309292357146,60.54582780703399,1,48.1460972050519,High,655,2021,12,4,32.3748,0.7554,48.4943,0.6734,25.4933
Bridge,Los Angeles,47523237,60526246.879187055,13003009.879187057,428,490.7739254842771,62.77392548427707,0.5983212114484713,2.078874004948257,55.18670632384337,12.090921917040916,42.91636760807795,Cloudy,193,31488.96513722277,845.0833415555564,2654,93.84033793412613,3,6.8012100629278205,88.19777651550689,0,48.97850540683061,High,476,2021,12,4,27.3614,0.7852,14.6668,0.8721,14.5687
Dam,Houston,12199747,18227218.75483302,6027471.75483302,729,850.617368597836,121.61736859783603,0.928533912416694,2.3458874804638583,108.65332560608236,42.199378175054925,74.66613732653411,Stormy,116,46542.92128053484,247.27765719513133,5841,57.3075010250877,6,2.2367394984382134,85.33470820082991,0,50.03230000105653,Low,343,2021,12,4,49.4065,0.6693,16.6828,0.857,21.4741
Dam,Los Angeles,6440107,7001218.462450811,561111.4624508107,254,316.4654564685538,62.46545646855378,0.3981149858776281,1.838542540637716,189.1706501748629,32.74522501917853,78.83147071471637,Snowy,226,38664.02145664069,884.0532987648752,5041,54.94119772640624,2,1.589332436471972,80.80440595649141,0,98.9923172709386,Low,664,2022,1,1,8.7128,0.9199,24.5927,0.8026,10.7095
Tunnel,Seattle,49726898,54897655.91623005,5170757.916230053,833,1241.1737160534303,408.1737160534303,1.9003737400156815,0.5030998861129504,102.59544226592256,5.697290966656286,42.65266286038495,Snowy,150,34989.19763670109,345.0227827334241,6024,96.35184596954572,0,8.843878126011074,94.24294482416694,0,27.384139294268927,High,776,2022,1,1,10.3983,0.9058,49.0004,0.6711,19.5884
Road,Seattle,8081530,7656147.691856806,-425382.3081431938,347,362.6013857539259,15.60138575392591,1.557012905853769,1.5481590500142288,493.6362981849219,36.43152721769276,78.70600081447199,Rainy,107,31222.466419270044,172.78277124889544,9965,88.55475020520896,5,7.576614121651178,62.35743918281831,0,79.17974474577439,High,251,2022,1,1,-5.2636,1.0556,4.4961,0.957,3.8642
Bridge,Seattle,49494716,57694945.2081369,8200229.208136901,682,892.5806396298719,210.58063962987197,0.609745680812768,3.3186718034696923,188.8846918357778,13.781799810179947,27.25035962721105,Snowy,281,26957.65591656792,691.140075862789,9734,89.23753558403168,2,3.8574935883511214,95.22024519522242,1,59.66099029959922,High,746,2022,1,1,16.5679,0.8579,30.8769,0.7641,15.4049
Road,New York,27635617,29200597.55366443,1564980.553664431,534,710.0014958107685,176.00149581076846,1.22252861368404,3.328922007344355,108.64577601604768,35.576692894347666,78.64103690358594,Stormy,221,13395.373683559686,688.4241934458976,5417,51.711628856555535,9,5.5412020260750605,95.47355346325912,0,47.22655762988687,Medium,738,2022,1,1,5.6629,0.9464,32.9591,0.7521,14.4948
Bridge,Houston,47433552,52463027.39631108,5029475.396311082,404,510.8154386306392,106.81543863063922,1.4707533985081869,1.4311215361999718,139.58704077258096,35.25884375614261,30.69253021673316,Rainy,74,45261.97049420895,185.43880860905628,9977,48.59775948585607,5,2.221697660066547,71.7129880093432,1,67.0175845457738,Medium,417,2022,1,1,10.6032,0.9041,26.4395,0.7909,12.5571
Tunnel,Seattle,31110314,43577556.87023683,12467242.870236829,843,803.5029241882146,-39.49707581178541,1.888429964922916,2.30051313278844,314.46645275366444,0.3878602719569919,25.804900675680823,Snowy,72,16184.120090577637,386.9666280429241,5635,41.56177298902809,9,7.364442645827742,54.71931002100845,0,86.81782987898235,High,283,2022,1,1,40.0743,0.7139,-4.6853,1.0492,15.2952
Tunnel,New York,20674922,30212071.40963335,9537149.40963335,710,927.3475895025476,217.34758950254752,1.7751071634332802,0.9672361400596874,78.81958573915483,28.56276222609673,64.92427831087079,Sunny,285,9108.899491017231,993.5330160299848,3883,54.2224905351208,2,1.6329753287869506,86.32799540947624,0,51.99745275577774,Low,389,2022,1,1,46.1291,0.6843,30.6123,0.7656,23.749
Dam,Houston,26059572,26357689.41762019,298117.4176201895,325,304.9984686520542,-20.001531347945782,1.078865229662606,1.0518604076491789,438.0953585635206,5.98536331185921,53.0356156028706,Sunny,236,38750.68306529128,710.5840003078632,6884,86.45142950285948,5,7.813297512470817,66.84643363235395,0,87.83212320649609,High,733,2022,1,1,1.144,0.9887,-6.1543,1.0656,2.9059
Road,Los Angeles,37755905,42418961.5988305,4663056.598830499,420,528.227947686574,108.227947686574,1.571839977606733,0.115235442033037,482.67485565671626,6.362096849596753,83.5523420288983,Sunny,178,12902.699044902489,757.0676499429962,1448,54.40230512584898,3,5.92152859242988,89.74647587183654,1,18.44185014631449,High,647,2022,1,1,12.3505,0.8901,25.7686,0.7951,13.22
Dam,New York,32397110,47208366.88212855,14811256.882128552,523,702.7805734121828,179.78057341218278,1.1680750322724116,4.483732749538723,161.0363393003214,6.299144228431942,45.423243726359445,Sunny,146,21735.31997935292,291.6255570438751,4310,83.74619701569257,3,3.509654770780883,58.18451419519016,1,68.7775799793789,High,633,2022,1,1,45.7178,0.6863,34.3749,0.7442,25.3297
Road,Chicago,10314823,9665866.699147074,-648956.3008529264,214,219.68853395560163,5.688533955601628,1.1501373910865262,1.0535333253745311,252.5428708658867,29.906253615797148,40.10065844063401,Sunny,192,6272.821773094088,170.9038639035229,5585,55.11449592204529,9,8.76316918655311,76.97575567871826,0,39.98620551887769,High,447,2022,1,1,-6.2915,1.0671,2.6582,0.9741,4.3501
Dam,New York,24284876,23202166.783487607,-1082709.2165123932,881,1237.7813931871103,356.7813931871103,0.3180097208425646,1.1376693846823165,59.96050296327368,2.6404322985894844,55.05144343009388,Rainy,177,11168.057414320165,349.2115207668439,9108,63.7175498770403,9,9.87464683304969,75.40368651591055,0,44.80437945449477,High,565,2022,1,1,-4.4584,1.0467,40.4973,0.7118,15.9241
Building,New York,45976489,45869574.97472359,-106914.0252764076,180,165.27821099756446,-14.721789002435544,0.3396615502306889,1.398007163225659,338.31960112724965,-9.950179061465038,51.91623300380629,Cloudy,130,12794.163384196045,324.0085466738728,5409,98.98973739468452,1,3.289141910778742,55.01572452848068,0,61.39177758138733,Medium,566,2022,1,1,-0.2325,1.0023,-8.1788,1.0891,0.8578
Building,Houston,36004423,45262157.4929597,9257734.4929597,332,466.8875224407346,134.8875224407346,1.1061138685426692,0.637040358477145,236.266726123665,29.33802694154482,44.10996323520318,Cloudy,275,7448.455748758008,311.0896906732478,8873,54.68870387704813,3,8.256215346273393,68.16664128363293,0,53.19251184678151,High,438,2022,1,1,25.7128,0.7955,40.6288,0.7111,22.1537
Building,Los Angeles,33057821,32736610.14022785,-321210.85977214575,608,715.1280376744807,107.12803767448064,0.6108369354601125,3.196314415906814,171.52630974570008,-0.5848390890681099,68.561890908883,Rainy,258,34549.56304802804,273.4788896983356,7051,62.58223763789606,3,7.751496847388116,54.2377656723364,1,44.3601494658869,High,462,2022,1,1,-0.9717,1.0098,17.6197,0.8502,7.4362
Building,Chicago,22945770,33979147.79472048,11033377.794720478,687,707.9897488398238,20.989748839823847,0.1399701146748904,0.3757147658879328,143.07669977747383,-4.253468258069094,73.16932837397358,Rainy,229,42665.35081114028,617.2801215898639,9576,58.06523082791282,6,7.724711089951024,73.23701547561237,0,37.74910796377583,High,805,2022,1,1,48.0846,0.6753,3.0553,0.9704,18.0869
Bridge,Seattle,45454950,53092686.900485806,7637736.900485806,305,298.9814005338962,-6.018599466103808,1.4733944874104037,0.6710121316317513,344.3103849464422,3.063386632673307,79.70887783210956,Stormy,235,21799.193286467344,395.2931282576396,1294,46.577499179800135,4,9.615120503356245,92.14522793068964,0,65.6483772008379,High,219,2022,1,1,16.8029,0.8561,-1.9733,1.0201,7.7639
Building,Seattle,1424528,1710731.0262130213,286203.02621302125,670,986.2294813681136,316.22948136811374,0.1617245337113134,3.223783632950465,237.2976639645415,10.89452872774872,88.099962329724,Cloudy,218,44355.94145231904,838.3105135427774,2238,69.39364852784949,7,5.379553830717931,63.51023816520659,0,55.50216866466627,Medium,665,2022,1,1,20.0911,0.8327,47.1984,0.6794,22.6628
Tunnel,New York,28701434,30078964.18924214,1377530.1892421397,661,623.7191720346868,-37.280827965313165,1.2310259980977036,1.6983031024072135,130.8466800634604,16.17484801102604,38.66593344927532,Sunny,221,14600.595855205693,265.5526760626456,9041,62.72143979998013,6,7.067512365009892,88.24309935937188,1,39.09782129597924,High,399,2022,1,1,4.7995,0.9542,-5.6401,1.0598,4.0534
Tunnel,Houston,31248531,36953767.52878476,5705236.528784759,524,534.194971227855,10.194971227855037,1.1244682088418974,3.5397391335059454,360.0990866690708,-7.548647760805305,70.1265437742973,Rainy,53,19642.569060255777,518.1643637816901,3816,81.6932251484368,9,8.414896272632237,59.171370780622816,0,28.44649169898029,High,308,2022,1,1,18.2576,0.8456,1.9456,0.9809,9.5439
Bridge,Houston,12103831,15700462.347620685,3596631.347620683,400,443.4773633839311,43.47736338393105,1.9407479120978284,2.7871237233507102,304.2825273665121,43.38153329450483,47.59807648470216,Sunny,254,11783.164686402575,112.292052783472,2098,89.05567281709277,8,5.315828005387237,83.68674637453258,0,79.70213763673769,Medium,699,2022,1,1,29.7148,0.7709,10.8693,0.902,14.8384
Building,Seattle,26778005,36169219.57754462,9391214.577544622,204,259.5167455128411,55.51674551284111,1.0200049647605192,1.2801058653075654,436.40242471827327,29.383467938075697,67.39573803657757,Cloudy,245,32925.16379385494,533.5140902096728,2737,72.65498286973832,7,5.332880825308053,95.77686999652248,0,81.9743432075099,Medium,792,2022,1,1,35.0706,0.7404,27.2141,0.7861,21.152
Building,Chicago,41004651,55451444.47893547,14446793.478935473,707,867.404620374121,160.404620374121,0.220842729117815,3.2541397524466404,102.8641544944218,7.775673592838487,53.31871832444542,Snowy,184,23894.131589163808,150.25439878882696,3189,41.93178532524021,8,3.867892786606162,66.1964040782885,0,29.24093142821824,Medium,867,2022,1,1,35.2321,0.7395,22.6881,0.8151,19.7496
Building,Los Angeles,32279524,40244001.62495732,7964477.624957316,361,352.1143804565072,-8.885619543492794,1.1482071388322772,0.5813684014644033,403.5499708750053,7.5283491506968545,89.56411719375521,Snowy,95,32597.75060788544,979.9511606853793,3765,77.1353413740833,0,8.027431415444207,95.02058190443093,0,33.54841119201403,High,798,2022,1,1,24.6735,0.8021,-2.4614,1.0252,9.0075
Dam,Chicago,39819913,57444838.23657298,17624925.23657298,678,728.0613437847057,50.06134378470574,1.6980827241705927,2.682051915400152,353.0825540677666,14.669840215265268,71.02314950535249,Rainy,58,39275.37074273826,811.5329157853715,2222,43.32344380125635,9,7.175762017170009,75.27104632631972,1,31.52287202513382,High,792,2022,1,1,44.2616,0.6932,7.3837,0.9312,18.7287
Road,Los Angeles,14618723,20326526.038676582,5707803.038676582,820,855.4658713743239,35.46587137432391,1.994013640134736,2.185740525225173,101.75492157264402,24.443465251966813,86.67439103040272,Stormy,264,29556.63572148268,541.1003289728098,7549,76.98137941594149,2,5.0602590955094495,65.84025665828287,1,89.61127710188873,High,439,2022,1,1,39.0445,0.7192,4.3251,0.9585,14.4229
Dam,Seattle,9527835,12902869.214345748,3375034.214345748,221,227.2157825054193,6.215782505419298,0.9176520300092376,1.339367914087204,362.6693284422743,-1.9494813376067728,78.447868463683,Sunny,210,33243.36597058045,177.92862236141525,1410,81.1017969561513,4,4.77402991658863,94.82541175557655,0,79.67173429556655,Medium,545,2022,1,1,35.4229,0.7384,2.8126,0.9726,13.2255
Road,Los Angeles,19550271,18247505.710769627,-1302765.2892303728,660,756.8131572460749,96.81315724607488,0.7085676107438107,3.0200249886975006,248.69627999592367,0.3911397570723771,83.20307078143597,Rainy,82,47086.26414774498,633.2008967113728,3945,51.8660576570511,8,1.6533067885220678,51.60186333848641,0,16.711617092498262,Low,723,2022,1,1,-6.6637,1.0714,14.6687,0.8721,6.3313
Building,Houston,22970075,20767859.884819508,-2202215.1151804924,618,817.2548626209865,199.2548626209865,1.822641264208798,4.356667961701413,475.2431535001294,37.2689020558453,77.00934380502724,Stormy,133,18457.89393239794,782.8873756316898,9102,89.16076892330626,7,1.0585103214557396,51.40094256364052,1,84.93993548443771,Medium,828,2022,1,1,-9.5873,1.106,32.2419,0.7562,11.2843
Building,New York,43635177,44833764.02615552,1198587.026155524,581,598.7040921709284,17.704092170928448,0.4633600452446306,4.994523498815384,113.72510777805468,4.094020813898991,52.1411391263138,Sunny,181,21162.37723852789,271.6455277042708,5786,94.66510789444293,9,5.76004569878659,79.99148021031664,0,13.316663865321246,Medium,703,2022,1,1,2.7468,0.9733,3.0472,0.9704,4.6902
Dam,New York,34836286,45221476.01119013,10385190.011190131,725,812.0053126707969,87.00531267079691,1.2693149385625606,3.0388138437171226,339.2750258670821,10.910724888634764,37.62519173428191,Cloudy,114,37296.651276920165,611.3875067087417,1786,88.78521784682917,6,4.757435671164395,89.83753586651171,0,32.78798118847114,Medium,195,2022,2,1,29.8114,0.7703,12.0007,0.8929,14.6951
Dam,Seattle,41216746,47264004.87306583,6047258.873065829,524,594.5044389988614,70.50443899886136,0.8708574059438006,2.023529371645851,221.89102045832567,37.91995180225644,45.92241228153655,Snowy,295,32508.748267492403,832.7898085445812,3109,58.30655141272493,1,8.164330839115879,87.57731537190531,0,92.70922456869536,High,308,2022,2,1,14.6718,0.8721,13.455,0.8814,10.2709
Road,Houston,15284503,17446400.506487466,2161897.5064874664,224,332.8357575561191,108.83575755611912,0.178056493415555,1.126035501081008,480.566601765895,26.47313061699024,21.41653628479653,Stormy,155,13033.980704287167,791.4229998816847,6446,75.19858074673806,5,5.883886506764093,53.97347516758028,0,87.78981652895885,High,754,2022,2,1,14.1444,0.8761,48.5874,0.673,20.9963
Tunnel,Chicago,49122025,70281442.04297239,21159417.042972382,825,1215.059846655139,390.0598466551389,0.7598481011808257,1.2854804469755587,198.4887028806244,8.794153363792859,56.6795217225267,Sunny,83,21926.62895047206,822.6928160804376,6835,94.88890895147368,3,9.43035439044003,97.51255967667788,0,80.32910632521534,High,288,2022,2,1,43.0752,0.6989,47.28,0.679,29.5926
Road,Houston,40384827,58046634.71365895,17661807.71365895,200,276.0165099302492,76.01650993024913,0.6039341927550816,2.3972748907488284,482.9836592713101,27.60347501485414,55.35404601892861,Rainy,268,26052.71059061217,891.3910823827479,2986,59.239883573371,4,2.765267189748987,85.15317688187578,1,51.17925061983247,Medium,712,2022,2,1,43.7338,0.6957,38.0083,0.7246,25.8757
Dam,New York,26826151,38777339.651379816,11951188.651379816,813,849.5812215755986,36.58122157559865,1.4035731924926251,1.836388506403546,455.6686329953371,-8.917423154022245,56.767532538134176,Sunny,134,23872.542708577523,943.9138919435233,9126,89.2016693359255,4,9.911353063465356,97.45560268638695,1,38.927269091800696,High,849,2022,2,1,44.5505,0.6918,4.4995,0.9569,17.4973
Dam,New York,19434369,21150945.51600197,1716576.516001966,249,234.26477472529547,-14.735225274704533,1.9027019456146448,4.569072613124721,171.67245588979534,30.46034630062509,88.18218574804447,Rainy,137,13022.366374491836,464.9690396831824,8300,40.56850787570179,3,3.681272748808957,66.4548879487051,0,89.3391253786411,Medium,448,2022,2,1,8.8327,0.9188,-5.9178,1.0629,3.9861
Bridge,Houston,44428295,58406924.4059068,13978629.405906804,227,247.4623435575491,20.462343557549104,0.6092896560194117,1.841477338278548,411.5937995718925,16.78588222839317,83.80178024183874,Snowy,256,46599.3541302918,611.8921922705895,6709,40.218802167080575,3,6.781815762159754,84.69695639914087,0,69.13666812422909,High,341,2022,2,1,31.4633,0.7607,9.0142,0.9173,14.0996
Dam,Houston,49964527,53111288.35192749,3146761.351927489,670,710.2514088723999,40.25140887239991,1.6417852843881953,1.8672229557271771,498.0218908115777,34.72501810064537,31.31989448310756,Snowy,276,39304.34427622891,811.5935734410498,3403,85.58269962033805,3,5.516683422549862,92.99693733667426,0,36.595796954301406,Medium,439,2022,2,1,6.298,0.9408,6.0077,0.9433,5.395
Bridge,New York,8083610,8199738.331643372,116128.33164337184,730,878.5955004641205,148.5955004641205,0.2051836521829781,1.917672562169885,163.69835097707704,42.50507086035576,45.82177650891224,Sunny,241,26661.012444853357,727.4258325512048,9262,85.68685492762727,1,4.236187611243245,69.02321115771467,0,51.68762901689034,Medium,281,2022,2,1,1.4366,0.9858,20.3555,0.8309,7.5849
Tunnel,Chicago,17411413,17599098.880847957,187685.88084795696,466,636.852723654955,170.85272365495496,1.122429919075645,4.183101051838291,246.54972619549383,40.91837022220126,49.676932562428334,Sunny,202,35602.74627380764,995.9682054379408,5401,87.33863127113763,0,2.25378264938902,98.2429959384285,0,89.33502000354572,Low,685,2022,2,1,1.0779,0.9893,36.6637,0.7317,11.7732
Road,Seattle,30321828,33513642.262389068,3191814.262389068,189,267.4338212688625,78.43382126886252,0.2340451210487997,3.2539416042345093,284.0813314550419,40.00957739004375,45.23730424961534,Rainy,104,45377.72024609848,112.30988599417972,7701,95.80161027328974,1,2.213507363069905,63.24963956102705,0,91.31098924703994,Low,750,2022,2,1,10.5265,0.9048,41.4994,0.7067,16.2505
Road,Seattle,18256299,21140330.018417247,2884031.018417246,721,1014.388203348586,293.388203348586,1.8746626831482147,3.070844251594464,182.71901111173892,18.169347576363798,75.89471745227391,Rainy,186,11127.836406270704,419.6198937842116,4295,47.07437870921705,6,7.403552446403758,65.78068130106104,1,69.33718845745565,High,426,2022,2,1,15.7975,0.8636,40.6918,0.7108,19.6275
Bridge,Houston,27560140,38544771.29229698,10984631.292296983,453,505.45981754042987,52.45981754042987,1.5560674330590414,1.6707151119193109,56.86917784071339,9.807816277641592,56.68263689073108,Stormy,66,16266.787281813997,352.9251336431822,9953,53.9190990990213,0,4.398772446786802,96.01642883135192,0,75.93002746453304,Medium,819,2022,2,1,39.857,0.715,11.5805,0.8962,16.311
Road,Seattle,2901740,2820301.6689441046,-81438.33105589543,779,1022.3133321335232,243.3133321335232,1.3501048312887254,4.089520884162197,149.05815988888702,15.576942860187003,60.04698718801375,Stormy,198,29421.556126549025,336.0842651489811,3121,94.22349522242844,5,9.651681767196484,98.48298732513516,1,13.53680499059232,High,716,2022,2,1,-2.8065,1.0289,31.2341,0.762,12.3006
Dam,New York,40202825,53910199.63847618,13707374.638476178,560,609.112290368138,49.11229036813802,1.6654031250868622,0.1918193067785056,176.8715979537913,27.94428018223484,79.71094912915478,Stormy,237,40955.46671085614,300.2768042489972,4582,50.634171866341205,3,3.9308363785570415,64.25978741525748,0,64.41404568734693,Medium,310,2022,2,1,34.0956,0.7457,8.7701,0.9194,14.2459
Building,New York,47205667,57537710.52284035,10332043.52284035,508,475.7640095780837,-32.23599042191631,1.33028761158331,4.353985861690566,249.61986559318424,38.61987772791528,76.4149707390751,Sunny,190,6631.470294868732,738.2114567337062,5197,80.93375605459504,1,9.851713495731666,56.81950198214293,0,72.00933115338793,High,532,2022,2,1,21.8873,0.8204,-6.3457,1.0678,8.7365
Bridge,Houston,33791816,36250752.02265845,2458936.0226584524,658,869.1779668600417,211.1779668600417,1.9409943546311528,2.563749498969648,126.99611528603084,1.3842466650065752,29.25480659742098,Stormy,180,49280.81675883623,176.28352594778966,6700,71.82778000244892,2,2.8488093093573648,87.95277048552988,0,11.833943237220849,Medium,375,2022,2,1,7.2767,0.9322,32.0939,0.757,12.7809
Road,Houston,31973687,38230673.785993546,6256986.785993546,194,175.74392711912333,-18.256072880876676,1.456520100943066,1.991251174317064,442.9644605112527,40.50062371539367,69.9740208858544,Sunny,245,25470.797129707877,767.4479505490045,8232,44.99162061109043,6,1.925329476079482,96.4832633150224,1,85.94730891606301,Medium,845,2022,2,1,19.5692,0.8363,-9.4103,1.1039,7.4558
Bridge,Houston,25530166,27571691.89907458,2041525.8990745803,695,796.1291389701897,101.12913897018971,1.856851358206269,2.4858364035884284,367.2100097291012,34.8349127583439,50.48052902314249,Snowy,53,21165.40132797753,724.0832578146461,5288,57.11581971649197,5,3.813127601706614,80.03568218509373,0,93.5456510485667,Medium,561,2022,2,1,7.9965,0.926,14.551,0.873,8.5269
Bridge,Chicago,8395873,10559062.7362635,2163189.7362635005,370,406.1221977850608,36.12219778506079,1.0825505948202123,3.3370776526691555,88.3402149018479,43.8370808348029,40.62542321437503,Cloudy,284,18172.59970278973,325.7237192508068,2085,71.22233298645807,5,8.9702631048573,81.72594772031233,0,31.41428071769092,High,824,2022,2,1,25.7649,0.7951,9.7628,0.9111,13.4524
Building,Seattle,39139378,45413668.97378055,6274290.97378055,347,456.6612035196251,109.66120351962508,0.3224223846655391,0.0638271325894868,342.5416030129691,38.4138475304928,23.501317463153043,Snowy,269,12846.051844289224,327.55040484864514,9645,91.14100700103003,7,5.696667500457562,88.147166708615,0,86.1216339427268,High,406,2022,2,1,16.0306,0.8618,31.6027,0.7599,16.8293
Dam,Houston,45238976,45177601.070560016,-61374.92943998426,700,951.8230985593592,251.8230985593592,1.1035376707037323,4.357759282291239,344.1454143825292,5.396553133054866,54.10746922418157,Sunny,56,40620.82590185125,665.974526810052,3621,82.45230937688042,7,2.2208509534348724,57.65424094207041,0,69.89613244382478,Low,880,2022,2,1,-0.1357,1.0014,35.9747,0.7354,12.6366
Bridge,Los Angeles,48278684,46827902.04973376,-1450781.950266242,800,865.9654252662162,65.96542526621624,0.3410583733198772,2.233697626556964,480.29952813963246,-4.172424876077377,44.8805676507172,Sunny,75,47993.637413574346,785.9539949353101,9810,77.31298968729598,5,2.822491446436856,98.67344482473698,1,62.26262377751786,Medium,655,2022,2,1,-3.005,1.031,8.2457,0.9238,4.0382
Road,Los Angeles,45855106,56310868.4706959,10455762.470695898,316,438.28448193874425,122.28448193874424,1.2257376104351696,1.714832598500391,51.35939211027256,-3.8267410404626254,37.60591277734805,Cloudy,252,23614.01396804292,888.837051778629,9828,69.76197339648489,0,3.8013459593460697,68.21646923642973,0,85.88133763202337,Medium,656,2022,2,1,22.8017,0.8143,38.6976,0.721,19.2101
Tunnel,New York,8873491,12790674.257488163,3917183.257488163,333,358.42456874888575,25.424568748885747,1.0167368150025595,0.6912278281702855,161.56960241261322,6.0172825218051855,68.62702107178703,Rainy,73,47858.93126390553,866.9256074690281,3348,57.92103902884806,9,6.31150064031437,81.41202129711313,1,35.704948217068335,High,444,2022,2,1,44.1448,0.6937,7.635,0.9291,18.5962
Bridge,Seattle,19317940,21372878.370876107,2054938.3708761076,567,662.1402276674282,95.14022766742823,1.2828932558822852,2.1973268717922108,467.506165718892,23.780104819149656,73.86397711209109,Rainy,284,42070.89269457653,968.3946947474678,5874,47.15469467915567,6,3.991410458898586,73.43080102499964,0,81.17705599181686,Medium,551,2022,2,1,10.6375,0.9039,16.7796,0.8563,10.2234
Bridge,Houston,6875293,9211518.00371217,2336225.00371217,388,518.4499130888904,130.4499130888904,0.11908926400418,2.481613856421894,469.4602619292274,34.23761793534449,37.135266332059736,Rainy,59,26647.30073643432,623.2464058028601,4036,64.54456207396574,7,7.723486738803945,73.40904898824225,0,38.30686909013829,High,665,2022,2,1,33.98,0.7464,33.6211,0.7484,23.225
Building,Los Angeles,47505570,61529062.86203157,14023492.862031572,451,593.4042140282278,142.40421402822778,0.4701969341451918,2.018233472467389,374.2638887167868,39.45876688398606,23.46132056755431,Stormy,278,35331.17806067597,917.7900052063236,3349,41.71110963467756,4,6.546642005667669,85.13721860598608,0,80.87108886172663,High,613,2022,3,1,29.5197,0.7721,31.5752,0.76,20.4378
Dam,Seattle,30486438,44477668.88321478,13991230.88321478,322,480.559588850717,158.55958885071703,1.0335278206330487,3.393300469134485,394.593494471393,24.3064361403078,79.41268903956646,Rainy,62,24574.288062670832,827.6619459343697,6743,52.66335335601104,3,8.86441363618006,99.73311494361272,0,50.59486051808118,High,825,2022,3,1,45.8933,0.6854,49.2421,0.6701,30.9135
Tunnel,New York,43618713,60742922.92321155,17124209.923211552,790,817.7263254783517,27.72632547835167,1.905956767019356,2.10448264379613,91.1673310683412,-9.690277798857045,20.697181884301237,Stormy,174,30142.55336956486,905.2008618826122,5432,65.94900255235959,6,5.508656437234278,82.95299252479757,1,20.52509243437724,High,390,2022,3,1,39.2589,0.7181,3.5097,0.9661,15.1323
Road,Chicago,28054353,34786364.06699415,6732011.066994153,248,321.7529055346899,73.75290553468989,0.828857176674801,4.807087889232867,281.2441256502051,0.247422708519343,85.59787457450304,Stormy,221,7612.085165832672,110.46394115682996,7175,65.1163111403149,5,3.98058772690961,89.70295657863676,0,44.33678742753914,Medium,751,2022,3,1,23.9963,0.8065,29.7391,0.7708,17.9167
Tunnel,Seattle,35648748,46137261.99591728,10488513.995917285,426,539.2346957552887,113.23469575528873,0.9063068495019058,2.996387589117959,154.2123460800497,-4.515058788064764,63.93339117878941,Rainy,283,36331.85638852399,969.3126926792298,8265,42.65772585981954,5,9.966444110228837,51.38080286311351,0,31.01439504787756,High,556,2022,3,1,29.4218,0.7727,26.5809,0.79,19.7941
Road,Seattle,5300915,7628185.677907386,2327270.677907386,440,637.585991985368,197.585991985368,1.457922569112582,4.037389678259545,131.54811962612777,9.982846156295553,42.52926446409242,Rainy,88,7377.109001786152,526.1771465618305,7103,75.34360921151747,2,4.200699896266202,90.52136845324092,0,19.04783957075972,Medium,574,2022,3,1,43.9032,0.6949,44.9059,0.6901,27.8829
Dam,Chicago,49632668,56566911.11710011,6934243.117100112,258,256.40485952662664,-1.5951404733733625,1.2472062388436242,0.5467795155473942,414.6364846054996,17.574304649856025,37.253453670371535,Cloudy,196,41768.82261138423,818.3646906173586,8358,72.98105535119417,9,4.857423758024608,64.99879408841485,0,19.925836158129847,Medium,629,2022,3,1,13.9711,0.8774,-0.6183,1.0062,6.9628
Road,Seattle,7760403,8505997.869433688,745594.869433688,837,1130.8530377533575,293.85303775335774,0.6679596851868331,1.9864564647295289,110.76716150624634,-7.613155178179154,20.630396498513267,Cloudy,228,42122.611825725086,214.4837074040028,3031,44.68625824125477,3,8.282145028222795,56.33509225173324,0,80.20642586536448,High,543,2022,3,1,9.6077,0.9123,35.1079,0.7401,15.6711
Building,New York,49710324,45061745.08217803,-4648578.917821974,802,995.2508581485314,193.2508581485314,0.8805511515781127,1.6842385072357635,260.8932366483733,9.16628866876104,36.48299919076141,Stormy,68,15668.477940029656,456.3469862325767,2249,96.58978314762636,4,1.7977261050378337,55.66670427238529,0,89.32580672702208,Low,636,2022,3,1,-9.3513,1.1032,24.0961,0.8058,8.3884
Building,New York,41174673,57476987.81857937,16302314.818579368,784,834.8028251482308,50.8028251482308,0.5136296178287416,2.847411940682959,472.3602078137149,-0.1451178956072585,29.64098110619988,Cloudy,125,19564.82514661101,344.31459671889183,7808,45.96296673705161,8,4.478410954526632,83.99374070848134,1,93.44162074892536,High,405,2022,3,1,39.5931,0.7164,6.48,0.9391,16.3176
Building,Chicago,2636675,3640162.972941625,1003487.9729416248,704,834.0013077357663,130.00130773576632,1.9354407723473963,4.305567600307128,133.62442500440417,25.588859144238064,62.85163545062019,Stormy,101,26658.9670351232,362.4928934508433,4556,91.29004907424016,7,1.7713908409445556,99.8808418020275,0,86.85515550974092,Low,310,2022,3,1,38.0588,0.7243,18.4661,0.8441,18.7117
Building,Houston,16125440,15523521.038611744,-601918.9613882564,800,880.212766593503,80.21276659350303,0.3482053249589835,0.3916910888100333,490.0970406822056,15.534980312838702,31.65819120156609,Sunny,263,31849.830811961667,210.9300579557936,9519,40.018583914900354,2,2.253752800054821,83.30975491864498,0,84.72016875568976,Low,767,2022,3,1,-3.7327,1.0388,10.0266,0.9089,3.8587
Tunnel,Los Angeles,26872497,33486206.246349808,6613709.246349808,509,635.0223132115959,126.02231321159591,0.8064898906761969,0.3628739902235539,497.4295935924766,17.242470581364984,57.00408862756335,Stormy,224,17930.91477838985,825.1874492887063,9988,92.93686570272298,5,1.0417674294820625,63.11740750333878,1,16.19522663649454,Medium,655,2022,3,1,24.6114,0.8025,24.7588,0.8015,16.0194
Dam,Houston,18579065,21893366.17743179,3314301.1774317883,368,527.4913348678782,159.4913348678782,0.1490940472180212,4.251588540787995,300.0277196070813,13.523048341840358,61.30814956411296,Stormy,278,31661.888208436627,108.31808312297034,6299,41.18318393225876,9,1.085898633241377,60.165298550146986,0,81.11112352495392,Low,456,2022,3,1,17.8389,0.8486,43.34,0.6976,20.3708
Road,Seattle,11117273,10797378.55341472,-319894.44658527896,274,340.19373943736605,66.19373943736605,0.5213810346737382,1.064250430191787,126.56423307972106,42.58108407676119,40.862918884284014,Cloudy,169,18400.41829531845,381.2549112866822,4094,85.46872191352696,0,4.422591005525668,76.29785496340203,0,80.4954393690806,Medium,335,2022,3,1,-2.8775,1.0296,24.1583,0.8054,8.132
Road,Los Angeles,25147347,37427825.97784249,12280478.977842487,796,1018.1106269927766,222.1106269927766,1.5828951629222945,3.3437662722490686,192.24719957340304,1.810431881685977,22.45454643131031,Sunny,207,7497.082448197731,256.9694888947735,3977,61.701448678015176,2,8.282474244529986,53.251964967535166,0,21.816135469415187,High,397,2022,3,1,48.8341,0.6719,27.9033,0.7818,25.0777
Building,Chicago,35590323,36615948.28895549,1025625.2889554872,187,226.5035084462704,39.503508446270416,0.4822329413488709,2.7143906618040257,241.0217747044408,18.41653429141309,22.607771642993725,Snowy,95,5113.739742435902,630.1350465475065,1962,84.29300800817919,9,6.283039245325238,69.96654164635936,0,69.58083087411691,High,369,2022,3,1,2.8818,0.972,21.1249,0.8256,10.2586
Building,Chicago,26589001,25002714.708997265,-1586286.2910027355,246,228.95202875135223,-17.04797124864774,0.2521204648050346,4.164467974436147,189.19590096120032,30.480955260093477,21.84431325357423,Snowy,253,9551.797606329288,328.8271623530895,6725,64.10471232549871,6,6.71422639723879,83.31174520028938,0,50.72566028133534,High,596,2022,3,1,-5.9659,1.0634,-6.9301,1.0745,2.5428
Bridge,Los Angeles,10031370,12608513.494388442,2577143.4943884425,675,701.8077155348182,26.80771553481816,1.0014610417045942,0.6254445491820176,176.2860109444321,20.62644272240094,71.73872669955824,Snowy,270,40651.28150738082,333.0986090752897,6489,44.254475339910506,6,5.673243138263978,98.3831137904242,0,91.00121711248636,Medium,854,2022,3,1,25.6908,0.7956,3.9715,0.9618,11.2333
Dam,New York,8611432,11567908.88831824,2956476.888318239,370,442.2243839339224,72.22438393392235,0.1189415459955851,0.6489148286130564,487.5033691473609,41.09614871442406,42.26067933700087,Sunny,198,48264.409057250174,539.5043295957869,2268,86.05040172372185,1,8.378138297535028,71.28267239078026,1,72.58675261561007,High,871,2022,3,1,34.332,0.7444,19.5201,0.8367,18.0313
Tunnel,Los Angeles,33985192,31248230.84583317,-2736961.154166825,545,591.9469377845185,46.94693778451847,0.261055693410033,2.7840918013915377,119.01417233708554,10.788259560270628,75.74101301773645,Rainy,124,24213.478967654868,687.4201354068331,6279,44.2751611192819,2,8.92340852667557,60.01119702036533,0,95.5888782736827,High,725,2022,3,1,-8.0534,1.0876,8.6141,0.9207,4.7689
Road,Seattle,43710916,56615715.224469125,12904799.224469123,700,706.3407110597017,6.340711059701675,1.6344891521696527,4.731893266791855,379.997558922588,15.502169317524793,50.22129766899944,Sunny,173,28070.777905247425,209.17423410864723,1372,95.32722615767308,6,8.647666553308378,90.86812016863922,0,19.443038074717933,High,220,2022,3,1,29.5231,0.7721,0.9058,0.991,12.0582
Bridge,New York,21481913,26194510.36187756,4712597.361877561,296,355.93399272471464,59.93399272471464,1.565799355233252,2.0749887918537717,50.18463024762869,-5.131272663189937,51.70986705809747,Cloudy,278,11608.167608304177,257.9603072189465,5380,43.05844214749968,5,8.309188952227352,87.20997624303082,0,13.654658300715386,High,486,2022,3,1,21.9375,0.8201,20.248,0.8316,15.3175
Bridge,Chicago,14722816,14162745.434943425,-560070.5650565773,446,487.7839007266448,41.78390072664479,1.8387637587693024,1.6347105012734748,318.2822012310696,23.494951107856068,55.90178217567016,Stormy,97,29796.410870607066,322.45727013506587,8617,68.75951666629092,6,2.6444176620695545,92.9851944102372,1,97.62214219844914,Medium,517,2022,3,1,-3.8041,1.0395,9.3686,0.9143,4.5395
Road,Los Angeles,15374288,15428318.262629958,54030.26262995787,790,833.3430228641986,43.34302286419859,1.723579328230424,3.033446615989429,462.1743517793236,5.851658264645833,69.91220194625727,Stormy,111,11509.470590313958,976.3733927061644,7279,83.38206585104774,9,6.34488602828699,60.73593637714461,1,17.217294530041393,High,493,2022,3,1,0.3514,0.9965,5.4865,0.948,4.8203
Tunnel,Houston,33439573,41491306.48633487,8051733.486334868,664,782.4517903082477,118.45179030824772,1.3980335701556543,4.652243002725156,179.57034234194856,-1.1830028266437136,39.14520060807949,Cloudy,107,32504.644903947352,457.43724994862833,1095,63.594787887522266,8,6.239468764885332,70.24160979249176,0,44.75762388192066,High,254,2022,3,1,24.0785,0.8059,17.8391,0.8486,15.4232
Bridge,Houston,32762785,35312206.96478938,2549421.964789383,688,674.2197417363211,-13.780258263678888,0.1994324288712594,4.184639164223118,133.48668886597363,19.949221109747945,28.51111446734688,Cloudy,67,46996.64004113842,639.0910815679239,5369,53.03400847554608,7,5.7514960337287695,99.07772188615188,0,68.49735600254994,Medium,458,2022,3,1,7.7815,0.9278,-2.0029,1.0204,4.8847
Bridge,Seattle,33963575,49688351.47423717,15724776.474237174,477,694.8208288061816,217.8208288061816,1.5874123741746493,4.977418053666099,343.25590769529214,19.27706448589508,58.924013463402304,Stormy,157,13806.434268636782,317.3885314443801,4941,85.54545768376163,5,5.327315103670894,57.90211598881868,0,89.20510060006754,High,355,2022,3,1,46.2989,0.6835,45.6647,0.6865,29.6545
Dam,Houston,6277420,8733423.774820663,2456003.774820663,343,487.2730917517794,144.27309175177942,1.7064705405970648,0.1128429160118854,370.6706332842769,-5.827059732677385,42.88843362699175,Rainy,236,39405.36731256959,541.4135726417392,8021,87.05768228732359,3,1.8025342946774516,83.57254095777189,0,32.91195863925334,Low,841,2022,3,1,39.1244,0.7188,42.0621,0.7039,25.3165
Tunnel,Los Angeles,27372008,40788132.86713778,13416124.867137782,555,735.1376550515984,180.13765505159836,1.6182560769667136,0.5642907235638112,359.6137335283916,28.401849942196,50.97439195676262,Rainy,268,6057.609026824582,166.70725694736225,4944,95.36169903726204,9,1.9194691051559976,61.8592230773632,0,12.6152390696521,Low,452,2022,3,1,49.014,0.6711,32.4572,0.755,26.6253
Bridge,Los Angeles,41826435,44160454.78005298,2334019.7800529823,832,801.8219427321574,-30.178057267842632,1.0661101670852495,3.04733881683311,193.6925960096183,24.307470485796905,65.28626958361139,Rainy,278,21897.375859472944,131.26793133009426,6868,62.56990662586466,8,9.120534133965611,75.00795031412721,0,56.915811144927055,High,799,2022,3,1,5.5803,0.9471,-3.6272,1.0376,5.0982
Tunnel,Houston,16020740,23740080.11574712,7719340.1157471165,447,610.3902796487716,163.39027964877164,0.5425134934340151,4.102882196669249,163.4910809716989,0.3959505510573464,54.58880187988894,Cloudy,97,9983.682852372907,521.8601741393142,6396,70.37510406983961,6,6.671677952090787,90.0254822897844,0,52.40008182450172,High,830,2022,4,2,48.1834,0.6748,36.5526,0.7323,27.9551
Road,Los Angeles,2760511,3198715.404679298,438204.40467929794,728,1008.1157609180196,280.11576091801953,1.7061269538085808,1.4262217115338327,480.1634599829199,15.81891741847241,63.419517197059,Stormy,112,20861.394871806475,458.79335876657086,9041,61.78770657076432,4,3.3608549304820574,74.42930262779095,0,37.62038639701716,Medium,468,2022,4,2,15.874,0.863,38.4774,0.7221,17.7776
Building,Seattle,4541815,5034653.146402764,492838.1464027641,253,344.2466689690365,91.24666896903648,1.4816093385062632,1.1960554401710937,465.4847787214683,29.6177604063208,58.09400014795395,Stormy,61,12809.161383749755,223.1922877226449,1131,55.42490931108209,1,3.513703502921106,90.2740846655955,0,88.65094307513043,Medium,451,2022,4,2,10.8511,0.9021,36.0659,0.7349,14.9778
Bridge,New York,9434610,8776165.890384197,-658444.1096158028,687,665.2767386705513,-21.723261329448743,1.963446231338818,3.934878996906004,255.79247445176912,19.11896572977021,71.78574603552694,Stormy,264,21798.72455552993,718.8412860286603,8290,85.0619776922565,8,6.491753484837671,71.3167452720173,0,77.43899544249112,High,245,2022,4,2,-6.979,1.075,-3.162,1.0327,2.8984
Dam,Seattle,25167060,23447121.84628085,-1719938.1537191458,252,324.158883108646,72.15888310864602,0.3958159357362725,0.2819092692661579,430.787239769468,11.75189919009636,69.4155632398134,Sunny,83,23788.526274838867,993.613141809338,7516,60.379110701017325,6,4.662414771720959,99.96764649350165,0,87.2304744879322,Medium,662,2022,4,2,-6.8341,1.0734,28.6345,0.7774,10.7228
Road,Seattle,5610146,7378501.90770246,1768355.90770246,487,682.0897053179742,195.08970531797425,0.5287627077989046,1.8469132379129256,253.5455649354332,7.728615194451901,57.39329242660335,Sunny,238,18526.600525141326,456.0821390770412,6906,65.68896651954113,8,4.971917538865851,71.79141171101051,0,24.562806352947927,Medium,427,2022,4,2,31.5207,0.7603,40.0595,0.714,24.0684
Tunnel,Los Angeles,38693721,45455734.9490645,6762013.949064501,378,471.14375139662064,93.14375139662064,0.5024164847748551,2.5290461129616486,240.97505813262967,23.57166266542295,67.52321146017948,Snowy,151,34547.98772629081,662.102772325655,1807,64.22041945744166,8,1.5458499148007712,57.46897393189132,0,72.31707630463069,Low,335,2022,4,2,17.4757,0.8512,24.6412,0.8023,14.5442
Road,New York,6351826,6579938.972291048,228112.97229104768,309,397.94392736728776,88.94392736728776,1.60582555848054,2.801743371751617,120.5433264196826,41.65097840706324,81.1491721590829,Sunny,136,46348.342306650935,966.6783481280372,1050,82.75967353880475,9,2.248652683987703,70.09347578246245,1,97.75915618769716,Medium,226,2022,4,2,3.5913,0.9653,28.7844,0.7765,11.9624
Bridge,Los Angeles,14698156,18642879.20504164,3944723.205041636,751,882.4385838294935,131.4385838294935,0.4551238632552244,3.643075783963885,241.88272542138776,26.94596622626159,50.2589901451718,Rainy,230,23026.79183473725,848.3814752021877,6277,95.0677375666408,4,4.540153839072963,87.1296592321115,0,65.0722502627823,Medium,633,2022,4,2,26.8382,0.7884,17.5018,0.8511,15.01
Tunnel,Chicago,40944891,43062350.75412955,2117459.754129552,794,966.4761671927628,172.47616719276266,0.2266536766642815,1.774228617153291,291.8376223699131,-5.888975300002647,48.89341509241555,Rainy,74,13655.442041375964,517.1970009724172,1055,80.00536367844263,6,7.297177779412916,92.39688788793144,0,25.422792876593757,High,380,2022,4,2,5.1715,0.9508,21.7224,0.8215,10.7276
Building,Los Angeles,36338438,45298735.61524562,8960297.615245618,666,613.1369925973495,-52.86300740265051,1.9972655325126945,3.063421723373036,60.126947342908906,15.337673541517358,73.49719345966662,Rainy,239,17182.524118819252,763.7405360139275,4664,68.29495576565395,4,1.4322284883992182,73.00516495881311,0,99.6202355021321,Low,839,2022,4,2,24.6579,0.8022,-7.9374,1.0862,8.4838
Road,Los Angeles,15900526,17737438.212495416,1836912.2124954164,330,423.5146783507104,93.51467835071035,0.1471527017457833,2.926877113954782,249.8508523289329,38.99532723308452,60.77876859293959,Rainy,181,43430.0370573366,215.3215362254716,1743,86.75230688433301,2,4.011020135479749,79.72384205292198,0,57.54912234025404,Medium,303,2022,4,2,11.5525,0.8964,28.3378,0.7792,13.1693
Bridge,Los Angeles,39467910,55023450.09612893,15555540.096128931,848,804.6403419190218,-43.35965808097819,1.6869637143018448,2.738080503268736,401.6102982778401,-4.804566580940222,24.9704746155812,Snowy,271,30723.78754715665,560.8934699174192,7030,78.45827944732825,9,7.255647567410643,92.24450339131452,0,85.60531164486224,High,180,2022,4,2,39.4131,0.7173,-5.1132,1.0539,15.0751
Dam,New York,10017497,13948540.09703564,3931043.097035639,385,446.9883712925917,61.98837129259164,0.7941969989462403,3.202416465711061,356.02072536842144,44.38816416756488,82.44784109837569,Rainy,271,25475.49645381308,351.15424946194287,9131,43.63662142706881,7,8.128457114052623,90.677308999916,0,23.44253026873882,High,819,2022,4,2,39.2418,0.7182,16.1009,0.8613,19.6285
Tunnel,Los Angeles,9303143,11037344.10890378,1734201.1089037787,358,385.0623149789592,27.062314978959197,1.699069373539849,1.2972458553403814,335.8206449887708,42.19881665049817,22.15481715663481,Cloudy,190,11733.652467901702,245.047319106545,1079,45.739815185130496,7,2.71198633685782,82.88619526805664,0,69.94865959821293,Low,370,2022,4,2,18.641,0.8429,7.5593,0.9297,9.8025
Road,New York,45310148,50316532.659118645,5006384.659118645,376,461.4485455677624,85.44854556776244,1.1537789333011754,0.4232437679231449,459.2999427967411,-5.694903559856828,72.38774493468202,Cloudy,219,25237.728874570188,483.6528156290814,3966,42.275016644418,8,7.583384187041115,90.75135521254276,0,92.13559283834776,High,758,2022,4,2,11.0491,0.9005,22.7257,0.8148,13.2491
Road,Houston,46787926,52287185.959189184,5499259.959189184,268,262.6533467521317,-5.346653247868289,1.813099336024084,0.5963583601987171,58.11440442135351,41.33773262472552,73.1155899893019,Cloudy,98,17532.1401510824,217.913098990253,4728,67.4089795723792,5,9.598705246711264,78.79553791843185,0,57.881603720074544,High,695,2022,4,2,11.7536,0.8948,-1.995,1.0204,6.4458
Building,Chicago,33580457,46456168.4900862,12875711.490086198,613,806.0864432457864,193.08644324578643,1.8597666741877907,1.1229119132695051,300.6714137865053,9.97229246427042,86.71777596973513,Sunny,127,47442.34075340071,729.086597357037,5536,89.55120606033789,1,9.161309350868034,50.23240844626403,0,35.9794054526324,High,621,2022,4,2,38.3429,0.7228,31.4986,0.7605,22.9847
Building,New York,7679155,8423324.169733617,744169.1697336175,362,498.4765058208637,136.47650582086374,0.1172865444334744,2.5009896776139264,404.3069817843682,36.45900418917244,23.78940858816245,Stormy,233,44783.15492370791,510.616039648002,1125,58.784990161081126,2,8.104384696397581,52.06333922011116,1,21.467964516182786,High,322,2022,4,2,9.6908,0.9117,37.7007,0.7262,16.2383
Dam,Houston,6737580,6908954.553059863,171374.55305986293,388,387.2289159002068,-0.7710840997931996,0.2432831343862977,4.202213752730101,293.6009222155702,13.011083574229932,61.77998025491437,Snowy,224,8775.61438226891,578.0301693081974,6813,63.0496109855489,9,7.410940174372044,98.99041996190915,0,36.63501987144973,High,370,2022,4,2,2.5436,0.9752,-0.1987,1.002,4.0453
Dam,New York,23802311,22631546.850834224,-1170764.1491657756,672,646.8590368202789,-25.140963179721098,0.5756815861846254,3.5064667104419205,195.75299866117064,14.247031198638371,49.9488399438937,Cloudy,185,28249.40701675593,231.7383448013413,9410,94.56862650207344,5,3.1162447721779327,57.24960210013526,0,41.93957826341722,Medium,712,2022,4,2,-4.9187,1.0517,-3.7412,1.0389,1.6232
Bridge,New York,15773394,18612855.28367964,2839461.283679642,309,305.0785705087764,-3.921429491223592,1.3716992910906531,3.945203021010236,111.31275429139004,24.88337000376485,43.14430684016794,Cloudy,104,15127.625548160244,225.79449498414505,1947,90.21420671899928,0,6.70512904343301,70.22582044117314,1,73.89595947068466,High,406,2022,4,2,18.0016,0.8474,-1.2691,1.0129,6.7415
Bridge,Chicago,1225391,1457332.1008964905,231941.1008964905,844,1203.7773973454014,359.77739734540137,1.7877171733718615,1.7548781196304568,449.4033823172861,32.59625806017908,26.322299220935115,Rainy,265,23484.96902859308,625.0738917341116,1594,79.9028867429536,1,6.789465944292664,96.6905637504984,0,26.07592663266417,High,492,2022,4,2,18.9279,0.8408,42.6277,0.7011,20.0246
Dam,Seattle,49448102,69452095.61081484,20003993.61081484,192,233.64740295433225,41.64740295433222,0.9738897074585292,2.023268708242751,261.84307657442133,-8.141596697846325,59.38578837699164,Cloudy,67,44458.15992131554,986.5087730465016,6030,56.00822692553508,7,4.661391988834192,59.75197423665247,0,19.549437014386687,Medium,808,2022,4,2,40.4545,0.712,21.6914,0.8218,20.976
Dam,Seattle,7698541,7950616.005225946,252075.0052259462,813,959.6299138524598,146.62991385245982,1.2532489209211044,1.968409429953064,445.1518386435656,22.623579753992388,53.53285079722296,Rainy,84,28738.15339498452,186.62552491395303,1140,47.02248896130661,7,5.437139155308438,92.18956722332504,0,44.82455869303791,Medium,481,2022,4,2,3.2743,0.9683,18.0357,0.8472,8.8804
Tunnel,New York,17968603,20279271.2658071,2310668.2658071,285,274.7477210665026,-10.252278933497394,0.4581497203115662,0.9593659220225076,313.6334550949257,0.2703146753554044,27.3188120705717,Rainy,266,20039.688201684192,357.15828570920314,4055,40.96352936080682,5,7.246256393572361,90.91337840797952,0,51.278825476822405,High,833,2022,4,2,12.8595,0.8861,-3.5973,1.0373,6.3071
Building,Los Angeles,48427053,67073572.23774535,18646519.237745352,554,714.5124166460141,160.51241664601412,1.629436984375202,0.3060832907178601,353.3864524767504,9.027223482476163,62.87426549679584,Stormy,258,14354.975934724867,882.5132048840987,5205,46.42064035626525,2,9.5689138213938,99.31648272756698,0,66.55465469957545,High,639,2022,4,2,38.5043,0.722,28.9734,0.7754,22.5571
Bridge,Houston,38187064,53239418.12134928,15052354.121349284,761,1081.228613659298,320.22861365929793,1.9379234115715924,2.954580464136134,411.9175194703025,9.138276638536908,71.65671841770569,Sunny,209,41014.61867329202,165.04481102971323,6171,57.55578661743657,1,3.657755875969285,64.08409168240841,0,73.67781711708452,Medium,580,2022,4,2,39.4174,0.7173,42.08,0.7038,25.3808
Building,Los Angeles,22385690,25312991.59045629,2927301.590456292,886,1237.6636081323477,351.66360813234746,0.6103379725377351,4.946083417102931,346.61999507006044,15.79831871216345,73.70948107375537,Rainy,297,33103.31069139562,888.2971492302562,8782,73.10740381476974,5,3.217268367616956,65.7662677690073,0,90.03499379502396,Medium,730,2022,4,2,13.0767,0.8844,39.6912,0.7159,17.4738
Building,Los Angeles,28949891,34029856.157778524,5079965.157778524,877,1118.7299878656977,241.7299878656977,1.040169308041038,0.8341485247513142,229.124678305522,8.377502653189534,83.37612317836991,Rainy,201,26062.945719180403,571.8573850372761,3660,43.840004965143216,0,6.416262030689845,95.14390005288932,0,36.00582089752325,High,572,2022,4,2,17.5474,0.8507,27.5633,0.7839,14.8165
Dam,New York,15106894,16345229.282853412,1238335.2828534115,278,262.7564899374992,-15.243510062500832,0.2636206099621102,0.2334240994963687,281.1350227678929,-4.0951384852132735,48.662951932214405,Stormy,56,14786.795923834012,467.4400965337833,7856,48.17366669910694,9,2.177192002972239,61.70395296011398,0,57.57470404227361,Low,386,2022,5,2,8.1972,0.9242,-5.4833,1.058,4.6946
Tunnel,New York,20312610,29646923.12935734,9334313.129357342,773,747.8297412042348,-25.17025879576522,1.16235964727964,3.8976584091196647,411.3704861041459,-1.9904193811001711,86.71509380354959,Rainy,62,20041.086837070907,378.71250791631024,7089,50.86484213847646,5,6.242795474390325,77.39504784935545,0,42.94366361227587,High,389,2022,5,2,45.9533,0.6852,-3.2562,1.0337,16.0345
Road,New York,30723044,29837798.18112256,-885245.81887744,766,712.0624104756755,-53.937589524324494,1.055288539508693,1.262930033423621,218.14263336784288,-8.160910794139628,80.58005835578803,Snowy,175,48192.95420323333,367.4054423150577,6318,77.91892557899837,8,1.799663365642877,85.36724795955281,0,10.127950482789108,Low,294,2022,5,2,-2.8814,1.0297,-7.0415,1.0757,1.9599
Tunnel,New York,30538176,44593360.93171041,14055184.931710407,371,391.2148735912237,20.214873591223693,0.3744293198946474,4.148219026764642,224.6546555458237,15.863699693081486,40.755109971675736,Sunny,268,28404.047192262544,375.2223242045309,3552,76.94738793880747,6,5.415254916440579,63.594212263144286,0,62.14886404479348,Medium,825,2022,5,2,46.025,0.6848,5.4488,0.9483,17.7252
Tunnel,Seattle,14580994,19105766.17860746,4524772.17860746,504,494.62402766929824,-9.375972330701757,0.9399258049243424,3.519683335172577,93.06055222610053,42.49462321691437,31.149812614462093,Snowy,161,23031.46765594638,896.3227728641762,4611,73.04594358232917,8,6.583729372421803,96.92064727223794,0,83.42164681040248,High,430,2022,5,2,31.032,0.7632,-1.8603,1.019,12.2263
Building,New York,6596526,8040791.115644396,1444265.1156443965,646,682.1946204018434,36.1946204018434,0.7347988389644702,4.728367685254023,461.5629958497865,-3.637862699353589,50.477257728960936,Cloudy,118,28463.99190567457,751.415707157307,9062,55.03008548175637,1,1.6309867534555766,83.28487740369602,0,13.279553749305467,Low,398,2022,5,2,21.8943,0.8204,5.6029,0.9469,8.7754
Tunnel,Seattle,34075239,31335434.28104833,-2739804.718951665,546,617.5450190535317,71.54501905353175,1.0914786630798596,2.04463617878336,90.9663417254488,42.04454711516952,48.13290955691767,Sunny,149,40054.48276548239,702.7507070480356,2040,62.26718147312392,4,2.8625783675376635,52.35696541349125,0,10.314258274267322,Low,586,2022,5,2,-8.0405,1.0874,13.1035,0.8841,5.3036
Bridge,Seattle,4291070,5086452.930504998,795382.9305049982,497,728.4974662100126,231.4974662100126,1.2127432373147184,3.309849197253171,341.69412985185016,30.33488331026515,60.3003513731843,Cloudy,139,20304.902142629093,818.8742340568007,9506,45.80138298026458,8,4.0183685639157245,56.786876563045695,0,75.50365658596643,Medium,622,2022,5,2,18.5358,0.8436,46.579,0.6822,21.9381
Building,New York,18463484,21134205.96764896,2670721.9676489606,323,408.9908803856919,85.99088038569187,0.116141599353698,2.3242739040663536,235.93751546125893,25.06243416137897,60.83703626294236,Rainy,91,13041.775441967398,331.4031967037305,8603,53.587636225483294,6,4.317388256675431,59.53907850457818,0,71.54737525079499,Medium,782,2022,5,2,14.4649,0.8736,26.6226,0.7897,14.3897
Bridge,Chicago,35356387,35240817.1247236,-115569.87527640164,563,788.7541448037048,225.7541448037048,1.5459113676041552,3.1529434865427177,232.52872561494905,25.49027654279596,72.49908890659827,Stormy,158,31322.12532525715,656.2385308735801,5172,93.86231358835482,8,7.084941789287425,62.24786819967248,0,46.52668948015188,High,533,2022,5,2,-0.3269,1.0033,40.0984,0.7138,15.0465
Road,Houston,27276833,35292014.78057018,8015181.780570179,395,523.8533056688228,128.85330566882283,1.4547271545373075,2.2479945300386865,355.7983264577078,35.47002066179552,55.69229637439271,Snowy,208,34934.18465664802,514.0596150621559,3946,98.78150478614972,5,5.761192065035717,86.53386850147183,0,69.54443934588187,High,737,2022,5,2,29.3846,0.7729,32.6211,0.754,20.7539
Building,Los Angeles,36567580,54218405.09835743,17650825.09835743,540,522.4510142906287,-17.548985709371323,0.7959441337923922,0.9431612321203742,80.19217968344543,-4.119407459109825,27.337584865853582,Cloudy,251,37072.31013313473,804.1974716801741,4236,78.85957513841768,6,4.438976232747942,54.446762237773406,1,95.80474652779009,High,729,2022,5,2,48.2691,0.6744,-3.2498,1.0336,16.5685
Road,Seattle,24612951,30453931.29568765,5840980.295687649,503,674.8007786436577,171.80077864365774,0.2005782775807547,2.5394870800169045,317.1676023281456,17.761487796104795,80.08039348871742,Rainy,159,44689.44158447583,378.3304994259569,4680,95.00939752140522,9,5.05608628907485,67.52973361380673,0,32.30765168997733,Medium,321,2022,5,2,23.7313,0.8082,34.1552,0.7454,20.1772
Building,Houston,39021655,51854002.95810917,12832347.95810917,194,206.62150981348208,12.621509813482078,1.5343718255915957,2.642921007187212,397.41430368755965,28.34001260434172,41.6835208229631,Snowy,75,21702.835431010088,678.8607551829061,5807,78.5645140240855,4,1.116790035852153,95.56916616640008,0,32.13339350784254,Low,791,2022,5,2,32.8852,0.7525,6.5059,0.9389,12.8407
Dam,Chicago,48116098,45280629.41028649,-2835468.5897135064,396,508.2520244459422,112.2520244459422,1.914832804908452,4.053019241300805,422.6957410489674,22.275124479046,87.99082222146144,Snowy,263,8390.970330300132,893.9911706355821,2537,41.99178916632819,5,7.934727513768671,77.8333843168502,0,26.76089842877925,High,680,2022,5,2,-5.893,1.0626,28.3465,0.7791,11.0909
Tunnel,Los Angeles,1147745,1320595.623668386,172850.62366838614,671,741.1712905886673,70.17129058866726,0.5562880324418269,3.677603528967906,126.73867522719888,35.802848906281206,28.25020760758391,Cloudy,125,48125.6862633924,461.9354285754358,4872,99.80575509918454,0,1.3690421982530423,63.27482819192679,0,75.15880749763753,Low,881,2022,5,2,15.06,0.8691,10.4577,0.9053,7.9291
Dam,Los Angeles,4792824,4648153.044180024,-144670.95581997558,726,1087.9860378780857,361.98603787808565,0.7146967661003719,3.3189581197072204,453.8385725351782,-6.025056004375668,87.07758205627522,Rainy,81,24575.536734686382,159.9598786307153,2867,45.93713810119209,0,8.463857436303094,97.8528148240155,1,41.7870314354206,High,726,2022,5,2,-3.0185,1.0311,49.8603,0.6673,16.6509
Road,Seattle,44674032,56632265.25973488,11958233.259734876,362,383.0433813467001,21.04338134670013,0.4492444900154484,0.5669354777628627,345.265741331349,27.98855717245413,26.370826481776188,Stormy,140,33046.58793529091,564.4457401076136,2161,80.95850808670365,1,5.868968692732571,62.21579459843412,1,98.98238205884176,High,838,2022,5,2,26.7678,0.7888,5.8131,0.9451,11.1481
Tunnel,New York,34692118,50757666.46419607,16065548.464196073,449,479.2977488265883,30.297748826588304,1.1961786343551954,3.603081453318575,446.8346603693072,19.37152517115948,36.17252965629416,Cloudy,274,34983.73954077315,411.37523902632336,4920,55.1701721844874,3,5.750372721020653,95.25498106338212,0,74.31840131114362,High,721,2022,5,2,46.3089,0.6835,6.7478,0.9368,17.6671
Building,Chicago,6250295,8107049.131427292,1856754.131427292,646,942.1285662559856,296.1285662559856,0.3941986498301644,2.501525781772574,268.3763226995892,10.853847518896888,23.26059594605791,Snowy,174,29593.11689155416,705.0028424924575,6693,63.51886677441761,8,7.341207649958794,86.28848368072778,0,43.06391979826461,High,686,2022,5,2,29.7067,0.771,45.8403,0.6857,25.7323
Tunnel,Seattle,38706355,36619379.13188409,-2086975.8681159092,791,723.5962344403988,-67.4037655596012,0.776768492576621,4.470497680530796,293.91500529374093,8.715124022871699,69.35792026472964,Snowy,294,14236.588838132157,955.9296322737456,4882,78.7560510880563,6,8.736035793881188,87.0260518479393,1,23.42674306571183,High,775,2022,5,2,-5.3918,1.057,-8.5213,1.0932,2.9472
Bridge,Chicago,15401814,17139134.352759674,1737320.3527596742,698,919.9733481212947,221.9733481212949,1.4243247264750996,4.599354670652714,463.567224662902,24.14579480258061,79.52091156002543,Sunny,175,38981.43725522637,537.0474861971622,8738,66.18924095846242,5,9.483815318316978,88.24696592008081,1,63.282233487495,High,460,2022,5,2,11.28,0.8986,31.8013,0.7587,15.8212
Tunnel,New York,40234412,49504341.169041336,9269929.169041336,721,962.6761966323407,241.6761966323409,1.164220367717762,0.2757829530089273,454.9592945096023,39.00474560543456,50.38497572711863,Rainy,101,41168.83884368368,519.5712071399805,9456,55.032763535867694,0,5.890328985195864,75.32846560286046,0,36.5412927786783,High,603,2022,5,2,23.0398,0.8127,33.5196,0.749,18.1459
Bridge,New York,28148868,32143886.342382666,3995018.3423826657,646,905.5803366042708,259.5803366042708,0.834278872223077,4.103207801772394,251.6723930160509,17.28967593556134,84.99654525297008,Sunny,197,29883.90137078479,689.1263201723142,7331,60.06677121269948,4,2.3559240879002643,90.72893630013344,0,91.4958173166658,Low,449,2022,5,2,14.1925,0.8757,40.1827,0.7134,17.5837
Tunnel,Seattle,6149534,8610493.911788058,2460959.911788057,484,718.5771758094131,234.57717580941312,0.8984742434343296,0.1884869521133531,173.48568423605678,35.35977402423061,61.32093502289197,Stormy,152,26985.25222631787,193.1477532342109,6182,60.49288701539058,3,8.907678335557065,91.80965488762452,0,49.72639598888273,High,333,2022,5,2,40.0186,0.7142,48.4664,0.6736,28.927
Bridge,New York,13312829,18488891.56617737,5176062.566177372,323,479.7716519325592,156.77165193255917,1.168010676984136,1.8358481284751127,226.92669555391888,12.118601001418211,64.10049948125663,Cloudy,154,10127.21824075934,328.1555700325132,2526,97.55943427049284,4,1.3660481653310343,68.02433608380585,0,36.33849680846988,Low,793,2022,5,2,38.8803,0.72,48.5361,0.6732,27.2981
Road,Houston,4314344,5466699.294357728,1152355.2943577282,290,272.3581558165647,-17.641844183435296,0.1111429829856064,2.7114998781053954,224.49394783838736,-4.36830454637529,79.1793441190539,Snowy,217,8777.824767490272,927.0813929503588,9131,87.91678095540706,8,8.266034536478273,70.01722591081877,0,62.96966331136127,High,841,2022,5,2,26.7099,0.7892,-6.0834,1.0648,11.2662
Dam,Los Angeles,1049976,1180251.5276391944,130275.5276391944,411,572.5655769908658,161.5655769908658,0.2491687500618587,0.7405039931356372,179.09009374225727,-6.61718449477488,40.776014353628725,Rainy,236,20280.418050358792,702.9483520273897,5394,67.512926288764,2,7.123794637830833,94.4378359269513,1,22.32770508739582,High,262,2022,5,2,12.4075,0.8896,39.3104,0.7178,17.3401
Building,Seattle,45306168,47716538.787737,2410370.787736997,870,1120.373785369153,250.37378536915296,1.774390328749722,3.731569062845384,170.86082194983496,-7.176609577197733,44.7986004929338,Snowy,254,18988.076998282697,112.09963958507464,2158,51.98925522048185,3,9.142548466806517,76.23646302147621,1,60.539416552259055,High,801,2022,5,2,5.3202,0.9495,28.7786,0.7765,12.6581
Tunnel,Chicago,30571637,29456524.034420565,-1115112.9655794352,763,983.0532291160011,220.0532291160013,0.2479700792734524,0.0417735208606928,437.4783214158737,10.908257807671848,83.4166343436251,Sunny,63,47914.54029334721,284.16292530311785,5367,88.66096661575935,7,9.07716835222702,93.34717479709346,0,15.050033066776615,High,605,2022,5,2,-3.6475,1.0379,28.8405,0.7762,11.8676
Dam,Houston,13031301,14503038.02262961,1471737.022629609,771,753.2746760519578,-17.72532394804216,1.4429268327999598,0.8429952421701842,81.43786430809776,8.548076295971313,83.06744472271347,Sunny,221,40263.02340995434,714.5535394260091,5630,49.43094829650241,2,1.4783867689337171,81.33847308789036,0,64.61998135724869,Low,454,2022,5,2,11.2939,0.8985,-2.299,1.0235,4.0838
Building,Seattle,34326436,39403436.38133381,5077000.381333813,679,875.9862516099591,196.98625160995917,1.8480725118072,2.9039841492673784,354.92503194481736,29.48653629924132,88.35379433406096,Cloudy,153,34696.5932866577,787.9592823063168,4513,52.62773302852021,2,6.485017664581049,79.67838783745212,0,57.7147459511286,High,892,2022,6,2,14.7904,0.8712,29.0112,0.7751,14.8375
Building,New York,19804536,25854698.06990936,6050162.069909357,774,1152.8649104312194,378.8649104312194,0.6142988481732891,3.571937810186462,127.76902315540352,30.85518258716762,83.12868215091697,Rainy,166,28294.164005792227,855.8736154066377,2144,61.960803510409065,8,2.122043096513816,51.54904766389309,0,56.868938392507445,Medium,463,2022,6,2,30.5494,0.766,48.949,0.6714,25.8739
Bridge,New York,19589321,25366131.34048126,5776810.340481259,733,1060.717806883449,327.71780688344893,0.803933730413077,4.583215513469581,205.0276520273285,-7.203031714144309,28.91604252233526,Rainy,263,12531.538882699311,362.9591230438404,1068,92.8208917511194,4,1.7062175056964926,63.894719892037486,0,71.57479483520025,Low,352,2022,6,2,29.4896,0.7723,44.7091,0.691,23.4009
Road,New York,32676806,30783671.44684696,-1893134.5531530415,452,525.8922352102754,73.89223521027543,1.1809506711049609,3.527483259673119,77.69436536067658,2.161779458895822,77.66070002958912,Cloudy,259,49030.55024829278,937.9257366498064,4717,47.90720011804662,9,5.034494312476575,75.10288234511592,0,14.001095298401625,Medium,506,2022,6,2,-5.7935,1.0615,16.3478,0.8595,7.7112
Road,New York,2947238,3351468.164575617,404230.1645756168,882,814.9404674630011,-67.05953253699886,1.7752470423133109,3.3588963512743297,171.48813658495794,5.084401758739483,48.688693467671584,Sunny,97,21876.831420809453,597.6522042201032,5723,47.334051571271566,0,1.878377858638666,79.36585860673505,0,51.37583181672665,Low,897,2022,6,2,13.7156,0.8794,-7.6031,1.0823,4.4904
Dam,Chicago,32455141,32749422.15981586,294281.15981585905,352,393.31638508804326,41.31638508804326,1.8896206157947983,1.971705731753321,395.789482002759,20.11865912785452,89.35609491621565,Sunny,142,9811.652110126017,726.8851201491036,5213,69.63849929831596,6,7.551121448013335,81.52172645003671,0,49.96347967363371,High,242,2022,6,2,0.9067,0.991,11.7376,0.895,6.5035
Road,Houston,44338836,44076688.09425491,-262147.90574508905,186,259.625158774622,73.62515877462198,1.5051701714114094,0.006422127634007,448.2568960462664,-2.0516626851177358,53.05966750301607,Sunny,220,27220.95030720857,637.0649765019172,7413,56.58463246562048,6,9.720466394568398,85.81114125058085,0,51.38041976582493,High,252,2022,6,2,-0.5912,1.0059,39.5834,0.7164,15.0191
Tunnel,Los Angeles,31354748,43783183.45492177,12428435.454921767,334,441.1804199336193,107.18041993361923,0.2645775456239186,0.6007962936781097,149.68721835606516,-2.63323293299998,58.76852577515544,Snowy,193,44329.91052258875,210.4660492071584,4466,74.1236764988896,5,6.1262466200478345,82.81167161468159,1,98.1901873958809,High,815,2022,6,2,39.6381,0.7161,32.0899,0.7571,23.7436
Road,Chicago,34218943,31657625.34698776,-2561317.653012242,701,824.099941542818,123.099941542818,1.3713928955162165,2.672772723780196,258.5965276665148,41.90838890643769,57.084244067975895,Stormy,159,44928.09507997982,966.803193446392,4026,67.0982010809934,5,3.116519826055179,92.42883536979002,0,22.53506258298343,Medium,554,2022,6,2,-7.4851,1.0809,17.5606,0.8506,6.8915
Dam,Chicago,7330034,8440605.439548198,1110571.439548198,725,676.4691677940915,-48.530832205908496,0.8795770715580579,3.3756494292220984,261.6458215717429,34.23115990137796,42.52159209007944,Sunny,212,5493.466222540126,210.5880219047374,7998,66.09754638107302,2,8.58885752372856,64.77351714437567,0,72.13867813536334,High,812,2022,6,2,15.151,0.8684,-6.6939,1.0717,6.6631
Road,Los Angeles,22586261,22607089.90217804,20828.90217803791,727,840.5114802765247,113.51148027652472,0.994331899033017,2.087241419482313,443.1088875918804,-0.0639803849856335,25.251546222504277,Stormy,102,44883.30851381299,329.3937607700652,3747,46.7183782292196,2,8.677930374370234,82.07849928329462,0,46.17965236407008,High,687,2022,6,2,0.0922,0.9991,15.6137,0.8649,6.8474
Tunnel,Los Angeles,46504302,66389454.54458213,19885152.54458213,697,823.4462297900188,126.44622979001883,0.1933819416558364,3.653395057641951,393.2595737941125,12.361229434802002,82.6955861281343,Stormy,211,17216.78978749363,832.2650922006821,8271,48.46298141499041,9,7.595073751279549,52.55797570981356,1,56.05538718920622,High,577,2022,6,2,42.7598,0.7005,18.1415,0.8464,21.5894
Bridge,New York,16542211,20416798.92368636,3874587.923686359,394,574.1105279761737,180.11052797617367,0.4630180647580805,2.609311476660894,280.8847482656224,9.559209959166104,76.18730687684007,Rainy,52,6753.756378579038,656.7372653509913,7171,89.264714646811,8,6.536189663320158,74.0095038661014,0,78.61545152705766,High,299,2022,6,2,23.4224,0.8102,45.7133,0.6863,23.6479
Dam,Chicago,24809061,25772356.693255223,963295.6932552232,313,402.0959702527295,89.0959702527295,1.6019758543139306,0.370880977971561,351.83624021229804,33.505224073597404,29.766874639176848,Cloudy,117,43150.56216632935,854.3342488387212,4855,93.15296425430466,0,8.810132092765516,63.40164829759463,0,24.163789831613293,High,616,2022,6,2,3.8828,0.9626,28.4652,0.7784,11.4664
Bridge,Seattle,30193726,36276444.50617494,6082718.506174937,464,504.3641719966543,40.36417199665431,0.9625217827909336,0.9600812548397442,431.3097742592151,18.06171040629671,74.3737789945051,Snowy,295,43874.00401946937,564.1625695366404,9753,54.08101197311501,6,2.4696251379780314,69.0443574147348,0,78.7226691372843,Low,855,2022,6,2,20.1456,0.8323,8.6992,0.92,10.3474
Bridge,Los Angeles,1045475,1399777.921146369,354302.9211463691,305,370.633242394482,65.63324239448201,0.6731582590991828,4.1999911162197145,54.29252931149522,-2.9682644653593133,63.8092666235427,Stormy,182,31830.398592905756,439.29391182997136,3203,46.80763009148615,9,9.384401137096402,67.73313758824796,0,16.329770441599564,High,644,2022,6,2,33.8892,0.7469,21.5191,0.8229,20.2994
Bridge,Los Angeles,33303854,49118881.97029411,15815027.97029411,618,580.6933081404569,-37.30669185954309,0.8296362405334204,3.624563733122197,231.30051397252188,30.64456347359341,48.64006515423356,Snowy,187,30849.519078336125,929.6609495930064,4419,43.20500031607064,6,9.524828342895114,53.02153385763189,0,53.49785600888497,High,465,2022,6,2,47.4871,0.678,-6.0367,1.0642,17.3511
Building,Houston,42634984,44010712.71832043,1375728.718320429,865,1283.2629143022134,418.2629143022134,1.7233590753187924,4.473809935062475,458.2594252746854,11.82883880237054,37.78148043668939,Rainy,101,41590.41226796388,132.62708576331536,2144,76.4978568245138,7,8.847931365974201,73.33229003756878,0,76.78637719296225,High,444,2022,6,2,3.2268,0.9687,48.3541,0.6741,18.6439
Building,Seattle,21080580,30181257.445148654,9100677.445148658,331,369.4078965234422,38.40789652344222,1.5230981330694182,0.5877862456046828,383.1408638797781,4.4608336197680885,80.18101484515627,Sunny,206,40383.92987196259,870.5171983177413,3699,82.92119275001232,5,3.255958312403204,99.73146439957767,0,27.329630981922943,Medium,499,2022,6,2,43.1709,0.6985,11.6036,0.896,18.0835
Bridge,Seattle,39950796,58351432.24023967,18400636.240239665,510,605.2274106034196,95.22741060341956,0.6173992546440572,4.95111267307537,294.2786184503336,10.652424211139609,69.01317815058371,Stormy,145,45054.74630492168,307.7360066690035,1560,62.368599352192334,7,8.723605476795662,64.94680284182418,1,79.3824081431881,High,852,2022,6,2,46.0582,0.6847,18.672,0.8427,22.5638
Dam,Los Angeles,4239254,6146292.275453843,1907038.2754538432,717,798.1431657167242,81.14316571672418,0.3232534964035093,1.047033569749668,288.34003716581003,17.3766109983793,58.34179366283958,Cloudy,80,29873.635141851657,863.862694978571,2187,80.78055204943837,0,5.478743906539226,86.80729858341253,0,25.01312562331689,Medium,555,2022,6,2,44.9852,0.6897,11.317,0.8983,17.9864
Tunnel,New York,2099577,2690080.121482235,590503.1214822349,562,735.9429553951827,173.9429553951827,0.5787966211237362,0.05889938143321,206.496543921997,8.871353402935519,62.66979737289249,Rainy,115,48544.11917297639,225.27695207519704,4133,82.77752893357157,0,6.354372136607427,77.38941674602178,0,81.93148812434092,High,268,2022,6,2,28.1249,0.7805,30.9507,0.7636,18.9936
Tunnel,Houston,27009905,34515752.12599157,7505847.125991568,294,381.4177527293402,87.41775272934018,1.849437257003994,4.9871146952677705,284.2342401386816,3.3048174925466807,26.37463274575267,Snowy,253,49826.60739200023,622.1970673214864,4411,96.12053688381432,8,8.565405602537307,66.26126502657368,0,52.20420156476538,High,833,2022,6,2,27.7892,0.7825,29.7339,0.7708,20.57
Road,Seattle,24260701,27703934.46701604,3443233.4670160413,661,878.5968283558552,217.5968283558552,1.2050187919145352,1.4053694272255657,344.92243975855394,11.917611584218918,53.17438326378343,Sunny,140,10244.507449938466,899.2971271103248,2689,43.89241827010643,3,1.2662456009071377,54.480353019621056,1,71.6174498676796,Medium,382,2022,6,2,14.1926,0.8757,32.9193,0.7523,14.9868
Dam,Los Angeles,24737188,33430793.919210404,8693605.919210404,463,491.1901891861916,28.19018918619156,1.1136123966150877,3.3400972625628,238.26336729295687,-8.945489908755597,33.55902049499914,Snowy,118,43229.46917993549,526.1856822090015,5407,51.53750339386479,2,4.266483329580812,60.79289503826062,0,92.56658125322696,Medium,513,2022,6,2,35.1439,0.74,6.0886,0.9426,13.623
Building,Seattle,41786456,50928346.87253065,9141890.872530648,254,276.7078765294036,22.70787652940362,1.233147839415677,0.883411570881526,371.3689158764783,32.48738153529727,34.58685753061778,Cloudy,214,27492.001598686507,771.9100064230536,3423,44.11155925581929,5,8.341240395200192,89.09267697451219,0,46.75793712523603,High,401,2022,6,2,21.8776,0.8205,8.9401,0.9179,11.9136
Bridge,Houston,13084335,17094197.49942292,4009862.499422919,345,336.42700483691505,-8.572995163084954,0.795453704918379,2.9011426609957085,437.5545022671736,-0.598030853782781,66.29127736008067,Stormy,204,22440.485223492444,824.2044560700026,2369,92.07963600016664,9,8.325593054215506,63.95100887093227,0,30.966177414049557,High,220,2022,6,2,30.6463,0.7654,-2.4849,1.0255,12.659
Road,Houston,19380186,22424323.721855864,3044137.721855864,368,475.9366017836217,107.93660178362173,1.6335033386070743,4.520174932272797,119.60818168318752,-7.585246250314952,83.78793062840018,Cloudy,136,32588.25394472217,762.8447878451012,7007,87.55522960201412,8,8.638191341946396,57.21512412059266,0,88.04476869559092,High,887,2022,6,2,15.7075,0.8642,29.3306,0.7732,16.8391
Tunnel,Chicago,25969138,34770023.772748984,8800885.772748984,257,237.4367170351576,-19.563282964842383,1.0942438736704747,1.600905837142193,253.19616026784095,25.95342810977936,48.26296273348426,Snowy,82,7518.4500767903155,932.7967631871384,7728,74.47852423731034,9,2.522943101255421,66.56491702303366,0,24.545498329430032,Low,247,2022,6,2,33.8898,0.7469,-7.6122,1.0824,12.4715
Building,Los Angeles,42828557,59732256.53196176,16903699.53196176,781,982.9739424262928,201.9739424262929,0.3218210152607115,3.351269880221796,233.60904107828648,32.56648708530197,34.542449110853326,Snowy,117,27790.750344518598,502.1508074679358,9772,45.01980460307099,3,7.35297956405164,79.2021476113845,1,66.8328446653675,High,693,2022,6,2,39.4683,0.717,25.8609,0.7945,21.6694
Building,Houston,2531064,2500341.32242929,-30722.67757070996,867,1232.71579929982,365.71579929982,0.3452237371752196,0.9395179439920824,359.35916182237764,34.76060223760638,65.4122856065658,Cloudy,236,44190.0756512,255.8128952486402,1976,56.39874151922318,8,2.318530064548767,85.17315821449995,0,93.09279592365532,Low,816,2022,7,3,-1.2138,1.0123,42.1818,0.7033,14.7182
Bridge,Chicago,38966319,54543410.10098678,15577091.10098678,200,286.89985779475603,86.89985779475603,1.1200323783549748,3.1239769935936264,162.4403593660682,17.143005046333,80.98309324452225,Cloudy,241,14605.768226253596,143.0299573322318,5272,57.86319088351102,4,8.065882080559227,69.368241848479,0,70.69570403817751,High,801,2022,7,3,39.9758,0.7144,43.4499,0.6971,27.4409
Tunnel,Chicago,49598394,60717258.75634151,11118864.75634151,745,871.2198788853729,126.21987888537284,1.8794834143345944,1.6822517590875508,338.1129117285243,1.2952501579491909,72.38231607857435,Cloudy,262,24187.54526462413,321.8138826737546,7497,73.64459176092502,6,3.206134040090568,74.90735785391745,0,27.61129769050137,Medium,777,2022,7,3,22.4178,0.8169,16.9423,0.8551,13.6493
Dam,Seattle,43170229,60731858.5343509,17561629.5343509,363,426.7363432928074,63.73634329280742,0.6858690311847776,1.0560412929397582,444.8701587791696,30.54752224874047,80.8130061375611,Sunny,137,47276.6399471694,228.8777534922179,1118,55.48263364220293,2,7.640359548282514,72.74583460167307,0,23.705555658690965,High,811,2022,7,3,40.68,0.7108,17.5582,0.8506,19.3995
Building,Seattle,3076198,3564639.86786569,488441.86786569,401,379.41878543172896,-21.58121456827104,1.7521282208325148,1.5659102535181757,238.15921990713025,28.484219243488543,57.55882697075595,Snowy,221,24285.37270125638,602.1538672910324,2542,44.37759183477729,2,5.095014566751752,50.45016749617135,1,32.7074977990532,High,306,2022,7,3,15.8781,0.863,-5.3818,1.0569,6.1824
Bridge,Chicago,8466511,9545350.163364485,1078839.163364485,507,660.3467207397715,153.3467207397715,1.5517816144998708,0.8942053425389968,459.957064990649,3.5448903756745285,72.63133710584336,Rainy,144,21126.54345495792,266.4508034905588,5862,83.84573811119796,2,9.876371180974951,69.78002374279241,0,45.22661495709205,High,434,2022,7,3,12.7424,0.887,30.2459,0.7678,15.2718
Dam,Seattle,19246135,27888350.93473521,8642215.934735212,358,498.6065234960872,140.60652349608716,0.570843641523123,4.509580539189414,496.9236825200653,39.68742657245362,29.804519155125558,Sunny,157,24824.14916555202,135.04033656043407,4043,57.94481269932468,7,6.219044476743528,79.3659905086041,0,24.32431286649128,High,874,2022,7,3,44.9036,0.6901,39.2756,0.718,27.8976
Tunnel,Houston,12038932,12649324.639503006,610392.6395030059,291,304.6167725339829,13.616772533982896,0.1690474218008607,1.985934431585644,97.74142247657844,-4.259569805444405,44.37922307542341,Sunny,289,28375.374493290037,132.39084598180108,1972,67.14245062139804,5,6.693214277982575,78.49723582078805,0,81.80326597971859,High,195,2022,7,3,5.0702,0.9517,4.6793,0.9553,5.2635
Building,New York,49193845,69192490.66632967,19998645.666329667,238,274.3617658972445,36.36176589724448,0.2935098037705271,1.2263965248718367,154.8739345931864,44.04785317752291,47.26844151370657,Sunny,265,33439.6104859161,848.4125485283754,1915,47.65999809893832,8,4.313471624661586,87.48837791671234,0,42.13318083479998,Medium,656,2022,7,3,40.6527,0.711,15.2781,0.8675,19.2419
Dam,Houston,39553543,47085025.8165812,7531482.816581197,506,710.0716226419361,204.07162264193607,1.4841384743101365,2.2420392050796645,477.670888166942,37.31362960376055,55.79070223722242,Rainy,226,41031.1760412529,632.3049382987224,7621,88.15289820367477,8,7.610681420626897,83.51879552176695,0,94.24780623214538,High,241,2022,7,3,19.0412,0.84,40.3304,0.7126,20.9336
Dam,Chicago,21462320,25936296.53914605,4473976.539146051,800,1141.0178244778983,341.0178244778984,0.4793725022772287,1.6026808340324776,481.24745891662405,27.834425501349138,85.03534521797766,Cloudy,102,25344.59925939414,422.2767717040404,1586,73.93191261544345,7,5.453970769943515,63.84033985580768,1,85.82417776317916,High,611,2022,7,3,20.8457,0.8275,42.6272,0.7011,21.5327
Dam,Chicago,25437007,27601212.201315586,2164205.201315585,848,886.9299739584382,38.92997395843816,0.8054147489602481,3.72209626906663,93.96827392404133,41.63124385539081,81.2007592155522,Snowy,123,41786.64207905631,904.8052384662222,9542,94.09513757259175,0,1.1625997158627772,62.78218357794813,0,91.7936436521518,Low,849,2022,7,3,8.5081,0.9216,4.5908,0.9561,4.1622
Building,Houston,2420858,3011124.4774236893,590266.4774236893,370,455.2266808681829,85.22668086818288,1.0532284154122071,4.856099559427472,56.749325169711504,29.72711425780393,29.41678446024292,Stormy,98,29017.429760843628,163.17695026694224,6625,69.72829378392001,5,6.477234380880806,73.2070899031717,0,36.50434435031861,High,447,2022,7,3,24.3825,0.804,23.0342,0.8128,16.5205
Building,Seattle,36303414,39756838.61751034,3453424.617510341,379,384.87294245458713,5.8729424545871325,1.4783895200553094,2.190168283488234,122.49501046539,0.4751348366525256,32.095275631772424,Stormy,162,20231.622966558996,982.2898654550434,8354,96.48554030907276,3,8.474136313864253,86.64848338608275,0,61.63583894399712,High,214,2022,7,3,9.5127,0.9131,1.5496,0.9847,5.6135
Road,Seattle,17448425,16114696.157513645,-1333728.8424863573,491,471.9134839155134,-19.086516084486615,0.3151393241923382,4.305166999861202,498.2057525220117,14.318587596204644,45.03483847122379,Snowy,163,34607.78726537364,654.6626112290149,5591,93.51209226287956,3,3.131215930544056,54.69136532879822,1,38.93045662381217,Medium,755,2022,7,3,-7.6438,1.0828,-3.8873,1.0404,1.2262
Tunnel,Chicago,27610889,29355874.08019069,1744985.080190692,887,1283.1983308407998,396.1983308407998,0.8720961700271768,2.8293153677980976,130.99982747480908,-6.067333661760055,40.35207061234718,Rainy,243,37297.50146345711,265.1178285719636,3562,74.58759138755403,2,2.989573795766661,97.41632915180811,0,33.12536604227628,Medium,673,2022,7,3,6.3199,0.9406,44.6672,0.6912,16.294
Bridge,Los Angeles,22674015,20493396.61553201,-2180618.384467989,214,297.9531635434028,83.95316354340281,1.0216385273711213,0.7861783254711674,276.1464230249104,11.431158225846346,63.03396672093836,Stormy,144,30112.20390332694,711.1621890792717,7839,96.0336062889918,8,6.4799756480734345,77.15765618532158,0,64.63781030822956,High,741,2022,7,3,-9.6173,1.1064,39.2305,0.7182,14.6651
Dam,Seattle,48550906,72195822.18062846,23644916.180628464,558,756.6596851237026,198.65968512370264,1.1275714215459254,3.453113710406708,431.78797689373,30.78816608554648,83.19432334351814,Sunny,240,7547.673791062553,787.0431338052064,9464,59.38532483767314,1,8.361813487829446,65.32041974667503,0,83.61958425398038,High,648,2022,7,3,48.7013,0.6725,35.6021,0.7375,27.1634
Road,Houston,15579873,23049617.02745761,7469744.02745761,566,525.9610418689425,-40.03895813105749,1.6548852186509118,2.5671724856291007,59.180724809692855,11.254384301194955,87.36040791708108,Stormy,74,12644.72938223712,486.408505033697,3927,61.938529762252685,0,3.2465830405921827,84.6695615440713,0,18.42380255139888,Medium,840,2022,7,3,47.9448,0.6759,-7.074,1.0761,15.0328
Bridge,Seattle,9466685,10764502.936350966,1297817.936350966,416,584.9947066604802,168.99470666048023,0.4261885705821121,3.253032616260517,322.0200420163068,8.166179650747377,65.75220667746586,Snowy,181,17838.397440060267,875.4693456209926,7195,42.72867707836222,9,9.390363861187351,52.23629081215509,1,34.81918852294643,High,504,2022,7,3,13.7093,0.8794,40.6237,0.7111,19.978
Road,Houston,25257032,33769220.38555427,8512188.385554269,795,924.447024206868,129.44702420686804,1.6348797584705823,4.448437062858325,174.66145199133095,22.744564738067155,78.67114409807607,Sunny,228,17718.15226781719,235.65916656682327,7276,75.35205440583118,2,9.34648621013394,74.21984578915314,0,28.46207627975145,High,483,2022,7,3,33.7023,0.7479,16.2826,0.86,17.2648
Building,Chicago,14837264,16432027.424955277,1594763.424955275,698,771.5950776363061,73.59507763630609,1.4164690126236392,2.2021728532802305,438.0507123978792,37.971249094939225,56.7641540161558,Stormy,188,35303.936011109174,350.95382521984754,5290,83.315438195736,3,2.8048300471714,74.29848237319045,0,81.85151558404579,Medium,455,2022,7,3,10.7484,0.9029,10.5437,0.9046,7.5486
Dam,Seattle,15749151,20515724.37960825,4766573.379608255,462,567.2832472762343,105.2832472762343,1.1561545469780228,4.505888116086778,177.55751716883563,-7.382924409963817,34.58288628020278,Snowy,194,5825.689775313466,184.1431254255908,6882,86.41115141452619,3,3.374059708511341,58.09876424546752,0,94.00348657829974,Medium,863,2022,7,3,30.2656,0.7677,22.7886,0.8144,17.1911
Bridge,Houston,48984649,67758408.8715973,18773759.871597305,180,171.86615021414403,-8.133849785855972,1.4291029537648867,3.7533450714082734,359.040074126859,11.200873908485448,56.72818884654342,Rainy,157,39005.6799672284,289.79005654661694,7446,48.9889771627662,5,7.305389298533453,91.86939079709416,0,17.194843916502307,High,380,2022,7,3,38.3258,0.7229,-4.5188,1.0473,13.9588
Bridge,Chicago,11029840,16192397.93877376,5162557.938773759,643,870.6142387401555,227.61423874015557,0.8828337040081471,2.443024629389924,353.3988346013286,-1.296759200160551,58.85578210063558,Snowy,243,16940.411366311993,314.8559307200305,6167,66.64954433875002,0,9.565597981219836,89.8406059340127,0,44.12920732365169,High,624,2022,7,3,46.8054,0.6812,35.3988,0.7386,26.5744
Bridge,Los Angeles,34517379,39354208.383573405,4836829.383573405,409,511.0295678683879,102.02956786838786,0.3629554133394367,3.0161106782898184,149.672096986838,28.24448379025283,71.97202949494897,Rainy,247,18950.98307972461,925.8698718295392,2522,50.61179272563494,0,7.388944198986832,57.63661972268545,1,92.30581384467912,High,503,2022,7,3,14.0127,0.8771,24.9461,0.8003,13.1654
Bridge,Houston,31749806,43496560.79942749,11746754.799427494,351,355.1958744014891,4.195874401489107,1.364953956504198,1.6279056625950572,65.65963994075756,-4.185149176287582,35.39180927951443,Sunny,250,28755.942257476592,170.2987198760406,1561,79.72764093125494,1,5.0041004483848415,68.19136467816887,0,41.01743984916685,Medium,214,2022,7,3,36.9979,0.7299,1.1954,0.9882,12.6588
Bridge,Los Angeles,49529560,52479395.49077435,2949835.4907743484,266,269.44185908313966,3.4418590831396614,1.0968773827026823,4.917986498693871,234.1623082034288,26.56442672191345,45.78172674607122,Snowy,118,14716.652042253088,484.6736081689385,4540,49.47678234530609,3,2.521012117838528,55.0214778315444,0,74.13952926823329,Low,661,2022,7,3,5.9557,0.9438,1.2939,0.9872,3.2791
Road,Los Angeles,22223034,33205643.675102744,10982609.675102744,732,739.7220077707186,7.722007770718619,1.3148121210312735,3.33675581525198,180.13691838464138,5.739947893884903,45.48192284501964,Cloudy,133,44801.20911089874,579.1588185042217,2479,94.2498210373645,6,5.149088639556591,92.43043784195984,0,19.05997478674087,Medium,659,2022,7,3,49.4199,0.6693,1.0549,0.9896,17.3723
Dam,New York,39677396,36323138.74496056,-3354257.2550394386,302,282.12883262441045,-19.87116737558955,0.742197683954131,0.2192342624831494,414.0399873261689,0.9404247555473582,87.16077170188154,Cloudy,206,8841.595069695439,908.8237484219449,7677,53.8380787396848,5,6.46091012773499,66.16600518743203,1,49.99487784509281,High,244,2022,7,3,-8.4538,1.0923,-6.5799,1.0704,2.2922
Building,Seattle,38649509,48780213.3231746,10130704.323174603,477,597.5279162101763,120.52791621017629,1.823046496945688,1.633109528740044,410.16388480490536,41.4993906803742,51.076147222870325,Cloudy,134,24997.20630354792,997.926596795092,2205,57.48413597729469,8,3.9785672706098527,71.96581539288263,0,55.29706980324656,Medium,187,2022,7,3,26.2117,0.7923,25.2679,0.7983,17.8396
Building,Houston,24041214,31150287.263495777,7109073.263495777,869,1220.257539794648,351.257539794648,1.2160027502935962,3.116572168795288,255.6607784866815,-8.981148278972427,72.85657771087025,Cloudy,250,43224.00212547005,778.0493034278522,7660,91.05437932905998,6,5.592320390800808,66.19359750102832,0,78.18976701865543,High,480,2022,8,3,29.5704,0.7718,40.4209,0.7121,23.3159
Building,Los Angeles,39184664,51442697.98238554,12258033.98238554,754,686.5161920078946,-67.48380799210543,0.2622647201526603,0.281666388996199,322.9305013954485,14.077749953926292,72.55679669621074,Cloudy,269,32712.97524895561,973.7118915121266,9848,67.50805660874343,4,2.171927154958353,65.50130082324755,0,35.99421855218436,Low,522,2022,8,3,31.2827,0.7617,-8.9501,1.0983,10.6192
Building,New York,1920114,1866797.32527542,-53316.674724580254,663,616.1940477695726,-46.80595223042735,0.9546275823384144,0.1194209565957138,321.9167821941163,-8.810515414601342,38.5880929362269,Rainy,168,18154.828212918503,808.3910192822864,1589,41.43975674800439,5,5.069692940613278,87.36511268742944,0,33.77697152954744,Medium,610,2022,8,3,-2.7767,1.0286,-7.0597,1.076,2.0139
Road,Chicago,43544931,63711366.69766945,20166435.697669446,344,427.81978510818567,83.81978510818567,1.5370765040129053,2.2501211976390127,422.2211667924305,16.597617645738097,60.030878256021246,Snowy,121,23934.20934994073,966.882376874275,5326,69.67517507215874,9,1.816982370365986,87.37831170899116,0,37.26709031762482,Low,603,2022,8,3,46.3118,0.6835,24.3662,0.8041,23.3668
Tunnel,Houston,16762512,16908512.933565818,146000.93356581777,878,1221.9103270613723,343.9103270613723,1.6088556672913177,1.66345089846335,241.25108635543887,17.557605778693002,82.60120253230536,Sunny,272,36801.24711541316,736.5436533500097,5904,45.07260012280738,8,1.4417987495409157,75.88940852402847,1,60.01268579143667,Medium,511,2022,8,3,0.871,0.9914,39.1697,0.7185,13.9006
Dam,Los Angeles,48458792,61719639.38093495,13260847.380934946,562,615.9763538997432,53.97635389974323,1.0397344002511415,2.191493040165829,173.9510059057291,7.691435926711087,53.26384036198646,Cloudy,69,48796.73345137547,171.78708290596396,7421,99.12068312123864,0,8.715159240393945,82.88084746631571,1,88.84039721182756,High,617,2022,8,3,27.3652,0.7851,9.6043,0.9124,12.8339
Bridge,Seattle,49591742,51258304.59926617,1666562.5992661717,388,430.5902320424377,42.59023204243772,1.800020384579472,1.313466549400026,169.26571316324635,-2.7311022361236983,86.15822551397822,Cloudy,76,45191.242327074506,461.7281682934089,4759,75.28669422733614,8,2.845734257314674,75.58315986789783,0,84.78472568151761,Low,767,2022,8,3,3.3606,0.9675,10.9769,0.9011,6.4704
Tunnel,New York,12918529,14007946.615539229,1089417.6155392283,611,768.520625982318,157.52062598231805,0.6085700306691653,0.8235887347149046,291.28652567699186,10.701314575396143,35.01207605269131,Sunny,57,20409.47637720696,681.9375554222233,9939,55.39195705665871,5,6.1763979621514,51.42946049698576,0,15.215109076990172,High,353,2022,8,3,8.433,0.9222,25.7808,0.795,12.4994
Building,Los Angeles,42701479,52432083.86638448,9730604.866384476,568,604.6517526135093,36.6517526135093,0.8801375247527065,3.4457167849016885,252.11669122949564,26.97446169629113,25.19113740418215,Sunny,295,49918.90456795359,415.6466585088259,9655,73.82306077285706,3,2.340844825689932,53.30032165649662,0,89.10596001628211,Low,738,2022,8,3,22.7875,0.8144,6.4528,0.9394,9.8403
Tunnel,Seattle,36737358,42259572.58383041,5522214.583830409,739,676.8981495188451,-62.10185048115488,1.807334130081043,2.5728555813390024,248.05434694322128,33.03176947544525,82.40177112013245,Cloudy,134,5157.709858897622,346.0455263024008,9945,44.61202620290529,4,3.362748138183622,69.18702847564157,1,18.559843679655263,Medium,706,2022,8,3,15.0316,0.8693,-8.4035,1.0917,5.982
Dam,Los Angeles,49110687,48920891.90336646,-189795.0966335386,403,540.4782556769659,137.4782556769659,1.802887761296,1.0007710562468342,91.01180259036823,19.191283131347827,79.33768385735516,Rainy,110,6243.339011378679,619.6593404197819,6936,87.99347825612902,0,4.252054777925359,87.48731793141971,0,47.38132623869827,Medium,838,2022,8,3,-0.3865,1.0039,34.1137,0.7456,11.0845
Bridge,Houston,20262886,20314796.301302265,51910.301302265376,182,232.12097049320667,50.12097049320667,1.4028542607668937,1.5979471312999916,373.371683310588,22.44089169418656,89.48129131536913,Sunny,205,42072.82318270372,940.1516890321914,9774,95.51968323184984,6,2.293087927192932,95.66131140671725,0,78.8863995328799,Low,205,2022,8,3,0.2562,0.9974,27.539,0.7841,9.9972
Bridge,Houston,37898682,43617095.61392359,5718413.613923587,551,687.8979332878008,136.8979332878008,1.7320630395322183,2.9590395383166297,146.18150959185982,1.033900411855898,67.55754416786982,Snowy,264,13975.82090748734,131.4836861645382,3205,92.46666329236956,7,1.4136606730999928,51.48541526733763,1,17.335993243054887,Medium,784,2022,8,3,15.0887,0.8689,24.8454,0.801,13.663
Dam,Houston,29531909,39997125.30100864,10465216.301008642,866,1164.7790734241514,298.7790734241514,0.268669207216842,0.3611467413623892,138.62913359392462,5.803168327520719,85.56815486670047,Snowy,247,7734.617077830839,792.308083187294,5114,60.50545613791377,4,8.8944382181621,68.40150263434035,0,13.635971224927015,High,585,2022,8,3,35.437,0.7384,34.501,0.7435,23.5603
Dam,New York,31474646,45285053.02802949,13810407.028029494,625,815.711564085764,190.71156408576405,1.743490454794775,0.7372650463308977,235.74124412482703,-1.0957414471202878,77.88643175588776,Rainy,52,15671.6632956426,750.4545502401644,5027,59.54608717860211,1,1.1064955229179492,61.18912180582055,1,39.69962232497147,Medium,411,2022,8,3,43.8779,0.695,30.5139,0.7662,22.7388
Building,Houston,1537977,1461811.1457712194,-76165.8542287806,790,808.5880623965243,18.588062396524265,0.7091778224454308,0.3662280205369506,152.50025372801065,3.711244250253623,79.10984331840608,Stormy,246,24174.506929138708,967.5580828494584,5816,42.105256672978,7,1.5518888455156103,90.7602640582731,0,75.69330470715833,Low,712,2022,8,3,-4.9523,1.0521,2.3529,0.977,2.4162
Bridge,Seattle,44942054,51047986.82468736,6105932.824687362,295,327.8891453089732,32.889145308973184,0.438829873613611,4.061586663570594,312.73622028860694,2.368772912404248,59.83990993179878,Rainy,250,37875.482169503215,937.6401000992892,8188,79.084021522055,9,8.245649447452923,92.29840723273205,0,56.95807938149033,High,729,2022,8,3,13.5862,0.8804,11.1489,0.8997,10.8697
Tunnel,Los Angeles,29869116,28678752.2227944,-1190363.777205601,449,438.0740721682216,-10.925927831778438,0.554802689049888,3.7620461660600464,217.15850270051217,18.569683251518068,46.76552185416976,Cloudy,56,33095.09869480425,786.0093058397736,3808,72.0942870513877,6,3.538075030957504,60.32044338459476,0,47.53016835487189,Medium,684,2022,8,3,-3.9853,1.0415,-2.4334,1.0249,1.9076
Road,Chicago,10946749,9961054.332463449,-985694.667536553,626,612.1742942397561,-13.825705760243864,0.8941401652263854,3.766564659396285,252.01027516675555,20.94788156849012,85.41906507802973,Stormy,237,15692.95479021892,568.3678882143388,4603,67.56078227964048,9,7.505382710032276,85.5413626717436,0,83.17659857641496,High,848,2022,8,3,-9.0045,1.099,-2.2086,1.0226,3.3011
Road,Seattle,4668280,6054904.855087878,1386624.8550878782,547,714.2274439542161,167.22744395421614,0.5772648087484877,3.58162671738014,291.726194721813,41.97210814518275,50.24820229311261,Cloudy,53,27647.1701645263,283.8407979101679,4913,94.45785720008244,8,2.316031742961224,86.58780186507143,1,79.00383359748201,Medium,358,2022,8,3,29.7031,0.771,30.5717,0.7659,20.1456
Dam,Seattle,37277840,47024864.343431845,9747024.343431843,432,611.3491477298635,179.3491477298635,0.7090784134313481,3.346927118349346,141.5909851168122,0.7563855905837684,57.717355707476834,Snowy,280,46679.6347429356,590.7121464930169,2419,50.07273406497077,3,3.135535737370474,58.85288483912852,0,80.74388887605681,Medium,311,2022,8,3,26.147,0.7927,41.516,0.7066,21.526
Building,Houston,44791098,44693071.26165343,-98026.73834656924,496,732.9092169570749,236.90921695707493,0.3564591235361199,2.384959576890875,120.0882302894884,25.29216405888228,51.22800149876314,Sunny,182,41675.349964269095,788.8167945276884,3167,40.57997600141094,8,6.1549886493729415,71.68479585041179,0,51.375414155428174,High,634,2022,8,3,-0.2189,1.0022,47.764,0.6768,17.1602
Road,New York,22562024,23470996.051052228,908972.0510522276,594,758.5429126946219,164.54291269462192,0.6627358545620972,3.211390817535575,446.18985629312215,34.94925979431376,59.537281977213794,Cloudy,188,19543.540317430703,906.102291374104,3144,44.39898712724592,3,9.897722546403552,81.01689027218998,0,11.750431824282815,High,527,2022,8,3,4.0288,0.9613,27.7008,0.7831,12.0984
Bridge,Los Angeles,34245660,31308226.602404363,-2937433.3975956365,274,276.8662575605413,2.866257560541328,1.1873392476298024,0.1918077739398732,245.17566627413947,20.813280508067887,52.9353555294629,Snowy,174,49201.90526100633,810.7408082894941,3167,53.40228626964213,2,1.6610002314330086,51.30333034662994,0,25.492327614237723,Low,719,2022,8,3,-8.5775,1.0938,1.0461,0.9896,1.046
Dam,New York,7637640,10700091.705659883,3062451.705659883,203,195.56821207567972,-7.431787924320247,0.9395220453730214,3.107322113283923,235.4421243346426,4.025200887559164,23.35772910056331,Rainy,64,36887.918019580895,275.7402416719486,6891,41.997132955807416,2,4.60499138183649,70.22959165229413,0,76.71703854489633,Medium,585,2022,8,3,40.0968,0.7138,-3.661,1.038,13.35
Tunnel,Los Angeles,7837388,11637066.228710258,3799678.2287102574,807,1119.882440418098,312.882440418098,0.7587656463482312,3.889388527684386,66.02546762277866,4.440262651100012,81.74337302053891,Cloudy,241,7810.22100500518,639.7176828052535,7536,70.17062263858813,9,1.3877287300533232,57.74791164738103,0,77.78561245746626,Low,255,2022,8,3,48.4814,0.6735,38.7711,0.7206,28.2533
Dam,Los Angeles,45102213,44257706.62883729,-844506.3711627126,842,1050.1877718570718,208.18777185707177,1.5182590448285167,2.501791801921951,274.08933616432694,-7.841082081095005,51.10756732410388,Snowy,275,6582.232097988741,398.9561135782213,2166,58.845427314014685,1,2.793037983903774,77.09482505604436,1,97.50687514312028,Medium,758,2022,8,3,-1.8724,1.0191,24.7254,0.8018,8.1762
Tunnel,New York,33149765,34438797.86378664,1289032.8637866378,229,291.0523618872851,62.05236188728509,1.797668945647304,1.7875666421361849,299.37637472495004,6.799432460166493,61.22605539551441,Sunny,62,12578.357705451348,108.28510065157867,4575,50.82898048408797,9,9.16723924154654,92.14587917304772,0,27.11678742191735,High,671,2022,8,3,3.8885,0.9626,27.0971,0.7868,12.9291
Dam,Seattle,39208851,55717569.67884976,16508718.678849764,681,932.2054094651742,251.20540946517417,1.5378995235145545,1.3871336740048956,301.4783919295999,30.953202345185908,29.74314619305909,Cloudy,167,37753.51406225661,280.19884220979947,3841,85.00504449691974,2,1.868140934107927,76.23769693130185,0,21.06341093373805,Low,373,2022,8,3,42.1046,0.7037,36.8877,0.7305,24.4713
Dam,Los Angeles,42985331,62581409.708798245,19596078.708798245,897,1185.8038039656055,288.80380396560554,0.7308013340235904,3.2140102508104125,368.16402619529794,-7.386523353608929,20.23714935878474,Snowy,289,13268.251662909255,201.89858494010437,2870,52.26707957395181,7,8.711703292380703,51.7991798104342,0,22.491067036241294,High,341,2022,8,3,45.5878,0.6869,32.1966,0.7564,26.4777
Dam,New York,5622580,6475955.118013149,853375.1180131491,677,948.2569423101464,271.25694231014654,1.514440118891352,3.464005993149544,129.86682574595528,2.061240537765686,37.17030655505501,Cloudy,56,28016.904614397507,858.4472111855217,3886,81.2563060596276,7,2.6002291429907314,51.48286227983956,0,26.630930356672625,Medium,526,2022,8,3,15.1776,0.8682,40.0675,0.7139,18.4936
Tunnel,Los Angeles,41799568,38889209.68316357,-2910358.316836432,514,479.93636844382655,-34.06363155617345,0.3887623467006973,4.354837999312712,163.50041040377846,28.842787419248005,69.32102224933452,Sunny,153,9196.705408137428,332.6556269330308,1159,60.95589435085834,1,8.756063618839335,80.27515729520746,1,57.56215055570871,High,540,2022,9,3,-6.9627,1.0748,-6.6272,1.071,1.9512
Tunnel,Chicago,36677259,33876403.792101875,-2800855.207898125,258,347.916194568359,89.916194568359,0.3476041773734527,1.7116704123049535,414.8287093536857,33.04583595525821,26.943617107901503,Cloudy,55,46439.87710235878,356.22817199879995,8243,70.70966563975327,1,5.842197668221076,66.39907792628063,0,97.76903166767364,Medium,763,2022,9,3,-7.6365,1.0827,34.8512,0.7416,11.8238
Dam,Seattle,42191606,52501965.36776187,10310359.367761873,761,1073.3993689932688,312.3993689932688,0.7566913703687019,3.848861536927928,476.22677757952727,15.042512553406064,83.62212082705275,Cloudy,233,20478.22761126054,963.9429146189958,4763,96.03202239107918,1,8.903860068041592,78.63332517359463,0,63.04883347005463,High,266,2022,9,3,24.437,0.8036,41.0512,0.709,21.6272
Road,Houston,11457279,13012456.428194718,1555177.4281947184,206,220.76629124784768,14.766291247847676,1.6346345011837082,2.8067791209466897,111.16973631529429,28.39408861632569,35.051579854932925,Snowy,113,45865.94254522838,441.1780507439669,2055,42.24109808894877,9,2.365332801863684,58.18185544579938,0,57.041925908197854,Low,441,2022,9,3,13.5737,0.8805,7.1681,0.9331,8.4956
Building,Los Angeles,24698370,22653133.95462667,-2045236.045373332,450,577.9207639781782,127.92076397817824,0.5680616697603735,4.414182453390396,273.9422995273481,11.33736927601906,34.3215530004243,Stormy,280,47519.40388597449,108.6270761299551,1333,70.01587044864772,6,7.858328961770434,88.84311764180559,0,70.60206073454839,High,393,2022,9,3,-8.2809,1.0903,28.4268,0.7787,11.2997
Building,Chicago,30142798,37677033.62669649,7534235.62669649,741,806.5764535819179,65.57645358191792,0.2201814769074912,2.639060541478104,146.37931373281407,-1.2047715236729868,32.705557313504684,Cloudy,227,5275.789129115636,355.4615335115229,4596,91.2653776196571,5,7.12628736472519,93.0359852866784,0,16.65373516823409,High,844,2022,9,3,24.9951,0.8,8.8497,0.9187,12.5787
Building,Houston,29658787,26894040.015152115,-2764746.9848478846,426,628.2574045929152,202.25740459291524,0.3502481168920747,2.5881491419898364,77.0329257597421,11.89822214375986,20.978719907995533,Stormy,79,25886.083423942942,207.3696225416312,8607,75.27845490222091,0,5.886400486536663,94.46128010424468,0,83.38187207353292,High,752,2022,9,3,-9.3218,1.1028,47.4783,0.6781,15.4208
Tunnel,Houston,22284383,30583603.66731502,8299220.667315021,770,708.4416904652028,-61.55830953479722,1.7316154402062025,2.889385407204545,196.47650215676092,21.898230111172857,74.02638279347642,Rainy,71,6109.52250681018,192.52770556226855,2362,56.612231017909394,1,8.295286099698757,65.20372944156756,0,68.2191588987281,High,441,2022,9,3,37.2423,0.7286,-7.9946,1.0869,13.0317
Tunnel,Los Angeles,1296063,1404750.44609484,108687.44609484008,566,706.2976497656715,140.2976497656715,1.3041882410198464,3.746576775712172,114.65943133289574,42.14293050190896,81.2524171871681,Cloudy,202,45891.17448363076,169.73856112217456,1925,63.860868108702064,0,6.8344842198433575,83.03676838123658,0,25.407251163147265,High,462,2022,9,3,8.386,0.9226,24.7876,0.8014,11.319
Road,New York,2383875,2203069.52815418,-180805.47184582008,881,880.9137749703737,-0.0862250296263482,0.5810822104029556,4.823452394142304,369.4698830454108,-6.218697635122748,62.99138918313392,Stormy,205,28328.339513055915,633.9335231578395,6519,80.81593772371447,6,8.893422321469746,63.95211935651301,0,66.76438790794873,High,827,2022,9,3,-7.5845,1.0821,-0.0098,1.0001,2.9787
Building,Los Angeles,41179601,51598506.72453005,10418905.724530049,738,979.5711068524458,241.57110685244584,1.1550620681235446,0.3678167710788282,290.17643615215,17.906675161472833,33.173998717590365,Rainy,167,8372.480571432357,270.4129512668728,3443,93.44871365882818,5,4.429559321070094,88.13784104057893,0,63.658716630928325,Medium,646,2022,9,3,25.3011,0.7981,32.7332,0.7534,19.2962
Building,Chicago,2876336,3275026.798723629,398690.7987236292,540,542.9884518276465,2.988451827646486,1.1024012826081655,0.2671730119550858,114.7255119456399,8.090587801589841,39.96945978586158,Snowy,133,9962.45277244551,425.1185146369094,4980,42.4639824247967,1,6.309308604464335,56.02625011131618,0,15.83676869453205,High,559,2022,9,3,13.8611,0.8783,0.5534,0.9945,5.7862
Dam,Houston,42096018,62482288.037454,20386270.037454,667,694.5003814117227,27.500381411722746,1.3453283590372564,4.687751687036693,54.15871478248147,17.9571431852182,53.31486881554743,Cloudy,216,22257.906102173256,875.815944517015,8260,44.29232931342258,1,8.835407583181405,88.13824055605807,0,34.023897806118065,High,541,2022,9,3,48.428,0.6737,4.123,0.9604,17.7324
Tunnel,Los Angeles,4956778,6079583.374756666,1122805.374756666,531,635.4065403991785,104.40654039917854,0.543056353401071,2.64937812759103,413.6706720608957,-8.681350394290758,86.80421661363106,Snowy,244,47310.53867928003,481.9043258166481,2419,59.50309141657525,1,2.9333265769372114,71.98643188317673,0,45.18474606003531,Medium,628,2022,9,3,22.6519,0.8153,19.6622,0.8357,13.4809
Building,New York,47696307,50803411.78630184,3107104.7863018364,880,1275.0328535983515,395.0328535983515,1.7423656756693555,3.0745150728346804,129.2874827739114,7.216394508586973,37.314596027242,Rainy,182,36180.91182056364,924.1222150464738,1059,53.96678106624874,7,5.371672209551688,92.7774745217764,0,32.03996765292821,High,620,2022,9,3,6.5144,0.9388,44.8901,0.6902,17.8957
Road,Los Angeles,3887757,5153856.847231672,1266099.847231672,435,446.7574511306203,11.757451130620325,0.6878002679520243,2.4121180079736444,322.7974889993447,35.09274811398527,71.21521327439217,Snowy,242,44042.84897851096,548.1442480560456,3524,55.89585317334436,6,9.64667639555802,86.94654299930733,0,31.88455190158967,High,272,2022,9,3,32.5663,0.7543,2.7029,0.9737,13.7101
Road,Seattle,3468665,3686827.384199888,218162.384199888,401,395.6041490810157,-5.3958509189843085,1.41885014255485,0.4682872630373724,201.61486088453552,20.466795362005065,50.76137563050442,Snowy,192,21490.549085299084,458.95295335578015,4797,53.27619991755286,0,5.26241621345216,68.82598203482425,0,61.565362632767645,Medium,800,2022,9,3,6.2895,0.9408,-1.3456,1.0136,2.9393
Building,New York,29075808,41943189.795752645,12867381.795752645,180,243.9694978402353,63.96949784023533,0.1306368281072082,3.840446892093333,313.468672241766,14.782037104886456,40.84931438520152,Sunny,139,6944.616479749924,775.3500343816314,2578,51.749502931309465,3,3.2754650067598625,95.17695926802264,1,52.37731153543951,Medium,603,2022,9,3,44.2546,0.6932,35.5386,0.7378,25.1931
Tunnel,Chicago,7472973,8405848.000865053,932875.0008650534,725,870.2694965652599,145.26949656525994,0.8080485467988797,3.736123225442935,192.0441321420458,5.703878944343677,51.91411559154796,Rainy,244,48844.29367419864,165.85758889120189,8201,47.83743801215751,3,4.159686148689144,64.16685696376553,0,70.05629635552071,Medium,321,2022,9,3,12.4833,0.889,20.0372,0.8331,11.1881
Road,Houston,1692924,2082163.0120616064,389239.0120616066,625,904.4194171431644,279.4194171431644,0.7682486541217357,1.55851660746406,89.12280231151438,6.392338753524573,24.98447022788628,Snowy,217,5772.78457980663,180.53054468417565,1707,96.03724790771427,6,8.965757074361019,98.34943157179616,0,96.07663783989253,High,470,2022,9,3,22.9921,0.8131,44.7071,0.6911,23.3029
Dam,Los Angeles,17167670,15971836.41439806,-1195833.585601939,258,254.8959334483436,-3.104066551656416,1.1326204143077276,1.531196226142002,150.3275038509891,11.070578847482146,75.90811596512538,Stormy,170,47644.324388649,686.7763425306646,9165,48.65136783436918,1,9.593947348907951,88.36016919778422,1,69.45004401410907,High,611,2022,9,3,-6.9656,1.0749,-1.2031,1.0122,2.1188
Road,New York,3570115,4125884.594059097,555769.5940590971,415,534.3360453627367,119.33604536273674,0.2381988973766733,4.189206904527593,134.62635491558402,35.95638904805082,37.0311349588077,Rainy,282,21590.48407321151,538.2466419153234,6277,52.26422648593217,3,9.550968784175254,99.53374256355946,0,62.38863390542876,High,868,2022,9,3,15.5673,0.8653,28.7557,0.7767,15.8071
Bridge,Seattle,8499066,11893746.995743448,3394680.995743448,513,533.3802011855287,20.38020118552868,1.601249610079606,0.3617862887066331,242.60870859783967,43.19672637445476,70.77884862350794,Sunny,288,5454.068225984668,811.3737252872892,2780,54.77594343884714,0,7.290481527717141,52.69523081992388,0,86.2803542498948,High,832,2022,9,3,39.9418,0.7146,3.9727,0.9618,14.6324
Bridge,New York,5672412,7847153.970797212,2174741.970797212,528,524.8617037968393,-3.138296203160735,0.5137835233583802,4.405525741782829,346.2277025417708,14.1260459742706,24.78438600137363,Cloudy,155,36012.075427602875,924.6437536091782,3413,95.98089238782524,3,5.586416999421512,63.70180229385655,1,66.88657995103321,High,880,2022,9,3,38.3389,0.7229,-0.5944,1.006,13.219
Tunnel,Seattle,20877714,21599897.82998165,722183.8299816549,277,362.8859687991384,85.88596879913837,1.3863718482758194,1.283308449479572,168.71273372586091,11.634406131126902,86.85689893159802,Snowy,275,49124.31368141094,449.5301899043928,8750,85.34284801606509,0,2.6442004141660767,87.06321282572367,0,24.900514327792088,Low,228,2022,9,3,3.4591,0.9666,31.0058,0.7633,10.8683
Building,Chicago,14177733,14683132.923405478,505399.9234054778,261,327.87101147770767,66.87101147770767,1.626103034163777,2.9649237387774696,55.43147088527808,36.56029267009246,33.511048978398904,Stormy,293,48453.15752769166,636.7690239261816,3161,87.38196581893088,1,2.108989108634181,96.11248506251876,1,38.32738295126165,Medium,481,2022,9,3,3.5647,0.9656,25.6211,0.796,9.3775
